orderNumber,productCode,warehouseCode,quantityOrdered,priceEach,orderDate,requiredDate,shippedDate,daysToShipping
10100,S18_1749,c,30,136.00,2003-01-06,2003-01-13,2003-01-10,4
10100,S18_2248,c,50,55.09,2003-01-06,2003-01-13,2003-01-10,4
10100,S18_4409,c,22,75.46,2003-01-06,2003-01-13,2003-01-10,4
10100,S24_3969,c,49,35.29,2003-01-06,2003-01-13,2003-01-10,4
10101,S18_2325,c,25,108.06,2003-01-09,2003-01-18,2003-01-11,2
10101,S18_2795,c,26,167.06,2003-01-09,2003-01-18,2003-01-11,2
10101,S24_1937,c,45,32.53,2003-01-09,2003-01-18,2003-01-11,2
10101,S24_2022,c,46,44.35,2003-01-09,2003-01-18,2003-01-11,2
10102,S18_1342,c,39,95.55,2003-01-10,2003-01-18,2003-01-14,4
10102,S18_1367,c,41,43.13,2003-01-10,2003-01-18,2003-01-14,4
10103,S10_1949,b,26,214.30,2003-01-29,2003-02-07,2003-02-02,73
10103,S10_4962,b,42,119.67,2003-01-29,2003-02-07,2003-02-02,73
10103,S12_1666,d,27,121.64,2003-01-29,2003-02-07,2003-02-02,73
10103,S18_1097,d,35,94.50,2003-01-29,2003-02-07,2003-02-02,73
10103,S18_2432,d,22,58.34,2003-01-29,2003-02-07,2003-02-02,73
10103,S18_2949,c,27,92.19,2003-01-29,2003-02-07,2003-02-02,73
10103,S18_2957,c,35,61.84,2003-01-29,2003-02-07,2003-02-02,73
10103,S18_3136,c,25,86.92,2003-01-29,2003-02-07,2003-02-02,73
10103,S18_3320,c,46,86.31,2003-01-29,2003-02-07,2003-02-02,73
10103,S18_4600,d,36,98.07,2003-01-29,2003-02-07,2003-02-02,73
10103,S18_4668,c,41,40.75,2003-01-29,2003-02-07,2003-02-02,73
10103,S24_2300,d,36,107.34,2003-01-29,2003-02-07,2003-02-02,73
10103,S24_4258,c,25,88.62,2003-01-29,2003-02-07,2003-02-02,73
10103,S32_1268,d,31,92.46,2003-01-29,2003-02-07,2003-02-02,73
10103,S32_3522,d,45,63.35,2003-01-29,2003-02-07,2003-02-02,73
10103,S700_2824,b,42,94.07,2003-01-29,2003-02-07,2003-02-02,73
10104,S12_3148,b,34,131.44,2003-01-31,2003-02-09,2003-02-01,70
10104,S12_4473,d,41,111.39,2003-01-31,2003-02-09,2003-02-01,70
10104,S18_2238,b,24,135.90,2003-01-31,2003-02-09,2003-02-01,70
10104,S18_2319,d,29,122.73,2003-01-31,2003-02-09,2003-02-01,70
10104,S18_3232,b,23,165.95,2003-01-31,2003-02-09,2003-02-01,70
10104,S18_4027,b,38,119.20,2003-01-31,2003-02-09,2003-02-01,70
10104,S24_1444,b,35,52.02,2003-01-31,2003-02-09,2003-02-01,70
10104,S24_2840,b,44,30.41,2003-01-31,2003-02-09,2003-02-01,70
10104,S24_4048,b,26,106.45,2003-01-31,2003-02-09,2003-02-01,70
10104,S32_2509,d,35,51.95,2003-01-31,2003-02-09,2003-02-01,70
10104,S32_3207,d,49,56.55,2003-01-31,2003-02-09,2003-02-01,70
10104,S50_1392,d,33,114.59,2003-01-31,2003-02-09,2003-02-01,70
10104,S50_1514,d,32,53.31,2003-01-31,2003-02-09,2003-02-01,70
10105,S10_4757,b,50,127.84,2003-02-11,2003-02-21,2003-02-12,1
10105,S12_1108,b,41,205.72,2003-02-11,2003-02-21,2003-02-12,1
10105,S12_3891,b,29,141.88,2003-02-11,2003-02-21,2003-02-12,1
10105,S18_3140,c,22,136.59,2003-02-11,2003-02-21,2003-02-12,1
10105,S18_3259,d,38,87.73,2003-02-11,2003-02-21,2003-02-12,1
10105,S18_4522,c,41,75.48,2003-02-11,2003-02-21,2003-02-12,1
10105,S24_2011,d,43,117.97,2003-02-11,2003-02-21,2003-02-12,1
10105,S24_3151,c,44,73.46,2003-02-11,2003-02-21,2003-02-12,1
10105,S24_3816,c,50,75.47,2003-02-11,2003-02-21,2003-02-12,1
10105,S700_1138,d,41,54.00,2003-02-11,2003-02-21,2003-02-12,1
10105,S700_1938,d,29,86.61,2003-02-11,2003-02-21,2003-02-12,1
10105,S700_2610,d,31,60.72,2003-02-11,2003-02-21,2003-02-12,1
10105,S700_3505,d,39,92.16,2003-02-11,2003-02-21,2003-02-12,1
10105,S700_3962,d,22,99.31,2003-02-11,2003-02-21,2003-02-12,1
10105,S72_3212,d,25,44.77,2003-02-11,2003-02-21,2003-02-12,1
10106,S18_1662,a,36,134.04,2003-02-17,2003-02-24,2003-02-21,4
10106,S18_2581,a,34,81.10,2003-02-17,2003-02-24,2003-02-21,4
10106,S18_3029,d,41,80.86,2003-02-17,2003-02-24,2003-02-21,4
10106,S18_3856,c,41,94.22,2003-02-17,2003-02-24,2003-02-21,4
10106,S24_1785,a,28,107.23,2003-02-17,2003-02-24,2003-02-21,4
10106,S24_2841,a,49,65.77,2003-02-17,2003-02-24,2003-02-21,4
10106,S24_3420,c,31,55.89,2003-02-17,2003-02-24,2003-02-21,4
10106,S24_3949,a,50,55.96,2003-02-17,2003-02-24,2003-02-21,4
10106,S24_4278,a,26,71.00,2003-02-17,2003-02-24,2003-02-21,4
10106,S32_4289,c,33,65.35,2003-02-17,2003-02-24,2003-02-21,4
10106,S50_1341,c,39,35.78,2003-02-17,2003-02-24,2003-02-21,4
10106,S700_1691,a,31,91.34,2003-02-17,2003-02-24,2003-02-21,4
10106,S700_2047,d,30,85.09,2003-02-17,2003-02-24,2003-02-21,4
10106,S700_2466,a,34,99.72,2003-02-17,2003-02-24,2003-02-21,4
10106,S700_2834,a,32,113.90,2003-02-17,2003-02-24,2003-02-21,4
10106,S700_3167,a,44,76.00,2003-02-17,2003-02-24,2003-02-21,4
10106,S700_4002,a,48,70.33,2003-02-17,2003-02-24,2003-02-21,4
10106,S72_1253,a,48,43.70,2003-02-17,2003-02-24,2003-02-21,4
10107,S10_1678,a,30,81.35,2003-02-24,2003-03-03,2003-02-26,2
10107,S10_2016,a,39,105.86,2003-02-24,2003-03-03,2003-02-26,2
10107,S10_4698,a,27,172.36,2003-02-24,2003-03-03,2003-02-26,2
10107,S12_2823,a,21,122.00,2003-02-24,2003-03-03,2003-02-26,2
10107,S18_2625,a,29,52.70,2003-02-24,2003-03-03,2003-02-26,2
10107,S24_1578,a,25,96.92,2003-02-24,2003-03-03,2003-02-26,2
10107,S24_2000,a,38,73.12,2003-02-24,2003-03-03,2003-02-26,2
10107,S32_1374,a,20,88.90,2003-02-24,2003-03-03,2003-02-26,2
10108,S12_1099,b,33,165.38,2003-03-03,2003-03-12,2003-03-08,5
10108,S12_3380,b,45,96.30,2003-03-03,2003-03-12,2003-03-08,5
10108,S12_3990,b,39,75.81,2003-03-03,2003-03-12,2003-03-08,5
10108,S12_4675,b,36,107.10,2003-03-03,2003-03-12,2003-03-08,5
10108,S18_1889,b,38,67.76,2003-03-03,2003-03-12,2003-03-08,5
10108,S18_3278,b,26,73.17,2003-03-03,2003-03-12,2003-03-08,5
10108,S18_3482,b,29,132.29,2003-03-03,2003-03-12,2003-03-08,5
10108,S18_3782,a,43,52.84,2003-03-03,2003-03-12,2003-03-08,5
10108,S18_4721,b,44,139.87,2003-03-03,2003-03-12,2003-03-08,5
10108,S24_2360,a,35,64.41,2003-03-03,2003-03-12,2003-03-08,5
10108,S24_3371,b,30,60.01,2003-03-03,2003-03-12,2003-03-08,5
10108,S24_3856,b,40,132.00,2003-03-03,2003-03-12,2003-03-08,5
10108,S24_4620,b,31,67.10,2003-03-03,2003-03-12,2003-03-08,5
10108,S32_2206,a,27,36.21,2003-03-03,2003-03-12,2003-03-08,5
10108,S32_4485,a,31,87.76,2003-03-03,2003-03-12,2003-03-08,5
10108,S50_4713,a,34,74.85,2003-03-03,2003-03-12,2003-03-08,5
10109,S18_1129,b,26,117.48,2003-03-10,2003-03-19,2003-03-11,1
10109,S18_1984,b,38,137.98,2003-03-10,2003-03-19,2003-03-11,1
10109,S18_2870,b,26,126.72,2003-03-10,2003-03-19,2003-03-11,1
10109,S18_3232,b,46,160.87,2003-03-10,2003-03-19,2003-03-11,1
10109,S18_3685,b,47,125.74,2003-03-10,2003-03-19,2003-03-11,1
10109,S24_2972,b,29,32.10,2003-03-10,2003-03-19,2003-03-11,1
10110,S18_1589,b,37,118.22,2003-03-18,2003-03-24,2003-03-20,2
10110,S18_1749,c,42,153.00,2003-03-18,2003-03-24,2003-03-20,2
10110,S18_2248,c,32,51.46,2003-03-18,2003-03-24,2003-03-20,2
10110,S18_2325,c,33,115.69,2003-03-18,2003-03-24,2003-03-20,2
10110,S18_2795,c,31,163.69,2003-03-18,2003-03-24,2003-03-20,2
10110,S18_4409,c,28,81.91,2003-03-18,2003-03-24,2003-03-20,2
10110,S18_4933,b,42,62.00,2003-03-18,2003-03-24,2003-03-20,2
10110,S24_1046,b,36,72.02,2003-03-18,2003-03-24,2003-03-20,2
10110,S24_1628,b,29,43.27,2003-03-18,2003-03-24,2003-03-20,2
10110,S24_1937,c,20,28.88,2003-03-18,2003-03-24,2003-03-20,2
10110,S24_2022,c,39,40.77,2003-03-18,2003-03-24,2003-03-20,2
10110,S24_2766,b,43,82.69,2003-03-18,2003-03-24,2003-03-20,2
10110,S24_2887,b,46,112.74,2003-03-18,2003-03-24,2003-03-20,2
10110,S24_3191,b,27,80.47,2003-03-18,2003-03-24,2003-03-20,2
10110,S24_3432,b,37,96.37,2003-03-18,2003-03-24,2003-03-20,2
10110,S24_3969,c,48,35.29,2003-03-18,2003-03-24,2003-03-20,2
10111,S18_1342,c,33,87.33,2003-03-25,2003-03-31,2003-03-30,5
10111,S18_1367,c,48,48.52,2003-03-25,2003-03-31,2003-03-30,5
10111,S18_2957,c,28,53.09,2003-03-25,2003-03-31,2003-03-30,5
10111,S18_3136,c,43,94.25,2003-03-25,2003-03-31,2003-03-30,5
10111,S18_3320,c,39,91.27,2003-03-25,2003-03-31,2003-03-30,5
10111,S24_4258,c,26,85.70,2003-03-25,2003-03-31,2003-03-30,5
10112,S10_1949,b,29,197.16,2003-03-24,2003-04-03,2003-03-29,5
10112,S18_2949,c,23,85.10,2003-03-24,2003-04-03,2003-03-29,5
10113,S12_1666,d,21,121.64,2003-03-26,2003-04-02,2003-03-27,1
10113,S18_1097,d,49,101.50,2003-03-26,2003-04-02,2003-03-27,1
10113,S18_4668,c,50,43.27,2003-03-26,2003-04-02,2003-03-27,1
10113,S32_3522,d,23,58.82,2003-03-26,2003-04-02,2003-03-27,1
10114,S10_4962,b,31,128.53,2003-04-01,2003-04-07,2003-04-02,1
10114,S18_2319,d,39,106.78,2003-04-01,2003-04-07,2003-04-02,1
10114,S18_2432,d,45,53.48,2003-04-01,2003-04-07,2003-04-02,1
10114,S18_3232,b,48,169.34,2003-04-01,2003-04-07,2003-04-02,1
10114,S18_4600,d,41,105.34,2003-04-01,2003-04-07,2003-04-02,1
10114,S24_2300,d,21,102.23,2003-04-01,2003-04-07,2003-04-02,1
10114,S24_2840,b,24,28.64,2003-04-01,2003-04-07,2003-04-02,1
10114,S32_1268,d,32,88.61,2003-04-01,2003-04-07,2003-04-02,1
10114,S32_2509,d,28,43.83,2003-04-01,2003-04-07,2003-04-02,1
10114,S700_2824,b,42,82.94,2003-04-01,2003-04-07,2003-04-02,1
10115,S12_4473,d,46,111.39,2003-04-04,2003-04-12,2003-04-07,3
10115,S18_2238,b,46,140.81,2003-04-04,2003-04-12,2003-04-07,3
10115,S24_1444,b,47,56.64,2003-04-04,2003-04-12,2003-04-07,3
10115,S24_4048,b,44,106.45,2003-04-04,2003-04-12,2003-04-07,3
10115,S50_1392,d,27,100.70,2003-04-04,2003-04-12,2003-04-07,3
10116,S32_3207,d,27,60.28,2003-04-11,2003-04-19,2003-04-13,2
10117,S12_1108,b,33,195.33,2003-04-16,2003-04-24,2003-04-17,1
10117,S12_3148,b,43,148.06,2003-04-16,2003-04-24,2003-04-17,1
10117,S12_3891,b,39,173.02,2003-04-16,2003-04-24,2003-04-17,1
10117,S18_3140,c,26,121.57,2003-04-16,2003-04-24,2003-04-17,1
10117,S18_3259,d,21,81.68,2003-04-16,2003-04-24,2003-04-17,1
10117,S18_4027,b,22,122.08,2003-04-16,2003-04-24,2003-04-17,1
10117,S18_4522,c,23,73.73,2003-04-16,2003-04-24,2003-04-17,1
10117,S24_2011,d,41,119.20,2003-04-16,2003-04-24,2003-04-17,1
10117,S50_1514,d,21,55.65,2003-04-16,2003-04-24,2003-04-17,1
10117,S700_1938,d,38,75.35,2003-04-16,2003-04-24,2003-04-17,1
10117,S700_3962,d,45,89.38,2003-04-16,2003-04-24,2003-04-17,1
10117,S72_3212,d,50,52.42,2003-04-16,2003-04-24,2003-04-17,1
10118,S700_3505,d,36,86.15,2003-04-21,2003-04-29,2003-04-26,5
10119,S10_4757,b,46,112.88,2003-04-28,2003-05-05,2003-05-02,74
10119,S18_1662,a,43,151.38,2003-04-28,2003-05-05,2003-05-02,74
10119,S18_3029,d,21,74.84,2003-04-28,2003-05-05,2003-05-02,74
10119,S18_3856,c,27,95.28,2003-04-28,2003-05-05,2003-05-02,74
10119,S24_2841,a,41,64.40,2003-04-28,2003-05-05,2003-05-02,74
10119,S24_3151,c,35,72.58,2003-04-28,2003-05-05,2003-05-02,74
10119,S24_3420,c,20,63.12,2003-04-28,2003-05-05,2003-05-02,74
10119,S24_3816,c,35,82.18,2003-04-28,2003-05-05,2003-05-02,74
10119,S24_3949,a,28,62.10,2003-04-28,2003-05-05,2003-05-02,74
10119,S700_1138,d,25,57.34,2003-04-28,2003-05-05,2003-05-02,74
10119,S700_2047,d,29,74.23,2003-04-28,2003-05-05,2003-05-02,74
10119,S700_2610,d,38,67.22,2003-04-28,2003-05-05,2003-05-02,74
10119,S700_4002,a,26,63.67,2003-04-28,2003-05-05,2003-05-02,74
10119,S72_1253,a,28,40.22,2003-04-28,2003-05-05,2003-05-02,74
10120,S10_2016,a,29,118.94,2003-04-29,2003-05-08,2003-05-01,72
10120,S10_4698,a,46,158.80,2003-04-29,2003-05-08,2003-05-01,72
10120,S18_2581,a,29,82.79,2003-04-29,2003-05-08,2003-05-01,72
10120,S18_2625,a,46,57.54,2003-04-29,2003-05-08,2003-05-01,72
10120,S24_1578,a,35,110.45,2003-04-29,2003-05-08,2003-05-01,72
10120,S24_1785,a,39,93.01,2003-04-29,2003-05-08,2003-05-01,72
10120,S24_2000,a,34,72.36,2003-04-29,2003-05-08,2003-05-01,72
10120,S24_4278,a,29,71.73,2003-04-29,2003-05-08,2003-05-01,72
10120,S32_1374,a,22,94.90,2003-04-29,2003-05-08,2003-05-01,72
10120,S32_4289,c,29,68.79,2003-04-29,2003-05-08,2003-05-01,72
10120,S50_1341,c,49,41.46,2003-04-29,2003-05-08,2003-05-01,72
10120,S700_1691,a,47,91.34,2003-04-29,2003-05-08,2003-05-01,72
10120,S700_2466,a,24,81.77,2003-04-29,2003-05-08,2003-05-01,72
10120,S700_2834,a,24,106.79,2003-04-29,2003-05-08,2003-05-01,72
10120,S700_3167,a,43,72.00,2003-04-29,2003-05-08,2003-05-01,72
10121,S10_1678,a,34,86.13,2003-05-07,2003-05-13,2003-05-13,6
10121,S12_2823,a,50,126.52,2003-05-07,2003-05-13,2003-05-13,6
10121,S24_2360,a,32,58.18,2003-05-07,2003-05-13,2003-05-13,6
10121,S32_4485,a,25,95.93,2003-05-07,2003-05-13,2003-05-13,6
10121,S50_4713,a,44,72.41,2003-05-07,2003-05-13,2003-05-13,6
10122,S12_1099,b,42,155.66,2003-05-08,2003-05-16,2003-05-13,5
10122,S12_3380,b,37,113.92,2003-05-08,2003-05-16,2003-05-13,5
10122,S12_3990,b,32,65.44,2003-05-08,2003-05-16,2003-05-13,5
10122,S12_4675,b,20,104.80,2003-05-08,2003-05-16,2003-05-13,5
10122,S18_1129,b,34,114.65,2003-05-08,2003-05-16,2003-05-13,5
10122,S18_1889,b,43,62.37,2003-05-08,2003-05-16,2003-05-13,5
10122,S18_1984,b,31,113.80,2003-05-08,2003-05-16,2003-05-13,5
10122,S18_3232,b,25,137.17,2003-05-08,2003-05-16,2003-05-13,5
10122,S18_3278,b,21,69.15,2003-05-08,2003-05-16,2003-05-13,5
10122,S18_3482,b,21,133.76,2003-05-08,2003-05-16,2003-05-13,5
10122,S18_3782,a,35,59.06,2003-05-08,2003-05-16,2003-05-13,5
10122,S18_4721,b,28,145.82,2003-05-08,2003-05-16,2003-05-13,5
10122,S24_2972,b,39,34.74,2003-05-08,2003-05-16,2003-05-13,5
10122,S24_3371,b,34,50.82,2003-05-08,2003-05-16,2003-05-13,5
10122,S24_3856,b,43,136.22,2003-05-08,2003-05-16,2003-05-13,5
10122,S24_4620,b,29,67.10,2003-05-08,2003-05-16,2003-05-13,5
10122,S32_2206,a,31,33.79,2003-05-08,2003-05-16,2003-05-13,5
10123,S18_1589,b,26,120.71,2003-05-20,2003-05-29,2003-05-22,2
10123,S18_2870,b,46,114.84,2003-05-20,2003-05-29,2003-05-22,2
10123,S18_3685,b,34,117.26,2003-05-20,2003-05-29,2003-05-22,2
10123,S24_1628,b,50,43.27,2003-05-20,2003-05-29,2003-05-22,2
10124,S18_1749,c,21,153.00,2003-05-21,2003-05-29,2003-05-25,4
10124,S18_2248,c,42,58.12,2003-05-21,2003-05-29,2003-05-25,4
10124,S18_2325,c,42,111.87,2003-05-21,2003-05-29,2003-05-25,4
10124,S18_4409,c,36,75.46,2003-05-21,2003-05-29,2003-05-25,4
10124,S18_4933,b,23,66.28,2003-05-21,2003-05-29,2003-05-25,4
10124,S24_1046,b,22,62.47,2003-05-21,2003-05-29,2003-05-25,4
10124,S24_1937,c,45,30.53,2003-05-21,2003-05-29,2003-05-25,4
10124,S24_2022,c,22,36.29,2003-05-21,2003-05-29,2003-05-25,4
10124,S24_2766,b,32,74.51,2003-05-21,2003-05-29,2003-05-25,4
10124,S24_2887,b,25,93.95,2003-05-21,2003-05-29,2003-05-25,4
10124,S24_3191,b,49,76.19,2003-05-21,2003-05-29,2003-05-25,4
10124,S24_3432,b,43,101.73,2003-05-21,2003-05-29,2003-05-25,4
10124,S24_3969,c,46,36.11,2003-05-21,2003-05-29,2003-05-25,4
10125,S18_1342,c,32,89.38,2003-05-21,2003-05-27,2003-05-24,3
10125,S18_2795,c,34,138.38,2003-05-21,2003-05-27,2003-05-24,3
10126,S10_1949,b,38,205.73,2003-05-28,2003-06-07,2003-06-02,74
10126,S10_4962,b,22,122.62,2003-05-28,2003-06-07,2003-06-02,74
10126,S12_1666,d,21,135.30,2003-05-28,2003-06-07,2003-06-02,74
10126,S18_1097,d,38,116.67,2003-05-28,2003-06-07,2003-06-02,74
10126,S18_1367,c,42,51.21,2003-05-28,2003-06-07,2003-06-02,74
10126,S18_2432,d,43,51.05,2003-05-28,2003-06-07,2003-06-02,74
10126,S18_2949,c,31,93.21,2003-05-28,2003-06-07,2003-06-02,74
10126,S18_2957,c,46,61.84,2003-05-28,2003-06-07,2003-06-02,74
10126,S18_3136,c,30,93.20,2003-05-28,2003-06-07,2003-06-02,74
10126,S18_3320,c,38,94.25,2003-05-28,2003-06-07,2003-06-02,74
10126,S18_4600,d,50,102.92,2003-05-28,2003-06-07,2003-06-02,74
10126,S18_4668,c,43,47.29,2003-05-28,2003-06-07,2003-06-02,74
10126,S24_2300,d,27,122.68,2003-05-28,2003-06-07,2003-06-02,74
10126,S24_4258,c,34,83.76,2003-05-28,2003-06-07,2003-06-02,74
10126,S32_1268,d,43,82.83,2003-05-28,2003-06-07,2003-06-02,74
10126,S32_3522,d,26,62.05,2003-05-28,2003-06-07,2003-06-02,74
10126,S700_2824,b,45,97.10,2003-05-28,2003-06-07,2003-06-02,74
10127,S12_1108,b,46,193.25,2003-06-03,2003-06-09,2003-06-06,3
10127,S12_3148,b,46,140.50,2003-06-03,2003-06-09,2003-06-06,3
10127,S12_3891,b,42,169.56,2003-06-03,2003-06-09,2003-06-06,3
10127,S12_4473,d,24,100.73,2003-06-03,2003-06-09,2003-06-06,3
10127,S18_2238,b,45,140.81,2003-06-03,2003-06-09,2003-06-06,3
10127,S18_2319,d,45,114.14,2003-06-03,2003-06-09,2003-06-06,3
10127,S18_3232,b,22,149.02,2003-06-03,2003-06-09,2003-06-06,3
10127,S18_4027,b,25,126.39,2003-06-03,2003-06-09,2003-06-06,3
10127,S24_1444,b,20,50.86,2003-06-03,2003-06-09,2003-06-06,3
10127,S24_2840,b,39,34.30,2003-06-03,2003-06-09,2003-06-06,3
10127,S24_4048,b,20,107.63,2003-06-03,2003-06-09,2003-06-06,3
10127,S32_2509,d,45,46.53,2003-06-03,2003-06-09,2003-06-06,3
10127,S32_3207,d,29,60.90,2003-06-03,2003-06-09,2003-06-06,3
10127,S50_1392,d,46,111.12,2003-06-03,2003-06-09,2003-06-06,3
10127,S50_1514,d,46,55.65,2003-06-03,2003-06-09,2003-06-06,3
10128,S18_3140,c,41,120.20,2003-06-06,2003-06-12,2003-06-11,5
10128,S18_3259,d,41,80.67,2003-06-06,2003-06-12,2003-06-11,5
10128,S18_4522,c,43,77.24,2003-06-06,2003-06-12,2003-06-11,5
10128,S700_1938,d,32,72.75,2003-06-06,2003-06-12,2003-06-11,5
10129,S10_4757,b,33,123.76,2003-06-12,2003-06-18,2003-06-14,2
10129,S24_2011,d,45,113.06,2003-06-12,2003-06-18,2003-06-14,2
10129,S24_3151,c,41,81.43,2003-06-12,2003-06-18,2003-06-14,2
10129,S24_3816,c,50,76.31,2003-06-12,2003-06-18,2003-06-14,2
10129,S700_1138,d,31,58.67,2003-06-12,2003-06-18,2003-06-14,2
10129,S700_2610,d,45,72.28,2003-06-12,2003-06-18,2003-06-14,2
10129,S700_3505,d,42,90.15,2003-06-12,2003-06-18,2003-06-14,2
10129,S700_3962,d,30,94.34,2003-06-12,2003-06-18,2003-06-14,2
10129,S72_3212,d,32,44.23,2003-06-12,2003-06-18,2003-06-14,2
10130,S18_3029,d,40,68.82,2003-06-16,2003-06-24,2003-06-21,5
10130,S18_3856,c,33,99.52,2003-06-16,2003-06-24,2003-06-21,5
10131,S18_1662,a,21,141.92,2003-06-16,2003-06-25,2003-06-21,5
10131,S24_2841,a,35,60.97,2003-06-16,2003-06-25,2003-06-21,5
10131,S24_3420,c,29,52.60,2003-06-16,2003-06-25,2003-06-21,5
10131,S24_3949,a,50,54.59,2003-06-16,2003-06-25,2003-06-21,5
10131,S700_2047,d,22,76.94,2003-06-16,2003-06-25,2003-06-21,5
10131,S700_2466,a,40,86.76,2003-06-16,2003-06-25,2003-06-21,5
10131,S700_4002,a,26,63.67,2003-06-16,2003-06-25,2003-06-21,5
10131,S72_1253,a,21,40.22,2003-06-16,2003-06-25,2003-06-21,5
10132,S700_3167,a,36,80.00,2003-06-25,2003-07-01,2003-06-28,3
10133,S18_2581,a,49,80.26,2003-06-27,2003-07-04,2003-07-03,76
10133,S24_1785,a,41,109.42,2003-06-27,2003-07-04,2003-07-03,76
10133,S24_4278,a,46,61.58,2003-06-27,2003-07-04,2003-07-03,76
10133,S32_1374,a,23,80.91,2003-06-27,2003-07-04,2003-07-03,76
10133,S32_4289,c,49,67.41,2003-06-27,2003-07-04,2003-07-03,76
10133,S50_1341,c,27,37.09,2003-06-27,2003-07-04,2003-07-03,76
10133,S700_1691,a,24,76.73,2003-06-27,2003-07-04,2003-07-03,76
10133,S700_2834,a,27,115.09,2003-06-27,2003-07-04,2003-07-03,76
10134,S10_1678,a,41,90.92,2003-07-01,2003-07-10,2003-07-05,4
10134,S10_2016,a,27,116.56,2003-07-01,2003-07-10,2003-07-05,4
10134,S10_4698,a,31,187.85,2003-07-01,2003-07-10,2003-07-05,4
10134,S12_2823,a,20,131.04,2003-07-01,2003-07-10,2003-07-05,4
10134,S18_2625,a,30,51.48,2003-07-01,2003-07-10,2003-07-05,4
10134,S24_1578,a,35,94.67,2003-07-01,2003-07-10,2003-07-05,4
10134,S24_2000,a,43,75.41,2003-07-01,2003-07-10,2003-07-05,4
10135,S12_1099,b,42,173.17,2003-07-02,2003-07-12,2003-07-03,1
10135,S12_3380,b,48,110.39,2003-07-02,2003-07-12,2003-07-03,1
10135,S12_3990,b,24,72.62,2003-07-02,2003-07-12,2003-07-03,1
10135,S12_4675,b,29,103.64,2003-07-02,2003-07-12,2003-07-03,1
10135,S18_1889,b,48,66.99,2003-07-02,2003-07-12,2003-07-03,1
10135,S18_3278,b,45,65.94,2003-07-02,2003-07-12,2003-07-03,1
10135,S18_3482,b,42,139.64,2003-07-02,2003-07-12,2003-07-03,1
10135,S18_3782,a,45,49.74,2003-07-02,2003-07-12,2003-07-03,1
10135,S18_4721,b,31,133.92,2003-07-02,2003-07-12,2003-07-03,1
10135,S24_2360,a,29,67.18,2003-07-02,2003-07-12,2003-07-03,1
10135,S24_2972,b,20,34.36,2003-07-02,2003-07-12,2003-07-03,1
10135,S24_3371,b,27,52.05,2003-07-02,2003-07-12,2003-07-03,1
10135,S24_3856,b,47,139.03,2003-07-02,2003-07-12,2003-07-03,1
10135,S24_4620,b,23,76.80,2003-07-02,2003-07-12,2003-07-03,1
10135,S32_2206,a,33,38.62,2003-07-02,2003-07-12,2003-07-03,1
10135,S32_4485,a,30,91.85,2003-07-02,2003-07-12,2003-07-03,1
10135,S50_4713,a,44,78.92,2003-07-02,2003-07-12,2003-07-03,1
10136,S18_1129,b,25,117.48,2003-07-04,2003-07-14,2003-07-06,2
10136,S18_1984,b,36,120.91,2003-07-04,2003-07-14,2003-07-06,2
10136,S18_3232,b,41,169.34,2003-07-04,2003-07-14,2003-07-06,2
10137,S18_1589,b,44,115.73,2003-07-10,2003-07-20,2003-07-14,4
10137,S18_2870,b,37,110.88,2003-07-10,2003-07-20,2003-07-14,4
10137,S18_3685,b,31,118.68,2003-07-10,2003-07-20,2003-07-14,4
10137,S24_1628,b,26,40.25,2003-07-10,2003-07-20,2003-07-14,4
10138,S18_1749,c,33,149.60,2003-07-07,2003-07-16,2003-07-13,6
10138,S18_2248,c,22,51.46,2003-07-07,2003-07-16,2003-07-13,6
10138,S18_2325,c,38,114.42,2003-07-07,2003-07-16,2003-07-13,6
10138,S18_4409,c,47,79.15,2003-07-07,2003-07-16,2003-07-13,6
10138,S18_4933,b,23,64.86,2003-07-07,2003-07-16,2003-07-13,6
10138,S24_1046,b,45,59.53,2003-07-07,2003-07-16,2003-07-13,6
10138,S24_1937,c,22,33.19,2003-07-07,2003-07-16,2003-07-13,6
10138,S24_2022,c,33,38.53,2003-07-07,2003-07-16,2003-07-13,6
10138,S24_2766,b,28,73.60,2003-07-07,2003-07-16,2003-07-13,6
10138,S24_2887,b,30,96.30,2003-07-07,2003-07-16,2003-07-13,6
10138,S24_3191,b,49,77.05,2003-07-07,2003-07-16,2003-07-13,6
10138,S24_3432,b,21,99.58,2003-07-07,2003-07-16,2003-07-13,6
10138,S24_3969,c,29,32.82,2003-07-07,2003-07-16,2003-07-13,6
10139,S18_1342,c,31,89.38,2003-07-16,2003-07-23,2003-07-21,5
10139,S18_1367,c,49,52.83,2003-07-16,2003-07-23,2003-07-21,5
10139,S18_2795,c,41,151.88,2003-07-16,2003-07-23,2003-07-21,5
10139,S18_2949,c,46,91.18,2003-07-16,2003-07-23,2003-07-21,5
10139,S18_2957,c,20,52.47,2003-07-16,2003-07-23,2003-07-21,5
10139,S18_3136,c,20,101.58,2003-07-16,2003-07-23,2003-07-21,5
10139,S18_3320,c,30,81.35,2003-07-16,2003-07-23,2003-07-21,5
10139,S24_4258,c,29,93.49,2003-07-16,2003-07-23,2003-07-21,5
10140,S10_1949,b,37,186.44,2003-07-24,2003-08-02,2003-07-30,6
10140,S10_4962,b,26,131.49,2003-07-24,2003-08-02,2003-07-30,6
10140,S12_1666,d,38,118.90,2003-07-24,2003-08-02,2003-07-30,6
10140,S18_1097,d,32,95.67,2003-07-24,2003-08-02,2003-07-30,6
10140,S18_2432,d,46,51.05,2003-07-24,2003-08-02,2003-07-30,6
10140,S18_4600,d,40,100.50,2003-07-24,2003-08-02,2003-07-30,6
10140,S18_4668,c,29,40.25,2003-07-24,2003-08-02,2003-07-30,6
10140,S24_2300,d,47,118.84,2003-07-24,2003-08-02,2003-07-30,6
10140,S32_1268,d,26,87.64,2003-07-24,2003-08-02,2003-07-30,6
10140,S32_3522,d,28,62.05,2003-07-24,2003-08-02,2003-07-30,6
10140,S700_2824,b,36,101.15,2003-07-24,2003-08-02,2003-07-30,6
10141,S12_4473,d,21,114.95,2003-08-01,2003-08-09,2003-08-04,3
10141,S18_2238,b,39,160.46,2003-08-01,2003-08-09,2003-08-04,3
10141,S18_2319,d,47,103.09,2003-08-01,2003-08-09,2003-08-04,3
10141,S18_3232,b,34,143.94,2003-08-01,2003-08-09,2003-08-04,3
10141,S24_1444,b,20,50.86,2003-08-01,2003-08-09,2003-08-04,3
10141,S24_2840,b,21,32.18,2003-08-01,2003-08-09,2003-08-04,3
10141,S24_4048,b,40,104.09,2003-08-01,2003-08-09,2003-08-04,3
10141,S32_2509,d,24,53.03,2003-08-01,2003-08-09,2003-08-04,3
10141,S50_1392,d,44,94.92,2003-08-01,2003-08-09,2003-08-04,3
10142,S12_1108,b,33,166.24,2003-08-08,2003-08-16,2003-08-13,5
10142,S12_3148,b,33,140.50,2003-08-08,2003-08-16,2003-08-13,5
10142,S12_3891,b,46,167.83,2003-08-08,2003-08-16,2003-08-13,5
10142,S18_3140,c,47,129.76,2003-08-08,2003-08-16,2003-08-13,5
10142,S18_3259,d,22,95.80,2003-08-08,2003-08-16,2003-08-13,5
10142,S18_4027,b,24,122.08,2003-08-08,2003-08-16,2003-08-13,5
10142,S18_4522,c,24,79.87,2003-08-08,2003-08-16,2003-08-13,5
10142,S24_2011,d,33,114.29,2003-08-08,2003-08-16,2003-08-13,5
10142,S24_3151,c,49,74.35,2003-08-08,2003-08-16,2003-08-13,5
10142,S32_3207,d,42,60.90,2003-08-08,2003-08-16,2003-08-13,5
10142,S50_1514,d,42,56.24,2003-08-08,2003-08-16,2003-08-13,5
10142,S700_1138,d,41,55.34,2003-08-08,2003-08-16,2003-08-13,5
10142,S700_1938,d,43,77.08,2003-08-08,2003-08-16,2003-08-13,5
10142,S700_3505,d,21,92.16,2003-08-08,2003-08-16,2003-08-13,5
10142,S700_3962,d,38,91.37,2003-08-08,2003-08-16,2003-08-13,5
10142,S72_3212,d,39,46.96,2003-08-08,2003-08-16,2003-08-13,5
10143,S10_4757,b,49,133.28,2003-08-10,2003-08-18,2003-08-12,2
10143,S18_1662,a,32,126.15,2003-08-10,2003-08-18,2003-08-12,2
10143,S18_3029,d,46,70.54,2003-08-10,2003-08-18,2003-08-12,2
10143,S18_3856,c,34,99.52,2003-08-10,2003-08-18,2003-08-12,2
10143,S24_2841,a,27,63.71,2003-08-10,2003-08-18,2003-08-12,2
10143,S24_3420,c,33,59.83,2003-08-10,2003-08-18,2003-08-12,2
10143,S24_3816,c,23,74.64,2003-08-10,2003-08-18,2003-08-12,2
10143,S24_3949,a,28,55.96,2003-08-10,2003-08-18,2003-08-12,2
10143,S50_1341,c,34,34.91,2003-08-10,2003-08-18,2003-08-12,2
10143,S700_1691,a,36,86.77,2003-08-10,2003-08-18,2003-08-12,2
10143,S700_2047,d,26,87.80,2003-08-10,2003-08-18,2003-08-12,2
10143,S700_2466,a,26,79.78,2003-08-10,2003-08-18,2003-08-12,2
10143,S700_2610,d,31,69.39,2003-08-10,2003-08-18,2003-08-12,2
10143,S700_3167,a,28,70.40,2003-08-10,2003-08-18,2003-08-12,2
10143,S700_4002,a,34,65.15,2003-08-10,2003-08-18,2003-08-12,2
10143,S72_1253,a,37,49.66,2003-08-10,2003-08-18,2003-08-12,2
10144,S32_4289,c,20,56.41,2003-08-13,2003-08-21,2003-08-14,1
10145,S10_1678,a,45,76.56,2003-08-25,2003-09-02,2003-08-31,6
10145,S10_2016,a,37,104.67,2003-08-25,2003-09-02,2003-08-31,6
10145,S10_4698,a,33,154.93,2003-08-25,2003-09-02,2003-08-31,6
10145,S12_2823,a,49,146.10,2003-08-25,2003-09-02,2003-08-31,6
10145,S18_2581,a,30,71.81,2003-08-25,2003-09-02,2003-08-31,6
10145,S18_2625,a,30,52.70,2003-08-25,2003-09-02,2003-08-31,6
10145,S24_1578,a,43,103.68,2003-08-25,2003-09-02,2003-08-31,6
10145,S24_1785,a,40,87.54,2003-08-25,2003-09-02,2003-08-31,6
10145,S24_2000,a,47,63.98,2003-08-25,2003-09-02,2003-08-31,6
10145,S24_2360,a,27,56.10,2003-08-25,2003-09-02,2003-08-31,6
10145,S24_4278,a,33,71.73,2003-08-25,2003-09-02,2003-08-31,6
10145,S32_1374,a,33,99.89,2003-08-25,2003-09-02,2003-08-31,6
10145,S32_2206,a,31,39.43,2003-08-25,2003-09-02,2003-08-31,6
10145,S32_4485,a,27,95.93,2003-08-25,2003-09-02,2003-08-31,6
10145,S50_4713,a,38,73.22,2003-08-25,2003-09-02,2003-08-31,6
10145,S700_2834,a,20,113.90,2003-08-25,2003-09-02,2003-08-31,6
10146,S18_3782,a,47,60.30,2003-09-03,2003-09-13,2003-09-06,3
10146,S18_4721,b,29,130.94,2003-09-03,2003-09-13,2003-09-06,3
10147,S12_1099,b,48,161.49,2003-09-05,2003-09-12,2003-09-09,4
10147,S12_3380,b,31,110.39,2003-09-05,2003-09-12,2003-09-09,4
10147,S12_3990,b,21,74.21,2003-09-05,2003-09-12,2003-09-09,4
10147,S12_4675,b,33,97.89,2003-09-05,2003-09-12,2003-09-09,4
10147,S18_1889,b,26,70.84,2003-09-05,2003-09-12,2003-09-09,4
10147,S18_3278,b,36,74.78,2003-09-05,2003-09-12,2003-09-09,4
10147,S18_3482,b,37,129.35,2003-09-05,2003-09-12,2003-09-09,4
10147,S24_2972,b,25,33.23,2003-09-05,2003-09-12,2003-09-09,4
10147,S24_3371,b,30,48.98,2003-09-05,2003-09-12,2003-09-09,4
10147,S24_3856,b,23,123.58,2003-09-05,2003-09-12,2003-09-09,4
10147,S24_4620,b,31,72.76,2003-09-05,2003-09-12,2003-09-09,4
10148,S18_1129,b,23,114.65,2003-09-11,2003-09-21,2003-09-15,4
10148,S18_1589,b,47,108.26,2003-09-11,2003-09-21,2003-09-15,4
10148,S18_1984,b,25,136.56,2003-09-11,2003-09-21,2003-09-15,4
10148,S18_2870,b,27,113.52,2003-09-11,2003-09-21,2003-09-15,4
10148,S18_3232,b,32,143.94,2003-09-11,2003-09-21,2003-09-15,4
10148,S18_3685,b,28,135.63,2003-09-11,2003-09-21,2003-09-15,4
10148,S18_4409,c,34,83.75,2003-09-11,2003-09-21,2003-09-15,4
10148,S18_4933,b,29,66.28,2003-09-11,2003-09-21,2003-09-15,4
10148,S24_1046,b,25,65.41,2003-09-11,2003-09-21,2003-09-15,4
10148,S24_1628,b,47,46.29,2003-09-11,2003-09-21,2003-09-15,4
10148,S24_2766,b,21,77.24,2003-09-11,2003-09-21,2003-09-15,4
10148,S24_2887,b,34,115.09,2003-09-11,2003-09-21,2003-09-15,4
10148,S24_3191,b,31,71.91,2003-09-11,2003-09-21,2003-09-15,4
10148,S24_3432,b,27,96.37,2003-09-11,2003-09-21,2003-09-15,4
10149,S18_1342,c,50,87.33,2003-09-12,2003-09-18,2003-09-17,5
10149,S18_1367,c,30,48.52,2003-09-12,2003-09-18,2003-09-17,5
10149,S18_1749,c,34,156.40,2003-09-12,2003-09-18,2003-09-17,5
10149,S18_2248,c,24,50.85,2003-09-12,2003-09-18,2003-09-17,5
10149,S18_2325,c,33,125.86,2003-09-12,2003-09-18,2003-09-17,5
10149,S18_2795,c,23,167.06,2003-09-12,2003-09-18,2003-09-17,5
10149,S18_3320,c,42,89.29,2003-09-12,2003-09-18,2003-09-17,5
10149,S24_1937,c,36,31.20,2003-09-12,2003-09-18,2003-09-17,5
10149,S24_2022,c,49,39.87,2003-09-12,2003-09-18,2003-09-17,5
10149,S24_3969,c,26,38.57,2003-09-12,2003-09-18,2003-09-17,5
10149,S24_4258,c,20,90.57,2003-09-12,2003-09-18,2003-09-17,5
10150,S10_1949,b,45,182.16,2003-09-19,2003-09-27,2003-09-21,2
10150,S10_4962,b,20,121.15,2003-09-19,2003-09-27,2003-09-21,2
10150,S12_1666,d,30,135.30,2003-09-19,2003-09-27,2003-09-21,2
10150,S18_1097,d,34,95.67,2003-09-19,2003-09-27,2003-09-21,2
10150,S18_2949,c,47,93.21,2003-09-19,2003-09-27,2003-09-21,2
10150,S18_2957,c,30,56.21,2003-09-19,2003-09-27,2003-09-21,2
10150,S18_3136,c,26,97.39,2003-09-19,2003-09-27,2003-09-21,2
10150,S18_4600,d,49,111.39,2003-09-19,2003-09-27,2003-09-21,2
10150,S18_4668,c,30,47.29,2003-09-19,2003-09-27,2003-09-21,2
10150,S32_3522,d,49,62.05,2003-09-19,2003-09-27,2003-09-21,2
10150,S700_2824,b,20,95.08,2003-09-19,2003-09-27,2003-09-21,2
10151,S12_4473,d,24,114.95,2003-09-21,2003-09-30,2003-09-24,3
10151,S18_2238,b,43,152.27,2003-09-21,2003-09-30,2003-09-24,3
10151,S18_2319,d,49,106.78,2003-09-21,2003-09-30,2003-09-24,3
10151,S18_2432,d,39,58.34,2003-09-21,2003-09-30,2003-09-24,3
10151,S18_3232,b,21,167.65,2003-09-21,2003-09-30,2003-09-24,3
10151,S24_2300,d,42,109.90,2003-09-21,2003-09-30,2003-09-24,3
10151,S24_2840,b,30,29.35,2003-09-21,2003-09-30,2003-09-24,3
10151,S32_1268,d,27,84.75,2003-09-21,2003-09-30,2003-09-24,3
10151,S32_2509,d,41,43.29,2003-09-21,2003-09-30,2003-09-24,3
10151,S50_1392,d,26,108.81,2003-09-21,2003-09-30,2003-09-24,3
10152,S18_4027,b,35,117.77,2003-09-25,2003-10-03,2003-10-01,76
10152,S24_1444,b,25,49.13,2003-09-25,2003-10-03,2003-10-01,76
10152,S24_4048,b,23,112.37,2003-09-25,2003-10-03,2003-10-01,76
10152,S32_3207,d,33,57.17,2003-09-25,2003-10-03,2003-10-01,76
10153,S12_1108,b,20,201.57,2003-09-28,2003-10-05,2003-10-03,75
10153,S12_3148,b,42,128.42,2003-09-28,2003-10-05,2003-10-03,75
10153,S12_3891,b,49,155.72,2003-09-28,2003-10-05,2003-10-03,75
10153,S18_3140,c,31,125.66,2003-09-28,2003-10-05,2003-10-03,75
10153,S18_3259,d,29,82.69,2003-09-28,2003-10-05,2003-10-03,75
10153,S18_4522,c,22,82.50,2003-09-28,2003-10-05,2003-10-03,75
10153,S24_2011,d,40,111.83,2003-09-28,2003-10-05,2003-10-03,75
10153,S50_1514,d,31,53.31,2003-09-28,2003-10-05,2003-10-03,75
10153,S700_1138,d,43,58.00,2003-09-28,2003-10-05,2003-10-03,75
10153,S700_1938,d,31,80.55,2003-09-28,2003-10-05,2003-10-03,75
10153,S700_3505,d,50,87.15,2003-09-28,2003-10-05,2003-10-03,75
10153,S700_3962,d,20,85.41,2003-09-28,2003-10-05,2003-10-03,75
10153,S72_3212,d,50,51.87,2003-09-28,2003-10-05,2003-10-03,75
10154,S24_3151,c,31,75.23,2003-10-02,2003-10-12,2003-10-08,6
10154,S700_2610,d,36,59.27,2003-10-02,2003-10-12,2003-10-08,6
10155,S10_4757,b,32,129.20,2003-10-06,2003-10-13,2003-10-07,1
10155,S18_1662,a,38,138.77,2003-10-06,2003-10-13,2003-10-07,1
10155,S18_3029,d,44,83.44,2003-10-06,2003-10-13,2003-10-07,1
10155,S18_3856,c,29,105.87,2003-10-06,2003-10-13,2003-10-07,1
10155,S24_2841,a,23,62.34,2003-10-06,2003-10-13,2003-10-07,1
10155,S24_3420,c,34,56.55,2003-10-06,2003-10-13,2003-10-07,1
10155,S24_3816,c,37,76.31,2003-10-06,2003-10-13,2003-10-07,1
10155,S24_3949,a,44,58.69,2003-10-06,2003-10-13,2003-10-07,1
10155,S700_2047,d,32,89.61,2003-10-06,2003-10-13,2003-10-07,1
10155,S700_2466,a,20,87.75,2003-10-06,2003-10-13,2003-10-07,1
10155,S700_3167,a,43,76.80,2003-10-06,2003-10-13,2003-10-07,1
10155,S700_4002,a,44,70.33,2003-10-06,2003-10-13,2003-10-07,1
10155,S72_1253,a,34,49.16,2003-10-06,2003-10-13,2003-10-07,1
10156,S50_1341,c,20,43.64,2003-10-08,2003-10-17,2003-10-11,3
10156,S700_1691,a,48,77.64,2003-10-08,2003-10-17,2003-10-11,3
10157,S18_2581,a,33,69.27,2003-10-09,2003-10-15,2003-10-14,5
10157,S24_1785,a,40,89.72,2003-10-09,2003-10-15,2003-10-14,5
10157,S24_4278,a,33,66.65,2003-10-09,2003-10-15,2003-10-14,5
10157,S32_1374,a,34,83.91,2003-10-09,2003-10-15,2003-10-14,5
10157,S32_4289,c,28,56.41,2003-10-09,2003-10-15,2003-10-14,5
10157,S700_2834,a,48,109.16,2003-10-09,2003-10-15,2003-10-14,5
10158,S24_2000,a,22,67.79,2003-10-10,2003-10-18,2003-10-15,5
10159,S10_1678,a,49,81.35,2003-10-10,2003-10-19,2003-10-16,6
10159,S10_2016,a,37,101.10,2003-10-10,2003-10-19,2003-10-16,6
10159,S10_4698,a,22,170.42,2003-10-10,2003-10-19,2003-10-16,6
10159,S12_1099,b,41,188.73,2003-10-10,2003-10-19,2003-10-16,6
10159,S12_2823,a,38,131.04,2003-10-10,2003-10-19,2003-10-16,6
10159,S12_3990,b,24,67.03,2003-10-10,2003-10-19,2003-10-16,6
10159,S18_2625,a,42,51.48,2003-10-10,2003-10-19,2003-10-16,6
10159,S18_3278,b,21,66.74,2003-10-10,2003-10-19,2003-10-16,6
10159,S18_3482,b,25,129.35,2003-10-10,2003-10-19,2003-10-16,6
10159,S18_3782,a,21,54.71,2003-10-10,2003-10-19,2003-10-16,6
10159,S18_4721,b,32,142.85,2003-10-10,2003-10-19,2003-10-16,6
10159,S24_1578,a,44,100.30,2003-10-10,2003-10-19,2003-10-16,6
10159,S24_2360,a,27,67.18,2003-10-10,2003-10-19,2003-10-16,6
10159,S24_3371,b,50,49.60,2003-10-10,2003-10-19,2003-10-16,6
10159,S24_4620,b,23,80.84,2003-10-10,2003-10-19,2003-10-16,6
10159,S32_2206,a,35,39.43,2003-10-10,2003-10-19,2003-10-16,6
10159,S32_4485,a,23,86.74,2003-10-10,2003-10-19,2003-10-16,6
10159,S50_4713,a,31,78.11,2003-10-10,2003-10-19,2003-10-16,6
10160,S12_3380,b,46,96.30,2003-10-11,2003-10-17,2003-10-17,6
10160,S12_4675,b,50,93.28,2003-10-11,2003-10-17,2003-10-17,6
10160,S18_1889,b,38,70.84,2003-10-11,2003-10-17,2003-10-17,6
10160,S18_3232,b,20,140.55,2003-10-11,2003-10-17,2003-10-17,6
10160,S24_2972,b,42,30.59,2003-10-11,2003-10-17,2003-10-17,6
10160,S24_3856,b,35,130.60,2003-10-11,2003-10-17,2003-10-17,6
10161,S18_1129,b,28,121.72,2003-10-17,2003-10-25,2003-10-20,3
10161,S18_1589,b,43,102.04,2003-10-17,2003-10-25,2003-10-20,3
10161,S18_1984,b,48,139.41,2003-10-17,2003-10-25,2003-10-20,3
10161,S18_2870,b,23,125.40,2003-10-17,2003-10-25,2003-10-20,3
10161,S18_3685,b,36,132.80,2003-10-17,2003-10-25,2003-10-20,3
10161,S18_4933,b,25,62.72,2003-10-17,2003-10-25,2003-10-20,3
10161,S24_1046,b,37,73.49,2003-10-17,2003-10-25,2003-10-20,3
10161,S24_1628,b,23,47.29,2003-10-17,2003-10-25,2003-10-20,3
10161,S24_2766,b,20,82.69,2003-10-17,2003-10-25,2003-10-20,3
10161,S24_2887,b,25,108.04,2003-10-17,2003-10-25,2003-10-20,3
10161,S24_3191,b,20,72.77,2003-10-17,2003-10-25,2003-10-20,3
10161,S24_3432,b,30,94.23,2003-10-17,2003-10-25,2003-10-20,3
10162,S18_1342,c,48,87.33,2003-10-18,2003-10-26,2003-10-19,1
10162,S18_1367,c,45,45.28,2003-10-18,2003-10-26,2003-10-19,1
10162,S18_1749,c,29,141.10,2003-10-18,2003-10-26,2003-10-19,1
10162,S18_2248,c,27,53.28,2003-10-18,2003-10-26,2003-10-19,1
10162,S18_2325,c,38,113.15,2003-10-18,2003-10-26,2003-10-19,1
10162,S18_2795,c,48,156.94,2003-10-18,2003-10-26,2003-10-19,1
10162,S18_4409,c,39,86.51,2003-10-18,2003-10-26,2003-10-19,1
10162,S24_1937,c,37,27.55,2003-10-18,2003-10-26,2003-10-19,1
10162,S24_2022,c,43,38.98,2003-10-18,2003-10-26,2003-10-19,1
10162,S24_3969,c,37,32.82,2003-10-18,2003-10-26,2003-10-19,1
10163,S10_1949,b,21,212.16,2003-10-20,2003-10-27,2003-10-24,4
10163,S18_2949,c,31,101.31,2003-10-20,2003-10-27,2003-10-24,4
10163,S18_2957,c,48,59.96,2003-10-20,2003-10-27,2003-10-24,4
10163,S18_3136,c,40,101.58,2003-10-20,2003-10-27,2003-10-24,4
10163,S18_3320,c,43,80.36,2003-10-20,2003-10-27,2003-10-24,4
10163,S24_4258,c,42,96.42,2003-10-20,2003-10-27,2003-10-24,4
10164,S10_4962,b,21,143.31,2003-10-21,2003-10-30,2003-10-23,2
10164,S12_1666,d,49,121.64,2003-10-21,2003-10-30,2003-10-23,2
10164,S18_1097,d,36,103.84,2003-10-21,2003-10-30,2003-10-23,2
10164,S18_4600,d,45,107.76,2003-10-21,2003-10-30,2003-10-23,2
10164,S18_4668,c,25,46.29,2003-10-21,2003-10-30,2003-10-23,2
10164,S32_1268,d,24,91.49,2003-10-21,2003-10-30,2003-10-23,2
10164,S32_3522,d,49,57.53,2003-10-21,2003-10-30,2003-10-23,2
10164,S700_2824,b,39,86.99,2003-10-21,2003-10-30,2003-10-23,2
10165,S12_1108,b,44,168.32,2003-10-22,2003-10-31,2003-12-26,204
10165,S12_3148,b,34,123.89,2003-10-22,2003-10-31,2003-12-26,204
10165,S12_3891,b,27,152.26,2003-10-22,2003-10-31,2003-12-26,204
10165,S12_4473,d,48,109.02,2003-10-22,2003-10-31,2003-12-26,204
10165,S18_2238,b,29,134.26,2003-10-22,2003-10-31,2003-12-26,204
10165,S18_2319,d,46,120.28,2003-10-22,2003-10-31,2003-12-26,204
10165,S18_2432,d,31,60.77,2003-10-22,2003-10-31,2003-12-26,204
10165,S18_3232,b,47,154.10,2003-10-22,2003-10-31,2003-12-26,204
10165,S18_3259,d,50,84.71,2003-10-22,2003-10-31,2003-12-26,204
10165,S18_4027,b,28,123.51,2003-10-22,2003-10-31,2003-12-26,204
10165,S24_1444,b,25,46.82,2003-10-22,2003-10-31,2003-12-26,204
10165,S24_2300,d,32,117.57,2003-10-22,2003-10-31,2003-12-26,204
10165,S24_2840,b,27,31.12,2003-10-22,2003-10-31,2003-12-26,204
10165,S24_4048,b,24,106.45,2003-10-22,2003-10-31,2003-12-26,204
10165,S32_2509,d,48,50.86,2003-10-22,2003-10-31,2003-12-26,204
10165,S32_3207,d,44,55.30,2003-10-22,2003-10-31,2003-12-26,204
10165,S50_1392,d,48,106.49,2003-10-22,2003-10-31,2003-12-26,204
10165,S50_1514,d,38,49.21,2003-10-22,2003-10-31,2003-12-26,204
10166,S18_3140,c,43,136.59,2003-10-21,2003-10-30,2003-10-27,6
10166,S18_4522,c,26,72.85,2003-10-21,2003-10-30,2003-10-27,6
10166,S700_1938,d,29,76.22,2003-10-21,2003-10-30,2003-10-27,6
10167,S10_4757,b,44,123.76,2003-10-23,2003-10-30,NULL,NULL
10167,S18_1662,a,43,141.92,2003-10-23,2003-10-30,NULL,NULL
10167,S18_3029,d,46,69.68,2003-10-23,2003-10-30,NULL,NULL
10167,S18_3856,c,34,84.70,2003-10-23,2003-10-30,NULL,NULL
10167,S24_2011,d,33,110.60,2003-10-23,2003-10-30,NULL,NULL
10167,S24_2841,a,21,54.81,2003-10-23,2003-10-30,NULL,NULL
10167,S24_3151,c,20,77.00,2003-10-23,2003-10-30,NULL,NULL
10167,S24_3420,c,32,64.44,2003-10-23,2003-10-30,NULL,NULL
10167,S24_3816,c,29,73.80,2003-10-23,2003-10-30,NULL,NULL
10167,S700_1138,d,43,66.00,2003-10-23,2003-10-30,NULL,NULL
10167,S700_2047,d,29,87.80,2003-10-23,2003-10-30,NULL,NULL
10167,S700_2610,d,46,62.16,2003-10-23,2003-10-30,NULL,NULL
10167,S700_3505,d,24,85.14,2003-10-23,2003-10-30,NULL,NULL
10167,S700_3962,d,28,83.42,2003-10-23,2003-10-30,NULL,NULL
10167,S72_1253,a,40,42.71,2003-10-23,2003-10-30,NULL,NULL
10167,S72_3212,d,38,43.68,2003-10-23,2003-10-30,NULL,NULL
10168,S10_1678,a,36,94.74,2003-10-28,2003-11-03,2003-11-01,73
10168,S10_2016,a,27,97.53,2003-10-28,2003-11-03,2003-11-01,73
10168,S10_4698,a,20,160.74,2003-10-28,2003-11-03,2003-11-01,73
10168,S18_2581,a,21,75.19,2003-10-28,2003-11-03,2003-11-01,73
10168,S18_2625,a,46,49.06,2003-10-28,2003-11-03,2003-11-01,73
10168,S24_1578,a,50,103.68,2003-10-28,2003-11-03,2003-11-01,73
10168,S24_1785,a,49,93.01,2003-10-28,2003-11-03,2003-11-01,73
10168,S24_2000,a,29,72.36,2003-10-28,2003-11-03,2003-11-01,73
10168,S24_3949,a,27,57.32,2003-10-28,2003-11-03,2003-11-01,73
10168,S24_4278,a,48,68.10,2003-10-28,2003-11-03,2003-11-01,73
10168,S32_1374,a,28,89.90,2003-10-28,2003-11-03,2003-11-01,73
10168,S32_4289,c,31,57.78,2003-10-28,2003-11-03,2003-11-01,73
10168,S50_1341,c,48,39.71,2003-10-28,2003-11-03,2003-11-01,73
10168,S700_1691,a,28,91.34,2003-10-28,2003-11-03,2003-11-01,73
10168,S700_2466,a,31,87.75,2003-10-28,2003-11-03,2003-11-01,73
10168,S700_2834,a,36,94.92,2003-10-28,2003-11-03,2003-11-01,73
10168,S700_3167,a,48,72.00,2003-10-28,2003-11-03,2003-11-01,73
10168,S700_4002,a,39,67.37,2003-10-28,2003-11-03,2003-11-01,73
10169,S12_1099,b,30,163.44,2003-11-04,2003-11-14,2003-11-09,5
10169,S12_2823,a,35,126.52,2003-11-04,2003-11-14,2003-11-09,5
10169,S12_3990,b,36,71.82,2003-11-04,2003-11-14,2003-11-09,5
10169,S18_3278,b,32,65.13,2003-11-04,2003-11-14,2003-11-09,5
10169,S18_3482,b,36,136.70,2003-11-04,2003-11-14,2003-11-09,5
10169,S18_3782,a,38,52.84,2003-11-04,2003-11-14,2003-11-09,5
10169,S18_4721,b,33,120.53,2003-11-04,2003-11-14,2003-11-09,5
10169,S24_2360,a,38,66.49,2003-11-04,2003-11-14,2003-11-09,5
10169,S24_3371,b,34,53.27,2003-11-04,2003-11-14,2003-11-09,5
10169,S24_4620,b,24,77.61,2003-11-04,2003-11-14,2003-11-09,5
10169,S32_2206,a,26,37.01,2003-11-04,2003-11-14,2003-11-09,5
10169,S32_4485,a,34,83.68,2003-11-04,2003-11-14,2003-11-09,5
10169,S50_4713,a,48,75.66,2003-11-04,2003-11-14,2003-11-09,5
10170,S12_3380,b,47,116.27,2003-11-04,2003-11-12,2003-11-07,3
10170,S12_4675,b,41,93.28,2003-11-04,2003-11-12,2003-11-07,3
10170,S18_1889,b,20,70.07,2003-11-04,2003-11-12,2003-11-07,3
10170,S24_3856,b,34,130.60,2003-11-04,2003-11-12,2003-11-07,3
10171,S18_1129,b,35,134.46,2003-11-05,2003-11-13,2003-11-07,2
10171,S18_1984,b,35,128.03,2003-11-05,2003-11-13,2003-11-07,2
10171,S18_3232,b,39,165.95,2003-11-05,2003-11-13,2003-11-07,2
10171,S24_2972,b,36,34.74,2003-11-05,2003-11-13,2003-11-07,2
10172,S18_1589,b,42,109.51,2003-11-05,2003-11-14,2003-11-11,6
10172,S18_2870,b,39,117.48,2003-11-05,2003-11-14,2003-11-11,6
10172,S18_3685,b,48,139.87,2003-11-05,2003-11-14,2003-11-11,6
10172,S24_1046,b,32,61.00,2003-11-05,2003-11-14,2003-11-11,6
10172,S24_1628,b,34,43.27,2003-11-05,2003-11-14,2003-11-11,6
10172,S24_2766,b,22,79.97,2003-11-05,2003-11-14,2003-11-11,6
10172,S24_3191,b,24,77.91,2003-11-05,2003-11-14,2003-11-11,6
10172,S24_3432,b,22,87.81,2003-11-05,2003-11-14,2003-11-11,6
10173,S18_1342,c,43,101.71,2003-11-05,2003-11-15,2003-11-09,4
10173,S18_1367,c,48,51.75,2003-11-05,2003-11-15,2003-11-09,4
10173,S18_1749,c,24,168.30,2003-11-05,2003-11-15,2003-11-09,4
10173,S18_2248,c,26,55.09,2003-11-05,2003-11-15,2003-11-09,4
10173,S18_2325,c,31,127.13,2003-11-05,2003-11-15,2003-11-09,4
10173,S18_2795,c,22,140.06,2003-11-05,2003-11-15,2003-11-09,4
10173,S18_2957,c,28,56.84,2003-11-05,2003-11-15,2003-11-09,4
10173,S18_3136,c,31,86.92,2003-11-05,2003-11-15,2003-11-09,4
10173,S18_3320,c,29,90.28,2003-11-05,2003-11-15,2003-11-09,4
10173,S18_4409,c,21,77.31,2003-11-05,2003-11-15,2003-11-09,4
10173,S18_4933,b,39,58.44,2003-11-05,2003-11-15,2003-11-09,4
10173,S24_1937,c,31,29.87,2003-11-05,2003-11-15,2003-11-09,4
10173,S24_2022,c,27,39.42,2003-11-05,2003-11-15,2003-11-09,4
10173,S24_2887,b,23,98.65,2003-11-05,2003-11-15,2003-11-09,4
10173,S24_3969,c,35,35.70,2003-11-05,2003-11-15,2003-11-09,4
10173,S24_4258,c,22,93.49,2003-11-05,2003-11-15,2003-11-09,4
10174,S10_1949,b,34,207.87,2003-11-06,2003-11-15,2003-11-10,4
10174,S12_1666,d,43,113.44,2003-11-06,2003-11-15,2003-11-10,4
10174,S18_1097,d,48,108.50,2003-11-06,2003-11-15,2003-11-10,4
10174,S18_2949,c,46,100.30,2003-11-06,2003-11-15,2003-11-10,4
10174,S18_4668,c,49,44.27,2003-11-06,2003-11-15,2003-11-10,4
10175,S10_4962,b,33,119.67,2003-11-06,2003-11-14,2003-11-09,3
10175,S12_4473,d,26,109.02,2003-11-06,2003-11-14,2003-11-09,3
10175,S18_2319,d,48,101.87,2003-11-06,2003-11-14,2003-11-09,3
10175,S18_2432,d,41,59.55,2003-11-06,2003-11-14,2003-11-09,3
10175,S18_3232,b,29,150.71,2003-11-06,2003-11-14,2003-11-09,3
10175,S18_4600,d,47,102.92,2003-11-06,2003-11-14,2003-11-09,3
10175,S24_2300,d,28,121.40,2003-11-06,2003-11-14,2003-11-09,3
10175,S24_2840,b,37,32.18,2003-11-06,2003-11-14,2003-11-09,3
10175,S32_1268,d,22,89.57,2003-11-06,2003-11-14,2003-11-09,3
10175,S32_2509,d,50,50.86,2003-11-06,2003-11-14,2003-11-09,3
10175,S32_3522,d,29,56.24,2003-11-06,2003-11-14,2003-11-09,3
10175,S700_2824,b,42,80.92,2003-11-06,2003-11-14,2003-11-09,3
10176,S12_1108,b,33,166.24,2003-11-06,2003-11-15,2003-11-12,6
10176,S12_3148,b,47,145.04,2003-11-06,2003-11-15,2003-11-12,6
10176,S12_3891,b,50,160.91,2003-11-06,2003-11-15,2003-11-12,6
10176,S18_2238,b,20,139.17,2003-11-06,2003-11-15,2003-11-12,6
10176,S18_4027,b,36,140.75,2003-11-06,2003-11-15,2003-11-12,6
10176,S24_1444,b,27,55.49,2003-11-06,2003-11-15,2003-11-12,6
10176,S24_4048,b,29,101.72,2003-11-06,2003-11-15,2003-11-12,6
10176,S32_3207,d,22,62.14,2003-11-06,2003-11-15,2003-11-12,6
10176,S50_1392,d,23,109.96,2003-11-06,2003-11-15,2003-11-12,6
10176,S50_1514,d,38,52.14,2003-11-06,2003-11-15,2003-11-12,6
10177,S18_3140,c,23,113.37,2003-11-07,2003-11-17,2003-11-12,5
10177,S18_3259,d,29,92.77,2003-11-07,2003-11-17,2003-11-12,5
10177,S18_4522,c,35,82.50,2003-11-07,2003-11-17,2003-11-12,5
10177,S24_2011,d,50,115.52,2003-11-07,2003-11-17,2003-11-12,5
10177,S24_3151,c,45,79.66,2003-11-07,2003-11-17,2003-11-12,5
10177,S700_1138,d,24,58.67,2003-11-07,2003-11-17,2003-11-12,5
10177,S700_1938,d,31,77.95,2003-11-07,2003-11-17,2003-11-12,5
10177,S700_2610,d,32,64.33,2003-11-07,2003-11-17,2003-11-12,5
10177,S700_3505,d,44,88.15,2003-11-07,2003-11-17,2003-11-12,5
10177,S700_3962,d,24,83.42,2003-11-07,2003-11-17,2003-11-12,5
10177,S72_3212,d,40,52.96,2003-11-07,2003-11-17,2003-11-12,5
10178,S10_4757,b,24,131.92,2003-11-08,2003-11-16,2003-11-10,2
10178,S18_1662,a,42,127.73,2003-11-08,2003-11-16,2003-11-10,2
10178,S18_3029,d,41,70.54,2003-11-08,2003-11-16,2003-11-10,2
10178,S18_3856,c,48,104.81,2003-11-08,2003-11-16,2003-11-10,2
10178,S24_2841,a,34,67.82,2003-11-08,2003-11-16,2003-11-10,2
10178,S24_3420,c,27,65.75,2003-11-08,2003-11-16,2003-11-10,2
10178,S24_3816,c,21,68.77,2003-11-08,2003-11-16,2003-11-10,2
10178,S24_3949,a,30,64.15,2003-11-08,2003-11-16,2003-11-10,2
10178,S700_2047,d,34,86.90,2003-11-08,2003-11-16,2003-11-10,2
10178,S700_2466,a,22,91.74,2003-11-08,2003-11-16,2003-11-10,2
10178,S700_4002,a,45,68.11,2003-11-08,2003-11-16,2003-11-10,2
10178,S72_1253,a,45,41.71,2003-11-08,2003-11-16,2003-11-10,2
10179,S18_2581,a,24,82.79,2003-11-11,2003-11-17,2003-11-13,2
10179,S24_1785,a,47,105.04,2003-11-11,2003-11-17,2003-11-13,2
10179,S24_4278,a,27,66.65,2003-11-11,2003-11-17,2003-11-13,2
10179,S32_1374,a,45,86.90,2003-11-11,2003-11-17,2003-11-13,2
10179,S32_4289,c,24,63.97,2003-11-11,2003-11-17,2003-11-13,2
10179,S50_1341,c,34,43.20,2003-11-11,2003-11-17,2003-11-13,2
10179,S700_1691,a,23,75.81,2003-11-11,2003-11-17,2003-11-13,2
10179,S700_2834,a,25,98.48,2003-11-11,2003-11-17,2003-11-13,2
10179,S700_3167,a,39,80.00,2003-11-11,2003-11-17,2003-11-13,2
10180,S10_1678,a,29,76.56,2003-11-11,2003-11-19,2003-11-14,3
10180,S10_2016,a,42,99.91,2003-11-11,2003-11-19,2003-11-14,3
10180,S10_4698,a,41,164.61,2003-11-11,2003-11-19,2003-11-14,3
10180,S12_2823,a,40,131.04,2003-11-11,2003-11-19,2003-11-14,3
10180,S18_2625,a,25,48.46,2003-11-11,2003-11-19,2003-11-14,3
10180,S18_3782,a,21,59.06,2003-11-11,2003-11-19,2003-11-14,3
10180,S18_4721,b,44,147.31,2003-11-11,2003-11-19,2003-11-14,3
10180,S24_1578,a,48,98.05,2003-11-11,2003-11-19,2003-11-14,3
10180,S24_2000,a,28,61.70,2003-11-11,2003-11-19,2003-11-14,3
10180,S24_2360,a,35,60.95,2003-11-11,2003-11-19,2003-11-14,3
10180,S24_4620,b,28,68.71,2003-11-11,2003-11-19,2003-11-14,3
10180,S32_2206,a,34,33.39,2003-11-11,2003-11-19,2003-11-14,3
10180,S32_4485,a,22,102.05,2003-11-11,2003-11-19,2003-11-14,3
10180,S50_4713,a,21,74.85,2003-11-11,2003-11-19,2003-11-14,3
10181,S12_1099,b,27,155.66,2003-11-12,2003-11-19,2003-11-15,3
10181,S12_3380,b,28,113.92,2003-11-12,2003-11-19,2003-11-15,3
10181,S12_3990,b,20,67.03,2003-11-12,2003-11-19,2003-11-15,3
10181,S12_4675,b,36,107.10,2003-11-12,2003-11-19,2003-11-15,3
10181,S18_1129,b,44,124.56,2003-11-12,2003-11-19,2003-11-15,3
10181,S18_1589,b,42,124.44,2003-11-12,2003-11-19,2003-11-15,3
10181,S18_1889,b,22,74.69,2003-11-12,2003-11-19,2003-11-15,3
10181,S18_1984,b,21,129.45,2003-11-12,2003-11-19,2003-11-15,3
10181,S18_2870,b,27,130.68,2003-11-12,2003-11-19,2003-11-15,3
10181,S18_3232,b,45,147.33,2003-11-12,2003-11-19,2003-11-15,3
10181,S18_3278,b,30,73.17,2003-11-12,2003-11-19,2003-11-15,3
10181,S18_3482,b,22,120.53,2003-11-12,2003-11-19,2003-11-15,3
10181,S18_3685,b,39,137.04,2003-11-12,2003-11-19,2003-11-15,3
10181,S24_1628,b,34,45.28,2003-11-12,2003-11-19,2003-11-15,3
10181,S24_2972,b,37,32.85,2003-11-12,2003-11-19,2003-11-15,3
10181,S24_3371,b,23,54.49,2003-11-12,2003-11-19,2003-11-15,3
10181,S24_3856,b,25,122.17,2003-11-12,2003-11-19,2003-11-15,3
10182,S18_1342,c,25,83.22,2003-11-12,2003-11-21,2003-11-18,6
10182,S18_1367,c,32,44.21,2003-11-12,2003-11-21,2003-11-18,6
10182,S18_1749,c,44,159.80,2003-11-12,2003-11-21,2003-11-18,6
10182,S18_2248,c,38,54.49,2003-11-12,2003-11-21,2003-11-18,6
10182,S18_2325,c,20,105.52,2003-11-12,2003-11-21,2003-11-18,6
10182,S18_2795,c,21,135.00,2003-11-12,2003-11-21,2003-11-18,6
10182,S18_3320,c,33,86.31,2003-11-12,2003-11-21,2003-11-18,6
10182,S18_4409,c,36,88.35,2003-11-12,2003-11-21,2003-11-18,6
10182,S18_4933,b,44,61.29,2003-11-12,2003-11-21,2003-11-18,6
10182,S24_1046,b,47,63.20,2003-11-12,2003-11-21,2003-11-18,6
10182,S24_1937,c,39,31.86,2003-11-12,2003-11-21,2003-11-18,6
10182,S24_2022,c,31,39.87,2003-11-12,2003-11-21,2003-11-18,6
10182,S24_2766,b,36,87.24,2003-11-12,2003-11-21,2003-11-18,6
10182,S24_2887,b,20,116.27,2003-11-12,2003-11-21,2003-11-18,6
10182,S24_3191,b,33,73.62,2003-11-12,2003-11-21,2003-11-18,6
10182,S24_3432,b,49,95.30,2003-11-12,2003-11-21,2003-11-18,6
10182,S24_3969,c,23,34.88,2003-11-12,2003-11-21,2003-11-18,6
10183,S10_1949,b,23,180.01,2003-11-13,2003-11-22,2003-11-15,2
10183,S10_4962,b,28,127.06,2003-11-13,2003-11-22,2003-11-15,2
10183,S12_1666,d,41,114.80,2003-11-13,2003-11-22,2003-11-15,2
10183,S18_1097,d,21,108.50,2003-11-13,2003-11-22,2003-11-15,2
10183,S18_2949,c,37,91.18,2003-11-13,2003-11-22,2003-11-15,2
10183,S18_2957,c,39,51.22,2003-11-13,2003-11-22,2003-11-15,2
10183,S18_3136,c,22,90.06,2003-11-13,2003-11-22,2003-11-15,2
10183,S18_4600,d,21,118.66,2003-11-13,2003-11-22,2003-11-15,2
10183,S18_4668,c,40,42.26,2003-11-13,2003-11-22,2003-11-15,2
10183,S24_4258,c,47,81.81,2003-11-13,2003-11-22,2003-11-15,2
10183,S32_3522,d,49,52.36,2003-11-13,2003-11-22,2003-11-15,2
10183,S700_2824,b,23,85.98,2003-11-13,2003-11-22,2003-11-15,2
10184,S12_4473,d,37,105.47,2003-11-14,2003-11-22,2003-11-20,6
10184,S18_2238,b,46,145.72,2003-11-14,2003-11-22,2003-11-20,6
10184,S18_2319,d,46,119.05,2003-11-14,2003-11-22,2003-11-20,6
10184,S18_2432,d,44,60.77,2003-11-14,2003-11-22,2003-11-20,6
10184,S18_3232,b,28,165.95,2003-11-14,2003-11-22,2003-11-20,6
10184,S24_1444,b,31,57.22,2003-11-14,2003-11-22,2003-11-20,6
10184,S24_2300,d,24,117.57,2003-11-14,2003-11-22,2003-11-20,6
10184,S24_2840,b,42,30.06,2003-11-14,2003-11-22,2003-11-20,6
10184,S24_4048,b,49,114.73,2003-11-14,2003-11-22,2003-11-20,6
10184,S32_1268,d,46,84.75,2003-11-14,2003-11-22,2003-11-20,6
10184,S32_2509,d,33,52.49,2003-11-14,2003-11-22,2003-11-20,6
10184,S32_3207,d,48,59.03,2003-11-14,2003-11-22,2003-11-20,6
10184,S50_1392,d,45,92.60,2003-11-14,2003-11-22,2003-11-20,6
10185,S12_1108,b,21,195.33,2003-11-14,2003-11-21,2003-11-20,6
10185,S12_3148,b,33,146.55,2003-11-14,2003-11-21,2003-11-20,6
10185,S12_3891,b,43,147.07,2003-11-14,2003-11-21,2003-11-20,6
10185,S18_3140,c,28,124.30,2003-11-14,2003-11-21,2003-11-20,6
10185,S18_3259,d,49,94.79,2003-11-14,2003-11-21,2003-11-20,6
10185,S18_4027,b,39,127.82,2003-11-14,2003-11-21,2003-11-20,6
10185,S18_4522,c,47,87.77,2003-11-14,2003-11-21,2003-11-20,6
10185,S24_2011,d,30,105.69,2003-11-14,2003-11-21,2003-11-20,6
10185,S24_3151,c,33,83.20,2003-11-14,2003-11-21,2003-11-20,6
10185,S50_1514,d,20,46.86,2003-11-14,2003-11-21,2003-11-20,6
10185,S700_1138,d,21,64.67,2003-11-14,2003-11-21,2003-11-20,6
10185,S700_1938,d,30,79.68,2003-11-14,2003-11-21,2003-11-20,6
10185,S700_2610,d,39,61.44,2003-11-14,2003-11-21,2003-11-20,6
10185,S700_3505,d,37,99.17,2003-11-14,2003-11-21,2003-11-20,6
10185,S700_3962,d,22,93.35,2003-11-14,2003-11-21,2003-11-20,6
10185,S72_3212,d,28,47.50,2003-11-14,2003-11-21,2003-11-20,6
10186,S10_4757,b,26,108.80,2003-11-14,2003-11-20,2003-11-18,4
10186,S18_1662,a,32,137.19,2003-11-14,2003-11-20,2003-11-18,4
10186,S18_3029,d,32,73.12,2003-11-14,2003-11-20,2003-11-18,4
10186,S18_3856,c,46,98.46,2003-11-14,2003-11-20,2003-11-18,4
10186,S24_2841,a,22,60.29,2003-11-14,2003-11-20,2003-11-18,4
10186,S24_3420,c,21,59.83,2003-11-14,2003-11-20,2003-11-18,4
10186,S24_3816,c,36,68.77,2003-11-14,2003-11-20,2003-11-18,4
10186,S700_2047,d,24,80.56,2003-11-14,2003-11-20,2003-11-18,4
10186,S72_1253,a,28,42.71,2003-11-14,2003-11-20,2003-11-18,4
10187,S18_2581,a,45,70.12,2003-11-15,2003-11-24,2003-11-16,1
10187,S24_1785,a,46,96.29,2003-11-15,2003-11-24,2003-11-16,1
10187,S24_3949,a,43,55.96,2003-11-15,2003-11-24,2003-11-16,1
10187,S24_4278,a,33,64.48,2003-11-15,2003-11-24,2003-11-16,1
10187,S32_4289,c,31,61.22,2003-11-15,2003-11-24,2003-11-16,1
10187,S50_1341,c,41,39.71,2003-11-15,2003-11-24,2003-11-16,1
10187,S700_1691,a,34,84.95,2003-11-15,2003-11-24,2003-11-16,1
10187,S700_2466,a,44,95.73,2003-11-15,2003-11-24,2003-11-16,1
10187,S700_3167,a,34,72.00,2003-11-15,2003-11-24,2003-11-16,1
10187,S700_4002,a,44,70.33,2003-11-15,2003-11-24,2003-11-16,1
10188,S10_1678,a,48,95.70,2003-11-18,2003-11-26,2003-11-24,6
10188,S10_2016,a,38,111.80,2003-11-18,2003-11-26,2003-11-24,6
10188,S10_4698,a,45,182.04,2003-11-18,2003-11-26,2003-11-24,6
10188,S18_2625,a,32,52.09,2003-11-18,2003-11-26,2003-11-24,6
10188,S24_1578,a,25,95.80,2003-11-18,2003-11-26,2003-11-24,6
10188,S24_2000,a,40,61.70,2003-11-18,2003-11-26,2003-11-24,6
10188,S32_1374,a,44,81.91,2003-11-18,2003-11-26,2003-11-24,6
10188,S700_2834,a,29,96.11,2003-11-18,2003-11-26,2003-11-24,6
10189,S12_2823,a,28,138.57,2003-11-18,2003-11-25,2003-11-24,6
10190,S24_2360,a,42,58.87,2003-11-19,2003-11-29,2003-11-20,1
10190,S32_2206,a,46,38.62,2003-11-19,2003-11-29,2003-11-20,1
10190,S32_4485,a,42,89.80,2003-11-19,2003-11-29,2003-11-20,1
10190,S50_4713,a,40,67.53,2003-11-19,2003-11-29,2003-11-20,1
10191,S12_1099,b,21,155.66,2003-11-20,2003-11-30,2003-11-24,4
10191,S12_3380,b,40,104.52,2003-11-20,2003-11-30,2003-11-24,4
10191,S12_3990,b,30,70.22,2003-11-20,2003-11-30,2003-11-24,4
10191,S18_3278,b,36,75.59,2003-11-20,2003-11-30,2003-11-24,4
10191,S18_3482,b,23,119.06,2003-11-20,2003-11-30,2003-11-24,4
10191,S18_3782,a,43,60.93,2003-11-20,2003-11-30,2003-11-24,4
10191,S18_4721,b,32,136.90,2003-11-20,2003-11-30,2003-11-24,4
10191,S24_3371,b,48,53.27,2003-11-20,2003-11-30,2003-11-24,4
10191,S24_4620,b,44,77.61,2003-11-20,2003-11-30,2003-11-24,4
10192,S12_4675,b,27,99.04,2003-11-20,2003-11-29,2003-11-25,5
10192,S18_1129,b,22,140.12,2003-11-20,2003-11-29,2003-11-25,5
10192,S18_1589,b,29,100.80,2003-11-20,2003-11-29,2003-11-25,5
10192,S18_1889,b,45,70.84,2003-11-20,2003-11-29,2003-11-25,5
10192,S18_1984,b,47,128.03,2003-11-20,2003-11-29,2003-11-25,5
10192,S18_2870,b,38,110.88,2003-11-20,2003-11-29,2003-11-25,5
10192,S18_3232,b,26,137.17,2003-11-20,2003-11-29,2003-11-25,5
10192,S18_3685,b,45,125.74,2003-11-20,2003-11-29,2003-11-25,5
10192,S24_1046,b,37,72.02,2003-11-20,2003-11-29,2003-11-25,5
10192,S24_1628,b,47,49.30,2003-11-20,2003-11-29,2003-11-25,5
10192,S24_2766,b,46,86.33,2003-11-20,2003-11-29,2003-11-25,5
10192,S24_2887,b,23,112.74,2003-11-20,2003-11-29,2003-11-25,5
10192,S24_2972,b,30,33.23,2003-11-20,2003-11-29,2003-11-25,5
10192,S24_3191,b,32,69.34,2003-11-20,2003-11-29,2003-11-25,5
10192,S24_3432,b,46,93.16,2003-11-20,2003-11-29,2003-11-25,5
10192,S24_3856,b,45,112.34,2003-11-20,2003-11-29,2003-11-25,5
10193,S18_1342,c,28,92.47,2003-11-21,2003-11-28,2003-11-27,6
10193,S18_1367,c,46,46.36,2003-11-21,2003-11-28,2003-11-27,6
10193,S18_1749,c,21,153.00,2003-11-21,2003-11-28,2003-11-27,6
10193,S18_2248,c,42,60.54,2003-11-21,2003-11-28,2003-11-27,6
10193,S18_2325,c,44,115.69,2003-11-21,2003-11-28,2003-11-27,6
10193,S18_2795,c,22,143.44,2003-11-21,2003-11-28,2003-11-27,6
10193,S18_2949,c,28,87.13,2003-11-21,2003-11-28,2003-11-27,6
10193,S18_2957,c,24,53.09,2003-11-21,2003-11-28,2003-11-27,6
10193,S18_3136,c,23,97.39,2003-11-21,2003-11-28,2003-11-27,6
10193,S18_3320,c,32,79.37,2003-11-21,2003-11-28,2003-11-27,6
10193,S18_4409,c,24,92.03,2003-11-21,2003-11-28,2003-11-27,6
10193,S18_4933,b,25,66.28,2003-11-21,2003-11-28,2003-11-27,6
10193,S24_1937,c,26,32.19,2003-11-21,2003-11-28,2003-11-27,6
10193,S24_2022,c,20,44.80,2003-11-21,2003-11-28,2003-11-27,6
10193,S24_3969,c,22,38.16,2003-11-21,2003-11-28,2003-11-27,6
10193,S24_4258,c,20,92.52,2003-11-21,2003-11-28,2003-11-27,6
10194,S10_1949,b,42,203.59,2003-11-25,2003-12-02,2003-11-26,1
10194,S10_4962,b,26,134.44,2003-11-25,2003-12-02,2003-11-26,1
10194,S12_1666,d,38,124.37,2003-11-25,2003-12-02,2003-11-26,1
10194,S18_1097,d,21,103.84,2003-11-25,2003-12-02,2003-11-26,1
10194,S18_2432,d,45,51.05,2003-11-25,2003-12-02,2003-11-26,1
10194,S18_4600,d,32,113.82,2003-11-25,2003-12-02,2003-11-26,1
10194,S18_4668,c,41,47.79,2003-11-25,2003-12-02,2003-11-26,1
10194,S24_2300,d,49,112.46,2003-11-25,2003-12-02,2003-11-26,1
10194,S32_1268,d,37,77.05,2003-11-25,2003-12-02,2003-11-26,1
10194,S32_3522,d,39,61.41,2003-11-25,2003-12-02,2003-11-26,1
10194,S700_2824,b,26,80.92,2003-11-25,2003-12-02,2003-11-26,1
10195,S12_4473,d,49,118.50,2003-11-25,2003-12-01,2003-11-28,3
10195,S18_2238,b,27,139.17,2003-11-25,2003-12-01,2003-11-28,3
10195,S18_2319,d,35,112.91,2003-11-25,2003-12-01,2003-11-28,3
10195,S18_3232,b,50,150.71,2003-11-25,2003-12-01,2003-11-28,3
10195,S24_1444,b,44,54.33,2003-11-25,2003-12-01,2003-11-28,3
10195,S24_2840,b,32,31.82,2003-11-25,2003-12-01,2003-11-28,3
10195,S24_4048,b,34,95.81,2003-11-25,2003-12-01,2003-11-28,3
10195,S32_2509,d,32,51.95,2003-11-25,2003-12-01,2003-11-28,3
10195,S32_3207,d,33,59.03,2003-11-25,2003-12-01,2003-11-28,3
10195,S50_1392,d,49,97.23,2003-11-25,2003-12-01,2003-11-28,3
10196,S12_1108,b,47,203.64,2003-11-26,2003-12-03,2003-12-01,75
10196,S12_3148,b,24,151.08,2003-11-26,2003-12-03,2003-12-01,75
10196,S12_3891,b,38,147.07,2003-11-26,2003-12-03,2003-12-01,75
10196,S18_3140,c,49,127.03,2003-11-26,2003-12-03,2003-12-01,75
10196,S18_3259,d,35,81.68,2003-11-26,2003-12-03,2003-12-01,75
10196,S18_4027,b,27,126.39,2003-11-26,2003-12-03,2003-12-01,75
10196,S50_1514,d,46,56.82,2003-11-26,2003-12-03,2003-12-01,75
10196,S700_1938,d,50,84.88,2003-11-26,2003-12-03,2003-12-01,75
10197,S10_4757,b,45,118.32,2003-11-26,2003-12-02,2003-12-01,75
10197,S18_3029,d,46,83.44,2003-11-26,2003-12-02,2003-12-01,75
10197,S18_3856,c,22,85.75,2003-11-26,2003-12-02,2003-12-01,75
10197,S18_4522,c,50,78.99,2003-11-26,2003-12-02,2003-12-01,75
10197,S24_2011,d,41,109.37,2003-11-26,2003-12-02,2003-12-01,75
10197,S24_3151,c,47,83.20,2003-11-26,2003-12-02,2003-12-01,75
10197,S24_3816,c,22,67.93,2003-11-26,2003-12-02,2003-12-01,75
10197,S700_1138,d,23,60.00,2003-11-26,2003-12-02,2003-12-01,75
10197,S700_2047,d,24,78.75,2003-11-26,2003-12-02,2003-12-01,75
10197,S700_2610,d,50,66.50,2003-11-26,2003-12-02,2003-12-01,75
10197,S700_3505,d,27,100.17,2003-11-26,2003-12-02,2003-12-01,75
10197,S700_3962,d,35,88.39,2003-11-26,2003-12-02,2003-12-01,75
10197,S72_1253,a,29,39.73,2003-11-26,2003-12-02,2003-12-01,75
10197,S72_3212,d,42,48.59,2003-11-26,2003-12-02,2003-12-01,75
10198,S18_1662,a,42,149.81,2003-11-27,2003-12-06,2003-12-03,76
10198,S24_2841,a,48,60.97,2003-11-27,2003-12-06,2003-12-03,76
10198,S24_3420,c,27,61.81,2003-11-27,2003-12-06,2003-12-03,76
10198,S24_3949,a,43,65.51,2003-11-27,2003-12-06,2003-12-03,76
10198,S700_2466,a,42,94.73,2003-11-27,2003-12-06,2003-12-03,76
10198,S700_4002,a,40,74.03,2003-11-27,2003-12-06,2003-12-03,76
10199,S50_1341,c,29,37.97,2003-12-01,2003-12-10,2003-12-06,5
10199,S700_1691,a,48,81.29,2003-12-01,2003-12-10,2003-12-06,5
10199,S700_3167,a,38,70.40,2003-12-01,2003-12-10,2003-12-06,5
10200,S18_2581,a,28,74.34,2003-12-01,2003-12-09,2003-12-06,5
10200,S24_1785,a,33,99.57,2003-12-01,2003-12-09,2003-12-06,5
10200,S24_4278,a,39,70.28,2003-12-01,2003-12-09,2003-12-06,5
10200,S32_1374,a,35,80.91,2003-12-01,2003-12-09,2003-12-06,5
10200,S32_4289,c,27,65.35,2003-12-01,2003-12-09,2003-12-06,5
10200,S700_2834,a,39,115.09,2003-12-01,2003-12-09,2003-12-06,5
10201,S10_1678,a,22,82.30,2003-12-01,2003-12-11,2003-12-02,1
10201,S10_2016,a,24,116.56,2003-12-01,2003-12-11,2003-12-02,1
10201,S10_4698,a,49,191.72,2003-12-01,2003-12-11,2003-12-02,1
10201,S12_2823,a,25,126.52,2003-12-01,2003-12-11,2003-12-02,1
10201,S18_2625,a,30,48.46,2003-12-01,2003-12-11,2003-12-02,1
10201,S24_1578,a,39,93.54,2003-12-01,2003-12-11,2003-12-02,1
10201,S24_2000,a,25,66.27,2003-12-01,2003-12-11,2003-12-02,1
10202,S18_3782,a,30,55.33,2003-12-02,2003-12-09,2003-12-06,4
10202,S18_4721,b,43,124.99,2003-12-02,2003-12-09,2003-12-06,4
10202,S24_2360,a,50,56.10,2003-12-02,2003-12-09,2003-12-06,4
10202,S24_4620,b,50,75.18,2003-12-02,2003-12-09,2003-12-06,4
10202,S32_2206,a,27,33.39,2003-12-02,2003-12-09,2003-12-06,4
10202,S32_4485,a,31,81.64,2003-12-02,2003-12-09,2003-12-06,4
10202,S50_4713,a,40,79.73,2003-12-02,2003-12-09,2003-12-06,4
10203,S12_1099,b,20,161.49,2003-12-02,2003-12-11,2003-12-07,5
10203,S12_3380,b,20,111.57,2003-12-02,2003-12-11,2003-12-07,5
10203,S12_3990,b,44,63.84,2003-12-02,2003-12-11,2003-12-07,5
10203,S12_4675,b,47,115.16,2003-12-02,2003-12-11,2003-12-07,5
10203,S18_1889,b,45,73.15,2003-12-02,2003-12-11,2003-12-07,5
10203,S18_3232,b,48,157.49,2003-12-02,2003-12-11,2003-12-07,5
10203,S18_3278,b,33,66.74,2003-12-02,2003-12-11,2003-12-07,5
10203,S18_3482,b,32,127.88,2003-12-02,2003-12-11,2003-12-07,5
10203,S24_2972,b,21,33.23,2003-12-02,2003-12-11,2003-12-07,5
10203,S24_3371,b,34,56.94,2003-12-02,2003-12-11,2003-12-07,5
10203,S24_3856,b,47,140.43,2003-12-02,2003-12-11,2003-12-07,5
10204,S18_1129,b,42,114.65,2003-12-02,2003-12-10,2003-12-04,2
10204,S18_1589,b,40,113.24,2003-12-02,2003-12-10,2003-12-04,2
10204,S18_1749,c,33,153.00,2003-12-02,2003-12-10,2003-12-04,2
10204,S18_1984,b,38,133.72,2003-12-02,2003-12-10,2003-12-04,2
10204,S18_2248,c,23,59.33,2003-12-02,2003-12-10,2003-12-04,2
10204,S18_2325,c,26,119.50,2003-12-02,2003-12-10,2003-12-04,2
10204,S18_2870,b,27,106.92,2003-12-02,2003-12-10,2003-12-04,2
10204,S18_3685,b,35,132.80,2003-12-02,2003-12-10,2003-12-04,2
10204,S18_4409,c,29,83.75,2003-12-02,2003-12-10,2003-12-04,2
10204,S18_4933,b,45,69.84,2003-12-02,2003-12-10,2003-12-04,2
10204,S24_1046,b,20,69.82,2003-12-02,2003-12-10,2003-12-04,2
10204,S24_1628,b,45,46.79,2003-12-02,2003-12-10,2003-12-04,2
10204,S24_2766,b,47,79.06,2003-12-02,2003-12-10,2003-12-04,2
10204,S24_2887,b,42,112.74,2003-12-02,2003-12-10,2003-12-04,2
10204,S24_3191,b,40,84.75,2003-12-02,2003-12-10,2003-12-04,2
10204,S24_3432,b,48,104.94,2003-12-02,2003-12-10,2003-12-04,2
10204,S24_3969,c,39,34.88,2003-12-02,2003-12-10,2003-12-04,2
10205,S18_1342,c,36,98.63,2003-12-03,2003-12-09,2003-12-07,4
10205,S18_1367,c,48,45.82,2003-12-03,2003-12-09,2003-12-07,4
10205,S18_2795,c,40,138.38,2003-12-03,2003-12-09,2003-12-07,4
10205,S24_1937,c,32,27.88,2003-12-03,2003-12-09,2003-12-07,4
10205,S24_2022,c,24,36.74,2003-12-03,2003-12-09,2003-12-07,4
10206,S10_1949,b,47,203.59,2003-12-05,2003-12-13,2003-12-08,3
10206,S12_1666,d,28,109.34,2003-12-05,2003-12-13,2003-12-08,3
10206,S18_1097,d,34,115.50,2003-12-05,2003-12-13,2003-12-08,3
10206,S18_2949,c,37,98.27,2003-12-05,2003-12-13,2003-12-08,3
10206,S18_2957,c,28,51.84,2003-12-05,2003-12-13,2003-12-08,3
10206,S18_3136,c,30,102.63,2003-12-05,2003-12-13,2003-12-08,3
10206,S18_3320,c,28,99.21,2003-12-05,2003-12-13,2003-12-08,3
10206,S18_4668,c,21,45.78,2003-12-05,2003-12-13,2003-12-08,3
10206,S24_4258,c,33,95.44,2003-12-05,2003-12-13,2003-12-08,3
10206,S32_3522,d,36,54.94,2003-12-05,2003-12-13,2003-12-08,3
10206,S700_2824,b,33,89.01,2003-12-05,2003-12-13,2003-12-08,3
10207,S10_4962,b,31,125.58,2003-12-09,2003-12-17,2003-12-11,2
10207,S12_4473,d,34,95.99,2003-12-09,2003-12-17,2003-12-11,2
10207,S18_2238,b,44,140.81,2003-12-09,2003-12-17,2003-12-11,2
10207,S18_2319,d,43,109.23,2003-12-09,2003-12-17,2003-12-11,2
10207,S18_2432,d,37,60.77,2003-12-09,2003-12-17,2003-12-11,2
10207,S18_3232,b,25,140.55,2003-12-09,2003-12-17,2003-12-11,2
10207,S18_4027,b,40,143.62,2003-12-09,2003-12-17,2003-12-11,2
10207,S18_4600,d,47,119.87,2003-12-09,2003-12-17,2003-12-11,2
10207,S24_1444,b,49,57.80,2003-12-09,2003-12-17,2003-12-11,2
10207,S24_2300,d,46,127.79,2003-12-09,2003-12-17,2003-12-11,2
10207,S24_2840,b,42,30.76,2003-12-09,2003-12-17,2003-12-11,2
10207,S24_4048,b,28,108.82,2003-12-09,2003-12-17,2003-12-11,2
10207,S32_1268,d,49,84.75,2003-12-09,2003-12-17,2003-12-11,2
10207,S32_2509,d,27,51.95,2003-12-09,2003-12-17,2003-12-11,2
10207,S32_3207,d,45,55.30,2003-12-09,2003-12-17,2003-12-11,2
10207,S50_1392,d,28,106.49,2003-12-09,2003-12-17,2003-12-11,2
10208,S12_1108,b,46,176.63,2004-01-02,2004-01-11,2004-01-04,2
10208,S12_3148,b,26,128.42,2004-01-02,2004-01-11,2004-01-04,2
10208,S12_3891,b,20,152.26,2004-01-02,2004-01-11,2004-01-04,2
10208,S18_3140,c,24,117.47,2004-01-02,2004-01-11,2004-01-04,2
10208,S18_3259,d,48,96.81,2004-01-02,2004-01-11,2004-01-04,2
10208,S18_4522,c,45,72.85,2004-01-02,2004-01-11,2004-01-04,2
10208,S24_2011,d,35,122.89,2004-01-02,2004-01-11,2004-01-04,2
10208,S24_3151,c,20,80.54,2004-01-02,2004-01-11,2004-01-04,2
10208,S50_1514,d,30,57.99,2004-01-02,2004-01-11,2004-01-04,2
10208,S700_1138,d,38,56.67,2004-01-02,2004-01-11,2004-01-04,2
10208,S700_1938,d,40,73.62,2004-01-02,2004-01-11,2004-01-04,2
10208,S700_2610,d,46,63.61,2004-01-02,2004-01-11,2004-01-04,2
10208,S700_3505,d,37,95.16,2004-01-02,2004-01-11,2004-01-04,2
10208,S700_3962,d,33,95.34,2004-01-02,2004-01-11,2004-01-04,2
10208,S72_3212,d,42,48.05,2004-01-02,2004-01-11,2004-01-04,2
10209,S10_4757,b,39,129.20,2004-01-09,2004-01-15,2004-01-12,3
10209,S18_3029,d,28,82.58,2004-01-09,2004-01-15,2004-01-12,3
10209,S18_3856,c,20,97.40,2004-01-09,2004-01-15,2004-01-12,3
10209,S24_2841,a,43,66.45,2004-01-09,2004-01-15,2004-01-12,3
10209,S24_3420,c,36,56.55,2004-01-09,2004-01-15,2004-01-12,3
10209,S24_3816,c,22,79.67,2004-01-09,2004-01-15,2004-01-12,3
10209,S700_2047,d,33,90.52,2004-01-09,2004-01-15,2004-01-12,3
10209,S72_1253,a,48,44.20,2004-01-09,2004-01-15,2004-01-12,3
10210,S10_2016,a,23,112.99,2004-01-12,2004-01-22,2004-01-20,8
10210,S10_4698,a,34,189.79,2004-01-12,2004-01-22,2004-01-20,8
10210,S18_1662,a,31,141.92,2004-01-12,2004-01-22,2004-01-20,8
10210,S18_2581,a,50,68.43,2004-01-12,2004-01-22,2004-01-20,8
10210,S18_2625,a,40,51.48,2004-01-12,2004-01-22,2004-01-20,8
10210,S24_1785,a,27,100.67,2004-01-12,2004-01-22,2004-01-20,8
10210,S24_2000,a,30,63.22,2004-01-12,2004-01-22,2004-01-20,8
10210,S24_3949,a,29,56.64,2004-01-12,2004-01-22,2004-01-20,8
10210,S24_4278,a,40,68.10,2004-01-12,2004-01-22,2004-01-20,8
10210,S32_1374,a,46,84.91,2004-01-12,2004-01-22,2004-01-20,8
10210,S32_4289,c,39,57.10,2004-01-12,2004-01-22,2004-01-20,8
10210,S50_1341,c,43,43.20,2004-01-12,2004-01-22,2004-01-20,8
10210,S700_1691,a,21,87.69,2004-01-12,2004-01-22,2004-01-20,8
10210,S700_2466,a,26,93.74,2004-01-12,2004-01-22,2004-01-20,8
10210,S700_2834,a,25,98.48,2004-01-12,2004-01-22,2004-01-20,8
10210,S700_3167,a,31,64.00,2004-01-12,2004-01-22,2004-01-20,8
10210,S700_4002,a,42,60.70,2004-01-12,2004-01-22,2004-01-20,8
10211,S10_1678,a,41,90.92,2004-01-15,2004-01-25,2004-01-18,3
10211,S12_1099,b,41,171.22,2004-01-15,2004-01-25,2004-01-18,3
10211,S12_2823,a,36,126.52,2004-01-15,2004-01-25,2004-01-18,3
10211,S12_3990,b,28,79.80,2004-01-15,2004-01-25,2004-01-18,3
10211,S18_3278,b,35,73.17,2004-01-15,2004-01-25,2004-01-18,3
10211,S18_3482,b,28,138.17,2004-01-15,2004-01-25,2004-01-18,3
10211,S18_3782,a,46,60.30,2004-01-15,2004-01-25,2004-01-18,3
10211,S18_4721,b,41,148.80,2004-01-15,2004-01-25,2004-01-18,3
10211,S24_1578,a,25,109.32,2004-01-15,2004-01-25,2004-01-18,3
10211,S24_2360,a,21,62.33,2004-01-15,2004-01-25,2004-01-18,3
10211,S24_3371,b,48,52.66,2004-01-15,2004-01-25,2004-01-18,3
10211,S24_4620,b,22,80.84,2004-01-15,2004-01-25,2004-01-18,3
10211,S32_2206,a,41,39.83,2004-01-15,2004-01-25,2004-01-18,3
10211,S32_4485,a,37,94.91,2004-01-15,2004-01-25,2004-01-18,3
10211,S50_4713,a,40,70.78,2004-01-15,2004-01-25,2004-01-18,3
10212,S12_3380,b,39,99.82,2004-01-16,2004-01-24,2004-01-18,2
10212,S12_4675,b,33,110.55,2004-01-16,2004-01-24,2004-01-18,2
10212,S18_1129,b,29,117.48,2004-01-16,2004-01-24,2004-01-18,2
10212,S18_1589,b,38,105.77,2004-01-16,2004-01-24,2004-01-18,2
10212,S18_1889,b,20,64.68,2004-01-16,2004-01-24,2004-01-18,2
10212,S18_1984,b,41,133.72,2004-01-16,2004-01-24,2004-01-18,2
10212,S18_2870,b,40,117.48,2004-01-16,2004-01-24,2004-01-18,2
10212,S18_3232,b,40,155.79,2004-01-16,2004-01-24,2004-01-18,2
10212,S18_3685,b,45,115.85,2004-01-16,2004-01-24,2004-01-18,2
10212,S24_1046,b,41,61.73,2004-01-16,2004-01-24,2004-01-18,2
10212,S24_1628,b,45,43.27,2004-01-16,2004-01-24,2004-01-18,2
10212,S24_2766,b,45,81.78,2004-01-16,2004-01-24,2004-01-18,2
10212,S24_2972,b,34,37.38,2004-01-16,2004-01-24,2004-01-18,2
10212,S24_3191,b,27,77.91,2004-01-16,2004-01-24,2004-01-18,2
10212,S24_3432,b,46,100.66,2004-01-16,2004-01-24,2004-01-18,2
10212,S24_3856,b,49,117.96,2004-01-16,2004-01-24,2004-01-18,2
10213,S18_4409,c,38,84.67,2004-01-22,2004-01-28,2004-01-27,5
10213,S18_4933,b,25,58.44,2004-01-22,2004-01-28,2004-01-27,5
10213,S24_2887,b,27,97.48,2004-01-22,2004-01-28,2004-01-27,5
10214,S18_1749,c,30,166.60,2004-01-26,2004-02-04,2004-01-29,3
10214,S18_2248,c,21,53.28,2004-01-26,2004-02-04,2004-01-29,3
10214,S18_2325,c,27,125.86,2004-01-26,2004-02-04,2004-01-29,3
10214,S18_2795,c,50,167.06,2004-01-26,2004-02-04,2004-01-29,3
10214,S24_1937,c,20,32.19,2004-01-26,2004-02-04,2004-01-29,3
10214,S24_2022,c,49,39.87,2004-01-26,2004-02-04,2004-01-29,3
10214,S24_3969,c,44,38.57,2004-01-26,2004-02-04,2004-01-29,3
10215,S10_1949,b,35,205.73,2004-01-29,2004-02-08,2004-02-01,72
10215,S18_1097,d,46,100.34,2004-01-29,2004-02-08,2004-02-01,72
10215,S18_1342,c,27,92.47,2004-01-29,2004-02-08,2004-02-01,72
10215,S18_1367,c,33,53.91,2004-01-29,2004-02-08,2004-02-01,72
10215,S18_2949,c,49,97.26,2004-01-29,2004-02-08,2004-02-01,72
10215,S18_2957,c,31,56.21,2004-01-29,2004-02-08,2004-02-01,72
10215,S18_3136,c,49,89.01,2004-01-29,2004-02-08,2004-02-01,72
10215,S18_3320,c,41,84.33,2004-01-29,2004-02-08,2004-02-01,72
10215,S18_4668,c,46,42.76,2004-01-29,2004-02-08,2004-02-01,72
10215,S24_4258,c,39,94.47,2004-01-29,2004-02-08,2004-02-01,72
10216,S12_1666,d,43,133.94,2004-02-02,2004-02-10,2004-02-04,2
10217,S10_4962,b,48,132.97,2004-02-04,2004-02-14,2004-02-06,2
10217,S18_2432,d,35,58.34,2004-02-04,2004-02-14,2004-02-06,2
10217,S18_4600,d,38,118.66,2004-02-04,2004-02-14,2004-02-06,2
10217,S24_2300,d,28,103.51,2004-02-04,2004-02-14,2004-02-06,2
10217,S32_1268,d,21,78.97,2004-02-04,2004-02-14,2004-02-06,2
10217,S32_3522,d,39,56.24,2004-02-04,2004-02-14,2004-02-06,2
10217,S700_2824,b,31,90.02,2004-02-04,2004-02-14,2004-02-06,2
10218,S18_2319,d,22,110.46,2004-02-09,2004-02-16,2004-02-11,2
10218,S18_3232,b,34,152.41,2004-02-09,2004-02-16,2004-02-11,2
10219,S12_4473,d,48,94.80,2004-02-10,2004-02-17,2004-02-12,2
10219,S18_2238,b,43,132.62,2004-02-10,2004-02-17,2004-02-12,2
10219,S24_2840,b,21,31.12,2004-02-10,2004-02-17,2004-02-12,2
10219,S32_2509,d,35,47.62,2004-02-10,2004-02-17,2004-02-12,2
10220,S12_1108,b,32,189.10,2004-02-12,2004-02-19,2004-02-16,4
10220,S12_3148,b,30,151.08,2004-02-12,2004-02-19,2004-02-16,4
10220,S12_3891,b,27,166.10,2004-02-12,2004-02-19,2004-02-16,4
10220,S18_4027,b,50,126.39,2004-02-12,2004-02-19,2004-02-16,4
10220,S24_1444,b,26,48.55,2004-02-12,2004-02-19,2004-02-16,4
10220,S24_4048,b,37,101.72,2004-02-12,2004-02-19,2004-02-16,4
10220,S32_3207,d,20,49.71,2004-02-12,2004-02-19,2004-02-16,4
10220,S50_1392,d,37,92.60,2004-02-12,2004-02-19,2004-02-16,4
10220,S50_1514,d,30,56.82,2004-02-12,2004-02-19,2004-02-16,4
10221,S18_3140,c,33,133.86,2004-02-18,2004-02-26,2004-02-19,1
10221,S18_3259,d,23,89.75,2004-02-18,2004-02-26,2004-02-19,1
10221,S18_4522,c,39,84.26,2004-02-18,2004-02-26,2004-02-19,1
10221,S24_2011,d,49,113.06,2004-02-18,2004-02-26,2004-02-19,1
10221,S700_1938,d,23,69.29,2004-02-18,2004-02-26,2004-02-19,1
10222,S10_4757,b,49,133.28,2004-02-19,2004-02-27,2004-02-20,1
10222,S18_1662,a,49,137.19,2004-02-19,2004-02-27,2004-02-20,1
10222,S18_3029,d,49,79.14,2004-02-19,2004-02-27,2004-02-20,1
10222,S18_3856,c,45,88.93,2004-02-19,2004-02-27,2004-02-20,1
10222,S24_2841,a,32,56.86,2004-02-19,2004-02-27,2004-02-20,1
10222,S24_3151,c,47,74.35,2004-02-19,2004-02-27,2004-02-20,1
10222,S24_3420,c,43,61.15,2004-02-19,2004-02-27,2004-02-20,1
10222,S24_3816,c,46,77.99,2004-02-19,2004-02-27,2004-02-20,1
10222,S24_3949,a,48,55.27,2004-02-19,2004-02-27,2004-02-20,1
10222,S700_1138,d,31,58.67,2004-02-19,2004-02-27,2004-02-20,1
10222,S700_2047,d,26,80.56,2004-02-19,2004-02-27,2004-02-20,1
10222,S700_2466,a,37,90.75,2004-02-19,2004-02-27,2004-02-20,1
10222,S700_2610,d,36,69.39,2004-02-19,2004-02-27,2004-02-20,1
10222,S700_3505,d,38,84.14,2004-02-19,2004-02-27,2004-02-20,1
10222,S700_3962,d,31,81.43,2004-02-19,2004-02-27,2004-02-20,1
10222,S700_4002,a,43,66.63,2004-02-19,2004-02-27,2004-02-20,1
10222,S72_1253,a,31,45.19,2004-02-19,2004-02-27,2004-02-20,1
10222,S72_3212,d,36,48.59,2004-02-19,2004-02-27,2004-02-20,1
10223,S10_1678,a,37,80.39,2004-02-20,2004-02-29,2004-02-24,4
10223,S10_2016,a,47,110.61,2004-02-20,2004-02-29,2004-02-24,4
10223,S10_4698,a,49,189.79,2004-02-20,2004-02-29,2004-02-24,4
10223,S18_2581,a,47,67.58,2004-02-20,2004-02-29,2004-02-24,4
10223,S18_2625,a,28,58.75,2004-02-20,2004-02-29,2004-02-24,4
10223,S24_1578,a,32,104.81,2004-02-20,2004-02-29,2004-02-24,4
10223,S24_1785,a,34,87.54,2004-02-20,2004-02-29,2004-02-24,4
10223,S24_2000,a,38,60.94,2004-02-20,2004-02-29,2004-02-24,4
10223,S24_4278,a,23,68.10,2004-02-20,2004-02-29,2004-02-24,4
10223,S32_1374,a,21,90.90,2004-02-20,2004-02-29,2004-02-24,4
10223,S32_4289,c,20,66.73,2004-02-20,2004-02-29,2004-02-24,4
10223,S50_1341,c,41,41.02,2004-02-20,2004-02-29,2004-02-24,4
10223,S700_1691,a,25,84.03,2004-02-20,2004-02-29,2004-02-24,4
10223,S700_2834,a,29,113.90,2004-02-20,2004-02-29,2004-02-24,4
10223,S700_3167,a,26,79.20,2004-02-20,2004-02-29,2004-02-24,4
10224,S12_2823,a,43,141.58,2004-02-21,2004-03-02,2004-02-26,5
10224,S18_3782,a,38,57.20,2004-02-21,2004-03-02,2004-02-26,5
10224,S24_2360,a,37,60.26,2004-02-21,2004-03-02,2004-02-26,5
10224,S32_2206,a,43,37.01,2004-02-21,2004-03-02,2004-02-26,5
10224,S32_4485,a,30,94.91,2004-02-21,2004-03-02,2004-02-26,5
10224,S50_4713,a,50,81.36,2004-02-21,2004-03-02,2004-02-26,5
10225,S12_1099,b,27,157.60,2004-02-22,2004-03-01,2004-02-24,2
10225,S12_3380,b,25,101.00,2004-02-22,2004-03-01,2004-02-24,2
10225,S12_3990,b,37,64.64,2004-02-22,2004-03-01,2004-02-24,2
10225,S12_4675,b,21,100.19,2004-02-22,2004-03-01,2004-02-24,2
10225,S18_1129,b,32,116.06,2004-02-22,2004-03-01,2004-02-24,2
10225,S18_1889,b,47,71.61,2004-02-22,2004-03-01,2004-02-24,2
10225,S18_3232,b,43,162.57,2004-02-22,2004-03-01,2004-02-24,2
10225,S18_3278,b,37,69.96,2004-02-22,2004-03-01,2004-02-24,2
10225,S18_3482,b,27,119.06,2004-02-22,2004-03-01,2004-02-24,2
10225,S18_4721,b,35,135.41,2004-02-22,2004-03-01,2004-02-24,2
10225,S24_2972,b,42,34.74,2004-02-22,2004-03-01,2004-02-24,2
10225,S24_3371,b,24,51.43,2004-02-22,2004-03-01,2004-02-24,2
10225,S24_3856,b,40,130.60,2004-02-22,2004-03-01,2004-02-24,2
10225,S24_4620,b,46,77.61,2004-02-22,2004-03-01,2004-02-24,2
10226,S18_1589,b,38,108.26,2004-02-26,2004-03-06,2004-03-02,76
10226,S18_1984,b,24,129.45,2004-02-26,2004-03-06,2004-03-02,76
10226,S18_2870,b,24,125.40,2004-02-26,2004-03-06,2004-03-02,76
10226,S18_3685,b,46,122.91,2004-02-26,2004-03-06,2004-03-02,76
10226,S24_1046,b,21,65.41,2004-02-26,2004-03-06,2004-03-02,76
10226,S24_1628,b,36,47.79,2004-02-26,2004-03-06,2004-03-02,76
10226,S24_3432,b,48,95.30,2004-02-26,2004-03-06,2004-03-02,76
10227,S18_1342,c,25,85.27,2004-03-02,2004-03-12,2004-03-08,6
10227,S18_1367,c,31,50.14,2004-03-02,2004-03-12,2004-03-08,6
10227,S18_1749,c,26,136.00,2004-03-02,2004-03-12,2004-03-08,6
10227,S18_2248,c,28,59.93,2004-03-02,2004-03-12,2004-03-08,6
10227,S18_2325,c,46,118.23,2004-03-02,2004-03-12,2004-03-08,6
10227,S18_2795,c,29,146.81,2004-03-02,2004-03-12,2004-03-08,6
10227,S18_3320,c,33,99.21,2004-03-02,2004-03-12,2004-03-08,6
10227,S18_4409,c,34,87.43,2004-03-02,2004-03-12,2004-03-08,6
10227,S18_4933,b,37,70.56,2004-03-02,2004-03-12,2004-03-08,6
10227,S24_1937,c,42,27.22,2004-03-02,2004-03-12,2004-03-08,6
10227,S24_2022,c,24,39.42,2004-03-02,2004-03-12,2004-03-08,6
10227,S24_2766,b,47,84.51,2004-03-02,2004-03-12,2004-03-08,6
10227,S24_2887,b,33,102.17,2004-03-02,2004-03-12,2004-03-08,6
10227,S24_3191,b,40,78.76,2004-03-02,2004-03-12,2004-03-08,6
10227,S24_3969,c,27,34.88,2004-03-02,2004-03-12,2004-03-08,6
10228,S10_1949,b,29,214.30,2004-03-10,2004-03-18,2004-03-13,3
10228,S18_1097,d,32,100.34,2004-03-10,2004-03-18,2004-03-13,3
10228,S18_2949,c,24,101.31,2004-03-10,2004-03-18,2004-03-13,3
10228,S18_2957,c,45,57.46,2004-03-10,2004-03-18,2004-03-13,3
10228,S18_3136,c,31,100.53,2004-03-10,2004-03-18,2004-03-13,3
10228,S24_4258,c,33,84.73,2004-03-10,2004-03-18,2004-03-13,3
10229,S10_4962,b,50,138.88,2004-03-11,2004-03-20,2004-03-12,1
10229,S12_1666,d,25,110.70,2004-03-11,2004-03-20,2004-03-12,1
10229,S12_4473,d,36,95.99,2004-03-11,2004-03-20,2004-03-12,1
10229,S18_2319,d,26,104.32,2004-03-11,2004-03-20,2004-03-12,1
10229,S18_2432,d,28,53.48,2004-03-11,2004-03-20,2004-03-12,1
10229,S18_3232,b,22,157.49,2004-03-11,2004-03-20,2004-03-12,1
10229,S18_4600,d,41,119.87,2004-03-11,2004-03-20,2004-03-12,1
10229,S18_4668,c,39,43.77,2004-03-11,2004-03-20,2004-03-12,1
10229,S24_2300,d,48,115.01,2004-03-11,2004-03-20,2004-03-12,1
10229,S24_2840,b,33,34.65,2004-03-11,2004-03-20,2004-03-12,1
10229,S32_1268,d,25,78.97,2004-03-11,2004-03-20,2004-03-12,1
10229,S32_2509,d,23,49.78,2004-03-11,2004-03-20,2004-03-12,1
10229,S32_3522,d,30,52.36,2004-03-11,2004-03-20,2004-03-12,1
10229,S700_2824,b,50,91.04,2004-03-11,2004-03-20,2004-03-12,1
10230,S12_3148,b,43,128.42,2004-03-15,2004-03-24,2004-03-20,5
10230,S18_2238,b,49,153.91,2004-03-15,2004-03-24,2004-03-20,5
10230,S18_4027,b,42,142.18,2004-03-15,2004-03-24,2004-03-20,5
10230,S24_1444,b,36,47.40,2004-03-15,2004-03-24,2004-03-20,5
10230,S24_4048,b,45,99.36,2004-03-15,2004-03-24,2004-03-20,5
10230,S32_3207,d,46,59.03,2004-03-15,2004-03-24,2004-03-20,5
10230,S50_1392,d,34,100.70,2004-03-15,2004-03-24,2004-03-20,5
10230,S50_1514,d,43,57.41,2004-03-15,2004-03-24,2004-03-20,5
10231,S12_1108,b,42,193.25,2004-03-19,2004-03-26,2004-03-25,6
10231,S12_3891,b,49,147.07,2004-03-19,2004-03-26,2004-03-25,6
10232,S18_3140,c,22,133.86,2004-03-20,2004-03-30,2004-03-25,5
10232,S18_3259,d,48,97.81,2004-03-20,2004-03-30,2004-03-25,5
10232,S18_4522,c,23,78.12,2004-03-20,2004-03-30,2004-03-25,5
10232,S24_2011,d,46,113.06,2004-03-20,2004-03-30,2004-03-25,5
10232,S700_1938,d,26,84.88,2004-03-20,2004-03-30,2004-03-25,5
10232,S700_3505,d,48,86.15,2004-03-20,2004-03-30,2004-03-25,5
10232,S700_3962,d,35,81.43,2004-03-20,2004-03-30,2004-03-25,5
10232,S72_3212,d,24,48.59,2004-03-20,2004-03-30,2004-03-25,5
10233,S24_3151,c,40,70.81,2004-03-29,2004-04-04,2004-04-02,73
10233,S700_1138,d,36,66.00,2004-03-29,2004-04-04,2004-04-02,73
10233,S700_2610,d,29,67.94,2004-03-29,2004-04-04,2004-04-02,73
10234,S10_4757,b,48,118.32,2004-03-30,2004-04-05,2004-04-02,72
10234,S18_1662,a,50,146.65,2004-03-30,2004-04-05,2004-04-02,72
10234,S18_3029,d,48,84.30,2004-03-30,2004-04-05,2004-04-02,72
10234,S18_3856,c,39,85.75,2004-03-30,2004-04-05,2004-04-02,72
10234,S24_2841,a,44,67.14,2004-03-30,2004-04-05,2004-04-02,72
10234,S24_3420,c,25,65.09,2004-03-30,2004-04-05,2004-04-02,72
10234,S24_3816,c,31,78.83,2004-03-30,2004-04-05,2004-04-02,72
10234,S700_2047,d,29,83.28,2004-03-30,2004-04-05,2004-04-02,72
10234,S72_1253,a,40,45.69,2004-03-30,2004-04-05,2004-04-02,72
10235,S18_2581,a,24,81.95,2004-04-02,2004-04-12,2004-04-06,4
10235,S24_1785,a,23,89.72,2004-04-02,2004-04-12,2004-04-06,4
10235,S24_3949,a,33,55.27,2004-04-02,2004-04-12,2004-04-06,4
10235,S24_4278,a,40,63.03,2004-04-02,2004-04-12,2004-04-06,4
10235,S32_1374,a,41,90.90,2004-04-02,2004-04-12,2004-04-06,4
10235,S32_4289,c,34,66.73,2004-04-02,2004-04-12,2004-04-06,4
10235,S50_1341,c,41,37.09,2004-04-02,2004-04-12,2004-04-06,4
10235,S700_1691,a,25,88.60,2004-04-02,2004-04-12,2004-04-06,4
10235,S700_2466,a,38,92.74,2004-04-02,2004-04-12,2004-04-06,4
10235,S700_2834,a,25,116.28,2004-04-02,2004-04-12,2004-04-06,4
10235,S700_3167,a,32,73.60,2004-04-02,2004-04-12,2004-04-06,4
10235,S700_4002,a,34,70.33,2004-04-02,2004-04-12,2004-04-06,4
10236,S10_2016,a,22,105.86,2004-04-03,2004-04-11,2004-04-08,5
10236,S18_2625,a,23,52.70,2004-04-03,2004-04-11,2004-04-08,5
10236,S24_2000,a,36,65.51,2004-04-03,2004-04-11,2004-04-08,5
10237,S10_1678,a,23,91.87,2004-04-05,2004-04-12,2004-04-10,5
10237,S10_4698,a,39,158.80,2004-04-05,2004-04-12,2004-04-10,5
10237,S12_2823,a,32,129.53,2004-04-05,2004-04-12,2004-04-10,5
10237,S18_3782,a,26,49.74,2004-04-05,2004-04-12,2004-04-10,5
10237,S24_1578,a,20,109.32,2004-04-05,2004-04-12,2004-04-10,5
10237,S24_2360,a,26,62.33,2004-04-05,2004-04-12,2004-04-10,5
10237,S32_2206,a,26,35.00,2004-04-05,2004-04-12,2004-04-10,5
10237,S32_4485,a,27,94.91,2004-04-05,2004-04-12,2004-04-10,5
10237,S50_4713,a,20,78.92,2004-04-05,2004-04-12,2004-04-10,5
10238,S12_1099,b,28,161.49,2004-04-09,2004-04-16,2004-04-10,1
10238,S12_3380,b,29,104.52,2004-04-09,2004-04-16,2004-04-10,1
10238,S12_3990,b,20,73.42,2004-04-09,2004-04-16,2004-04-10,1
10238,S18_3278,b,41,68.35,2004-04-09,2004-04-16,2004-04-10,1
10238,S18_3482,b,49,144.05,2004-04-09,2004-04-16,2004-04-10,1
10238,S18_4721,b,44,120.53,2004-04-09,2004-04-16,2004-04-10,1
10238,S24_3371,b,47,53.88,2004-04-09,2004-04-16,2004-04-10,1
10238,S24_4620,b,22,67.91,2004-04-09,2004-04-16,2004-04-10,1
10239,S12_4675,b,21,100.19,2004-04-12,2004-04-21,2004-04-17,5
10239,S18_1889,b,46,70.07,2004-04-12,2004-04-21,2004-04-17,5
10239,S18_3232,b,47,135.47,2004-04-12,2004-04-21,2004-04-17,5
10239,S24_2972,b,20,32.47,2004-04-12,2004-04-21,2004-04-17,5
10239,S24_3856,b,29,133.41,2004-04-12,2004-04-21,2004-04-17,5
10240,S18_1129,b,41,125.97,2004-04-13,2004-04-20,2004-04-20,7
10240,S18_1984,b,37,136.56,2004-04-13,2004-04-20,2004-04-20,7
10240,S18_3685,b,37,134.22,2004-04-13,2004-04-20,2004-04-20,7
10241,S18_1589,b,21,119.46,2004-04-13,2004-04-20,2004-04-19,6
10241,S18_1749,c,41,153.00,2004-04-13,2004-04-20,2004-04-19,6
10241,S18_2248,c,33,55.70,2004-04-13,2004-04-20,2004-04-19,6
10241,S18_2870,b,44,126.72,2004-04-13,2004-04-20,2004-04-19,6
10241,S18_4409,c,42,77.31,2004-04-13,2004-04-20,2004-04-19,6
10241,S18_4933,b,30,62.72,2004-04-13,2004-04-20,2004-04-19,6
10241,S24_1046,b,22,72.02,2004-04-13,2004-04-20,2004-04-19,6
10241,S24_1628,b,21,47.29,2004-04-13,2004-04-20,2004-04-19,6
10241,S24_2766,b,47,89.05,2004-04-13,2004-04-20,2004-04-19,6
10241,S24_2887,b,28,117.44,2004-04-13,2004-04-20,2004-04-19,6
10241,S24_3191,b,26,69.34,2004-04-13,2004-04-20,2004-04-19,6
10241,S24_3432,b,27,107.08,2004-04-13,2004-04-20,2004-04-19,6
10242,S24_3969,c,46,36.52,2004-04-20,2004-04-28,2004-04-25,5
10243,S18_2325,c,47,111.87,2004-04-26,2004-05-03,2004-04-28,2
10243,S24_1937,c,33,30.87,2004-04-26,2004-05-03,2004-04-28,2
10244,S18_1342,c,40,99.66,2004-04-29,2004-05-09,2004-05-04,75
10244,S18_1367,c,20,48.52,2004-04-29,2004-05-09,2004-05-04,75
10244,S18_2795,c,43,141.75,2004-04-29,2004-05-09,2004-05-04,75
10244,S18_2949,c,30,87.13,2004-04-29,2004-05-09,2004-05-04,75
10244,S18_2957,c,24,54.96,2004-04-29,2004-05-09,2004-05-04,75
10244,S18_3136,c,29,85.87,2004-04-29,2004-05-09,2004-05-04,75
10244,S18_3320,c,36,87.30,2004-04-29,2004-05-09,2004-05-04,75
10244,S24_2022,c,39,42.11,2004-04-29,2004-05-09,2004-05-04,75
10244,S24_4258,c,40,97.39,2004-04-29,2004-05-09,2004-05-04,75
10245,S10_1949,b,34,195.01,2004-05-04,2004-05-12,2004-05-09,5
10245,S10_4962,b,28,147.74,2004-05-04,2004-05-12,2004-05-09,5
10245,S12_1666,d,38,120.27,2004-05-04,2004-05-12,2004-05-09,5
10245,S18_1097,d,29,114.34,2004-05-04,2004-05-12,2004-05-09,5
10245,S18_4600,d,21,111.39,2004-05-04,2004-05-12,2004-05-09,5
10245,S18_4668,c,45,48.80,2004-05-04,2004-05-12,2004-05-09,5
10245,S32_1268,d,37,81.86,2004-05-04,2004-05-12,2004-05-09,5
10245,S32_3522,d,44,54.94,2004-05-04,2004-05-12,2004-05-09,5
10245,S700_2824,b,44,81.93,2004-05-04,2004-05-12,2004-05-09,5
10246,S12_4473,d,46,99.54,2004-05-05,2004-05-13,2004-05-06,1
10246,S18_2238,b,40,144.08,2004-05-05,2004-05-13,2004-05-06,1
10246,S18_2319,d,22,100.64,2004-05-05,2004-05-13,2004-05-06,1
10246,S18_2432,d,30,57.73,2004-05-05,2004-05-13,2004-05-06,1
10246,S18_3232,b,36,145.63,2004-05-05,2004-05-13,2004-05-06,1
10246,S24_1444,b,44,46.24,2004-05-05,2004-05-13,2004-05-06,1
10246,S24_2300,d,29,118.84,2004-05-05,2004-05-13,2004-05-06,1
10246,S24_2840,b,49,34.65,2004-05-05,2004-05-13,2004-05-06,1
10246,S24_4048,b,46,100.54,2004-05-05,2004-05-13,2004-05-06,1
10246,S32_2509,d,35,45.45,2004-05-05,2004-05-13,2004-05-06,1
10246,S50_1392,d,22,113.44,2004-05-05,2004-05-13,2004-05-06,1
10247,S12_1108,b,44,195.33,2004-05-05,2004-05-11,2004-05-08,3
10247,S12_3148,b,25,140.50,2004-05-05,2004-05-11,2004-05-08,3
10247,S12_3891,b,27,167.83,2004-05-05,2004-05-11,2004-05-08,3
10247,S18_4027,b,48,143.62,2004-05-05,2004-05-11,2004-05-08,3
10247,S32_3207,d,40,58.41,2004-05-05,2004-05-11,2004-05-08,3
10247,S50_1514,d,49,51.55,2004-05-05,2004-05-11,2004-05-08,3
10248,S10_4757,b,20,126.48,2004-05-07,2004-05-14,NULL,NULL
10248,S18_3029,d,21,80.86,2004-05-07,2004-05-14,NULL,NULL
10248,S18_3140,c,32,133.86,2004-05-07,2004-05-14,NULL,NULL
10248,S18_3259,d,42,95.80,2004-05-07,2004-05-14,NULL,NULL
10248,S18_4522,c,42,87.77,2004-05-07,2004-05-14,NULL,NULL
10248,S24_2011,d,48,122.89,2004-05-07,2004-05-14,NULL,NULL
10248,S24_3151,c,30,85.85,2004-05-07,2004-05-14,NULL,NULL
10248,S24_3816,c,23,83.02,2004-05-07,2004-05-14,NULL,NULL
10248,S700_1138,d,36,66.00,2004-05-07,2004-05-14,NULL,NULL
10248,S700_1938,d,40,81.41,2004-05-07,2004-05-14,NULL,NULL
10248,S700_2610,d,32,69.39,2004-05-07,2004-05-14,NULL,NULL
10248,S700_3505,d,30,84.14,2004-05-07,2004-05-14,NULL,NULL
10248,S700_3962,d,35,92.36,2004-05-07,2004-05-14,NULL,NULL
10248,S72_3212,d,23,53.51,2004-05-07,2004-05-14,NULL,NULL
10249,S18_3856,c,46,88.93,2004-05-08,2004-05-17,2004-05-11,3
10249,S24_2841,a,20,54.81,2004-05-08,2004-05-17,2004-05-11,3
10249,S24_3420,c,25,65.75,2004-05-08,2004-05-17,2004-05-11,3
10249,S700_2047,d,40,85.99,2004-05-08,2004-05-17,2004-05-11,3
10249,S72_1253,a,32,49.16,2004-05-08,2004-05-17,2004-05-11,3
10250,S18_1662,a,45,148.23,2004-05-11,2004-05-19,2004-05-15,4
10250,S18_2581,a,27,84.48,2004-05-11,2004-05-19,2004-05-15,4
10250,S24_1785,a,31,95.20,2004-05-11,2004-05-19,2004-05-15,4
10250,S24_2000,a,32,63.22,2004-05-11,2004-05-19,2004-05-15,4
10250,S24_3949,a,40,61.42,2004-05-11,2004-05-19,2004-05-15,4
10250,S24_4278,a,37,72.45,2004-05-11,2004-05-19,2004-05-15,4
10250,S32_1374,a,31,99.89,2004-05-11,2004-05-19,2004-05-15,4
10250,S32_4289,c,50,62.60,2004-05-11,2004-05-19,2004-05-15,4
10250,S50_1341,c,36,36.66,2004-05-11,2004-05-19,2004-05-15,4
10250,S700_1691,a,31,91.34,2004-05-11,2004-05-19,2004-05-15,4
10250,S700_2466,a,35,90.75,2004-05-11,2004-05-19,2004-05-15,4
10250,S700_2834,a,44,98.48,2004-05-11,2004-05-19,2004-05-15,4
10250,S700_3167,a,44,76.00,2004-05-11,2004-05-19,2004-05-15,4
10250,S700_4002,a,38,65.89,2004-05-11,2004-05-19,2004-05-15,4
10251,S10_1678,a,59,93.79,2004-05-18,2004-05-24,2004-05-24,6
10251,S10_2016,a,44,115.37,2004-05-18,2004-05-24,2004-05-24,6
10251,S10_4698,a,43,172.36,2004-05-18,2004-05-24,2004-05-24,6
10251,S12_2823,a,46,129.53,2004-05-18,2004-05-24,2004-05-24,6
10251,S18_2625,a,44,58.15,2004-05-18,2004-05-24,2004-05-24,6
10251,S24_1578,a,50,91.29,2004-05-18,2004-05-24,2004-05-24,6
10252,S18_3278,b,20,74.78,2004-05-26,2004-06-04,2004-05-29,3
10252,S18_3482,b,41,145.52,2004-05-26,2004-06-04,2004-05-29,3
10252,S18_3782,a,31,50.36,2004-05-26,2004-06-04,2004-05-29,3
10252,S18_4721,b,26,127.97,2004-05-26,2004-06-04,2004-05-29,3
10252,S24_2360,a,47,63.03,2004-05-26,2004-06-04,2004-05-29,3
10252,S24_4620,b,38,69.52,2004-05-26,2004-06-04,2004-05-29,3
10252,S32_2206,a,36,36.21,2004-05-26,2004-06-04,2004-05-29,3
10252,S32_4485,a,25,93.89,2004-05-26,2004-06-04,2004-05-29,3
10252,S50_4713,a,48,72.41,2004-05-26,2004-06-04,2004-05-29,3
10253,S12_1099,b,24,157.60,2004-06-01,2004-06-09,2004-06-02,1
10253,S12_3380,b,22,102.17,2004-06-01,2004-06-09,2004-06-02,1
10253,S12_3990,b,25,67.03,2004-06-01,2004-06-09,2004-06-02,1
10253,S12_4675,b,41,109.40,2004-06-01,2004-06-09,2004-06-02,1
10253,S18_1129,b,26,130.22,2004-06-01,2004-06-09,2004-06-02,1
10253,S18_1589,b,24,103.29,2004-06-01,2004-06-09,2004-06-02,1
10253,S18_1889,b,23,67.76,2004-06-01,2004-06-09,2004-06-02,1
10253,S18_1984,b,33,130.87,2004-06-01,2004-06-09,2004-06-02,1
10253,S18_2870,b,37,114.84,2004-06-01,2004-06-09,2004-06-02,1
10253,S18_3232,b,40,145.63,2004-06-01,2004-06-09,2004-06-02,1
10253,S18_3685,b,31,139.87,2004-06-01,2004-06-09,2004-06-02,1
10253,S24_2972,b,40,34.74,2004-06-01,2004-06-09,2004-06-02,1
10253,S24_3371,b,24,50.82,2004-06-01,2004-06-09,2004-06-02,1
10253,S24_3856,b,39,115.15,2004-06-01,2004-06-09,2004-06-02,1
10254,S18_1749,c,49,137.70,2004-06-03,2004-06-13,2004-06-04,1
10254,S18_2248,c,36,55.09,2004-06-03,2004-06-13,2004-06-04,1
10254,S18_2325,c,41,102.98,2004-06-03,2004-06-13,2004-06-04,1
10254,S18_4409,c,34,80.99,2004-06-03,2004-06-13,2004-06-04,1
10254,S18_4933,b,30,59.87,2004-06-03,2004-06-13,2004-06-04,1
10254,S24_1046,b,34,66.88,2004-06-03,2004-06-13,2004-06-04,1
10254,S24_1628,b,32,43.27,2004-06-03,2004-06-13,2004-06-04,1
10254,S24_1937,c,38,28.88,2004-06-03,2004-06-13,2004-06-04,1
10254,S24_2766,b,31,85.42,2004-06-03,2004-06-13,2004-06-04,1
10254,S24_2887,b,33,111.57,2004-06-03,2004-06-13,2004-06-04,1
10254,S24_3191,b,42,69.34,2004-06-03,2004-06-13,2004-06-04,1
10254,S24_3432,b,49,101.73,2004-06-03,2004-06-13,2004-06-04,1
10254,S24_3969,c,20,39.80,2004-06-03,2004-06-13,2004-06-04,1
10255,S18_2795,c,24,135.00,2004-06-04,2004-06-12,2004-06-09,5
10255,S24_2022,c,37,37.63,2004-06-04,2004-06-12,2004-06-09,5
10256,S18_1342,c,34,93.49,2004-06-08,2004-06-16,2004-06-10,2
10256,S18_1367,c,29,52.83,2004-06-08,2004-06-16,2004-06-10,2
10257,S18_2949,c,50,92.19,2004-06-14,2004-06-24,2004-06-15,1
10257,S18_2957,c,49,59.34,2004-06-14,2004-06-24,2004-06-15,1
10257,S18_3136,c,37,83.78,2004-06-14,2004-06-24,2004-06-15,1
10257,S18_3320,c,26,91.27,2004-06-14,2004-06-24,2004-06-15,1
10257,S24_4258,c,46,81.81,2004-06-14,2004-06-24,2004-06-15,1
10258,S10_1949,b,32,177.87,2004-06-15,2004-06-25,2004-06-23,8
10258,S12_1666,d,41,133.94,2004-06-15,2004-06-25,2004-06-23,8
10258,S18_1097,d,41,113.17,2004-06-15,2004-06-25,2004-06-23,8
10258,S18_4668,c,21,49.81,2004-06-15,2004-06-25,2004-06-23,8
10258,S32_3522,d,20,62.70,2004-06-15,2004-06-25,2004-06-23,8
10258,S700_2824,b,45,86.99,2004-06-15,2004-06-25,2004-06-23,8
10259,S10_4962,b,26,121.15,2004-06-15,2004-06-22,2004-06-17,2
10259,S12_4473,d,46,117.32,2004-06-15,2004-06-22,2004-06-17,2
10259,S18_2238,b,30,134.26,2004-06-15,2004-06-22,2004-06-17,2
10259,S18_2319,d,34,120.28,2004-06-15,2004-06-22,2004-06-17,2
10259,S18_2432,d,30,59.55,2004-06-15,2004-06-22,2004-06-17,2
10259,S18_3232,b,27,152.41,2004-06-15,2004-06-22,2004-06-17,2
10259,S18_4600,d,41,107.76,2004-06-15,2004-06-22,2004-06-17,2
10259,S24_1444,b,28,46.82,2004-06-15,2004-06-22,2004-06-17,2
10259,S24_2300,d,47,121.40,2004-06-15,2004-06-22,2004-06-17,2
10259,S24_2840,b,31,31.47,2004-06-15,2004-06-22,2004-06-17,2
10259,S32_1268,d,45,95.35,2004-06-15,2004-06-22,2004-06-17,2
10259,S32_2509,d,40,45.99,2004-06-15,2004-06-22,2004-06-17,2
10259,S50_1392,d,29,105.33,2004-06-15,2004-06-22,2004-06-17,2
10260,S12_1108,b,46,180.79,2004-06-16,2004-06-22,NULL,NULL
10260,S12_3148,b,30,140.50,2004-06-16,2004-06-22,NULL,NULL
10260,S12_3891,b,44,169.56,2004-06-16,2004-06-22,NULL,NULL
10260,S18_3140,c,32,121.57,2004-06-16,2004-06-22,NULL,NULL
10260,S18_3259,d,29,92.77,2004-06-16,2004-06-22,NULL,NULL
10260,S18_4027,b,23,137.88,2004-06-16,2004-06-22,NULL,NULL
10260,S24_4048,b,23,117.10,2004-06-16,2004-06-22,NULL,NULL
10260,S32_3207,d,27,55.30,2004-06-16,2004-06-22,NULL,NULL
10260,S50_1514,d,21,56.24,2004-06-16,2004-06-22,NULL,NULL
10260,S700_1938,d,33,80.55,2004-06-16,2004-06-22,NULL,NULL
10261,S10_4757,b,27,116.96,2004-06-17,2004-06-25,2004-06-22,5
10261,S18_4522,c,20,80.75,2004-06-17,2004-06-25,2004-06-22,5
10261,S24_2011,d,36,105.69,2004-06-17,2004-06-25,2004-06-22,5
10261,S24_3151,c,22,79.66,2004-06-17,2004-06-25,2004-06-22,5
10261,S700_1138,d,34,64.00,2004-06-17,2004-06-25,2004-06-22,5
10261,S700_2610,d,44,58.55,2004-06-17,2004-06-25,2004-06-22,5
10261,S700_3505,d,25,89.15,2004-06-17,2004-06-25,2004-06-22,5
10261,S700_3962,d,50,88.39,2004-06-17,2004-06-25,2004-06-22,5
10261,S72_3212,d,29,43.68,2004-06-17,2004-06-25,2004-06-22,5
10262,S18_1662,a,49,157.69,2004-06-24,2004-07-01,NULL,NULL
10262,S18_3029,d,32,81.72,2004-06-24,2004-07-01,NULL,NULL
10262,S18_3856,c,34,85.75,2004-06-24,2004-07-01,NULL,NULL
10262,S24_1785,a,34,98.48,2004-06-24,2004-07-01,NULL,NULL
10262,S24_2841,a,24,63.71,2004-06-24,2004-07-01,NULL,NULL
10262,S24_3420,c,46,65.75,2004-06-24,2004-07-01,NULL,NULL
10262,S24_3816,c,49,82.18,2004-06-24,2004-07-01,NULL,NULL
10262,S24_3949,a,48,58.69,2004-06-24,2004-07-01,NULL,NULL
10262,S32_4289,c,40,63.97,2004-06-24,2004-07-01,NULL,NULL
10262,S50_1341,c,49,35.78,2004-06-24,2004-07-01,NULL,NULL
10262,S700_1691,a,40,87.69,2004-06-24,2004-07-01,NULL,NULL
10262,S700_2047,d,44,83.28,2004-06-24,2004-07-01,NULL,NULL
10262,S700_2466,a,33,81.77,2004-06-24,2004-07-01,NULL,NULL
10262,S700_3167,a,27,64.80,2004-06-24,2004-07-01,NULL,NULL
10262,S700_4002,a,35,64.41,2004-06-24,2004-07-01,NULL,NULL
10262,S72_1253,a,21,41.71,2004-06-24,2004-07-01,NULL,NULL
10263,S10_1678,a,34,89.00,2004-06-28,2004-07-04,2004-07-02,74
10263,S10_2016,a,40,107.05,2004-06-28,2004-07-04,2004-07-02,74
10263,S10_4698,a,41,193.66,2004-06-28,2004-07-04,2004-07-02,74
10263,S12_2823,a,48,123.51,2004-06-28,2004-07-04,2004-07-02,74
10263,S18_2581,a,33,67.58,2004-06-28,2004-07-04,2004-07-02,74
10263,S18_2625,a,34,50.27,2004-06-28,2004-07-04,2004-07-02,74
10263,S24_1578,a,42,109.32,2004-06-28,2004-07-04,2004-07-02,74
10263,S24_2000,a,37,67.03,2004-06-28,2004-07-04,2004-07-02,74
10263,S24_4278,a,24,59.41,2004-06-28,2004-07-04,2004-07-02,74
10263,S32_1374,a,31,93.90,2004-06-28,2004-07-04,2004-07-02,74
10263,S700_2834,a,47,117.46,2004-06-28,2004-07-04,2004-07-02,74
10264,S18_3782,a,48,58.44,2004-06-30,2004-07-06,2004-07-01,71
10264,S18_4721,b,20,124.99,2004-06-30,2004-07-06,2004-07-01,71
10264,S24_2360,a,37,61.64,2004-06-30,2004-07-06,2004-07-01,71
10264,S24_4620,b,47,75.18,2004-06-30,2004-07-06,2004-07-01,71
10264,S32_2206,a,20,39.02,2004-06-30,2004-07-06,2004-07-01,71
10264,S32_4485,a,34,100.01,2004-06-30,2004-07-06,2004-07-01,71
10264,S50_4713,a,47,67.53,2004-06-30,2004-07-06,2004-07-01,71
10265,S18_3278,b,45,74.78,2004-07-02,2004-07-09,2004-07-07,5
10265,S18_3482,b,49,123.47,2004-07-02,2004-07-09,2004-07-07,5
10266,S12_1099,b,44,188.73,2004-07-06,2004-07-14,2004-07-10,4
10266,S12_3380,b,22,110.39,2004-07-06,2004-07-14,2004-07-10,4
10266,S12_3990,b,35,67.83,2004-07-06,2004-07-14,2004-07-10,4
10266,S12_4675,b,40,112.86,2004-07-06,2004-07-14,2004-07-10,4
10266,S18_1129,b,21,131.63,2004-07-06,2004-07-14,2004-07-10,4
10266,S18_1589,b,36,99.55,2004-07-06,2004-07-14,2004-07-10,4
10266,S18_1889,b,33,77.00,2004-07-06,2004-07-14,2004-07-10,4
10266,S18_1984,b,49,139.41,2004-07-06,2004-07-14,2004-07-10,4
10266,S18_2870,b,20,113.52,2004-07-06,2004-07-14,2004-07-10,4
10266,S18_3232,b,29,137.17,2004-07-06,2004-07-14,2004-07-10,4
10266,S18_3685,b,33,127.15,2004-07-06,2004-07-14,2004-07-10,4
10266,S24_1628,b,28,40.25,2004-07-06,2004-07-14,2004-07-10,4
10266,S24_2972,b,34,35.12,2004-07-06,2004-07-14,2004-07-10,4
10266,S24_3371,b,47,56.33,2004-07-06,2004-07-14,2004-07-10,4
10266,S24_3856,b,24,119.37,2004-07-06,2004-07-14,2004-07-10,4
10267,S18_4933,b,36,71.27,2004-07-07,2004-07-17,2004-07-09,2
10267,S24_1046,b,40,72.02,2004-07-07,2004-07-17,2004-07-09,2
10267,S24_2766,b,38,76.33,2004-07-07,2004-07-17,2004-07-09,2
10267,S24_2887,b,43,93.95,2004-07-07,2004-07-17,2004-07-09,2
10267,S24_3191,b,44,83.90,2004-07-07,2004-07-17,2004-07-09,2
10267,S24_3432,b,43,98.51,2004-07-07,2004-07-17,2004-07-09,2
10268,S18_1342,c,49,93.49,2004-07-12,2004-07-18,2004-07-14,2
10268,S18_1367,c,26,45.82,2004-07-12,2004-07-18,2004-07-14,2
10268,S18_1749,c,34,164.90,2004-07-12,2004-07-18,2004-07-14,2
10268,S18_2248,c,31,60.54,2004-07-12,2004-07-18,2004-07-14,2
10268,S18_2325,c,50,124.59,2004-07-12,2004-07-18,2004-07-14,2
10268,S18_2795,c,35,148.50,2004-07-12,2004-07-18,2004-07-14,2
10268,S18_3320,c,39,96.23,2004-07-12,2004-07-18,2004-07-14,2
10268,S18_4409,c,35,84.67,2004-07-12,2004-07-18,2004-07-14,2
10268,S24_1937,c,33,31.86,2004-07-12,2004-07-18,2004-07-14,2
10268,S24_2022,c,40,36.29,2004-07-12,2004-07-18,2004-07-14,2
10268,S24_3969,c,30,37.75,2004-07-12,2004-07-18,2004-07-14,2
10269,S18_2957,c,32,57.46,2004-07-16,2004-07-22,2004-07-18,2
10269,S24_4258,c,48,95.44,2004-07-16,2004-07-22,2004-07-18,2
10270,S10_1949,b,21,171.44,2004-07-19,2004-07-27,2004-07-24,5
10270,S10_4962,b,32,124.10,2004-07-19,2004-07-27,2004-07-24,5
10270,S12_1666,d,28,135.30,2004-07-19,2004-07-27,2004-07-24,5
10270,S18_1097,d,43,94.50,2004-07-19,2004-07-27,2004-07-24,5
10270,S18_2949,c,31,81.05,2004-07-19,2004-07-27,2004-07-24,5
10270,S18_3136,c,38,85.87,2004-07-19,2004-07-27,2004-07-24,5
10270,S18_4600,d,38,107.76,2004-07-19,2004-07-27,2004-07-24,5
10270,S18_4668,c,44,40.25,2004-07-19,2004-07-27,2004-07-24,5
10270,S32_1268,d,32,93.42,2004-07-19,2004-07-27,2004-07-24,5
10270,S32_3522,d,21,52.36,2004-07-19,2004-07-27,2004-07-24,5
10270,S700_2824,b,46,101.15,2004-07-19,2004-07-27,2004-07-24,5
10271,S12_4473,d,31,99.54,2004-07-20,2004-07-29,2004-07-23,3
10271,S18_2238,b,50,147.36,2004-07-20,2004-07-29,2004-07-23,3
10271,S18_2319,d,50,121.50,2004-07-20,2004-07-29,2004-07-23,3
10271,S18_2432,d,25,59.55,2004-07-20,2004-07-29,2004-07-23,3
10271,S18_3232,b,20,169.34,2004-07-20,2004-07-29,2004-07-23,3
10271,S24_1444,b,45,49.71,2004-07-20,2004-07-29,2004-07-23,3
10271,S24_2300,d,43,122.68,2004-07-20,2004-07-29,2004-07-23,3
10271,S24_2840,b,38,28.64,2004-07-20,2004-07-29,2004-07-23,3
10271,S24_4048,b,22,110.00,2004-07-20,2004-07-29,2004-07-23,3
10271,S32_2509,d,35,51.95,2004-07-20,2004-07-29,2004-07-23,3
10271,S50_1392,d,34,93.76,2004-07-20,2004-07-29,2004-07-23,3
10272,S12_1108,b,35,187.02,2004-07-20,2004-07-26,2004-07-22,2
10272,S12_3148,b,27,123.89,2004-07-20,2004-07-26,2004-07-22,2
10272,S12_3891,b,39,148.80,2004-07-20,2004-07-26,2004-07-22,2
10272,S18_4027,b,25,126.39,2004-07-20,2004-07-26,2004-07-22,2
10272,S32_3207,d,45,56.55,2004-07-20,2004-07-26,2004-07-22,2
10272,S50_1514,d,43,53.89,2004-07-20,2004-07-26,2004-07-22,2
10273,S10_4757,b,30,136.00,2004-07-21,2004-07-28,2004-07-22,1
10273,S18_3029,d,34,84.30,2004-07-21,2004-07-28,2004-07-22,1
10273,S18_3140,c,40,117.47,2004-07-21,2004-07-28,2004-07-22,1
10273,S18_3259,d,47,87.73,2004-07-21,2004-07-28,2004-07-22,1
10273,S18_3856,c,50,105.87,2004-07-21,2004-07-28,2004-07-22,1
10273,S18_4522,c,33,72.85,2004-07-21,2004-07-28,2004-07-22,1
10273,S24_2011,d,22,103.23,2004-07-21,2004-07-28,2004-07-22,1
10273,S24_3151,c,27,84.08,2004-07-21,2004-07-28,2004-07-22,1
10273,S24_3816,c,48,83.86,2004-07-21,2004-07-28,2004-07-22,1
10273,S700_1138,d,21,66.00,2004-07-21,2004-07-28,2004-07-22,1
10273,S700_1938,d,21,77.95,2004-07-21,2004-07-28,2004-07-22,1
10273,S700_2610,d,42,57.82,2004-07-21,2004-07-28,2004-07-22,1
10273,S700_3505,d,40,91.15,2004-07-21,2004-07-28,2004-07-22,1
10273,S700_3962,d,26,89.38,2004-07-21,2004-07-28,2004-07-22,1
10273,S72_3212,d,37,51.32,2004-07-21,2004-07-28,2004-07-22,1
10274,S18_1662,a,41,129.31,2004-07-21,2004-07-29,2004-07-22,1
10274,S24_2841,a,40,56.86,2004-07-21,2004-07-29,2004-07-22,1
10274,S24_3420,c,24,65.09,2004-07-21,2004-07-29,2004-07-22,1
10274,S700_2047,d,24,75.13,2004-07-21,2004-07-29,2004-07-22,1
10274,S72_1253,a,32,49.66,2004-07-21,2004-07-29,2004-07-22,1
10275,S10_1678,a,45,81.35,2004-07-23,2004-08-02,2004-07-29,6
10275,S10_2016,a,22,115.37,2004-07-23,2004-08-02,2004-07-29,6
10275,S10_4698,a,36,154.93,2004-07-23,2004-08-02,2004-07-29,6
10275,S18_2581,a,35,70.12,2004-07-23,2004-08-02,2004-07-29,6
10275,S18_2625,a,37,52.09,2004-07-23,2004-08-02,2004-07-29,6
10275,S24_1578,a,21,105.94,2004-07-23,2004-08-02,2004-07-29,6
10275,S24_1785,a,25,97.38,2004-07-23,2004-08-02,2004-07-29,6
10275,S24_2000,a,30,61.70,2004-07-23,2004-08-02,2004-07-29,6
10275,S24_3949,a,41,58.00,2004-07-23,2004-08-02,2004-07-29,6
10275,S24_4278,a,27,67.38,2004-07-23,2004-08-02,2004-07-29,6
10275,S32_1374,a,23,89.90,2004-07-23,2004-08-02,2004-07-29,6
10275,S32_4289,c,28,58.47,2004-07-23,2004-08-02,2004-07-29,6
10275,S50_1341,c,38,40.15,2004-07-23,2004-08-02,2004-07-29,6
10275,S700_1691,a,32,85.86,2004-07-23,2004-08-02,2004-07-29,6
10275,S700_2466,a,39,82.77,2004-07-23,2004-08-02,2004-07-29,6
10275,S700_2834,a,48,102.04,2004-07-23,2004-08-02,2004-07-29,6
10275,S700_3167,a,43,72.00,2004-07-23,2004-08-02,2004-07-29,6
10275,S700_4002,a,31,59.96,2004-07-23,2004-08-02,2004-07-29,6
10276,S12_1099,b,50,184.84,2004-08-02,2004-08-11,2004-08-08,6
10276,S12_2823,a,43,150.62,2004-08-02,2004-08-11,2004-08-08,6
10276,S12_3380,b,47,104.52,2004-08-02,2004-08-11,2004-08-08,6
10276,S12_3990,b,38,67.83,2004-08-02,2004-08-11,2004-08-08,6
10276,S18_3278,b,38,78.00,2004-08-02,2004-08-11,2004-08-08,6
10276,S18_3482,b,30,139.64,2004-08-02,2004-08-11,2004-08-08,6
10276,S18_3782,a,33,54.71,2004-08-02,2004-08-11,2004-08-08,6
10276,S18_4721,b,48,120.53,2004-08-02,2004-08-11,2004-08-08,6
10276,S24_2360,a,46,61.64,2004-08-02,2004-08-11,2004-08-08,6
10276,S24_3371,b,20,58.17,2004-08-02,2004-08-11,2004-08-08,6
10276,S24_4620,b,48,67.10,2004-08-02,2004-08-11,2004-08-08,6
10276,S32_2206,a,27,35.40,2004-08-02,2004-08-11,2004-08-08,6
10276,S32_4485,a,38,94.91,2004-08-02,2004-08-11,2004-08-08,6
10276,S50_4713,a,21,67.53,2004-08-02,2004-08-11,2004-08-08,6
10277,S12_4675,b,28,93.28,2004-08-04,2004-08-12,2004-08-05,1
10278,S18_1129,b,34,114.65,2004-08-06,2004-08-16,2004-08-09,3
10278,S18_1589,b,23,107.02,2004-08-06,2004-08-16,2004-08-09,3
10278,S18_1889,b,29,73.15,2004-08-06,2004-08-16,2004-08-09,3
10278,S18_1984,b,29,118.07,2004-08-06,2004-08-16,2004-08-09,3
10278,S18_2870,b,39,117.48,2004-08-06,2004-08-16,2004-08-09,3
10278,S18_3232,b,42,167.65,2004-08-06,2004-08-16,2004-08-09,3
10278,S18_3685,b,31,114.44,2004-08-06,2004-08-16,2004-08-09,3
10278,S24_1628,b,35,48.80,2004-08-06,2004-08-16,2004-08-09,3
10278,S24_2972,b,31,37.38,2004-08-06,2004-08-16,2004-08-09,3
10278,S24_3856,b,25,136.22,2004-08-06,2004-08-16,2004-08-09,3
10279,S18_4933,b,26,68.42,2004-08-09,2004-08-19,2004-08-15,6
10279,S24_1046,b,32,68.35,2004-08-09,2004-08-19,2004-08-15,6
10279,S24_2766,b,49,76.33,2004-08-09,2004-08-19,2004-08-15,6
10279,S24_2887,b,48,106.87,2004-08-09,2004-08-19,2004-08-15,6
10279,S24_3191,b,33,78.76,2004-08-09,2004-08-19,2004-08-15,6
10279,S24_3432,b,48,95.30,2004-08-09,2004-08-19,2004-08-15,6
10280,S10_1949,b,34,205.73,2004-08-17,2004-08-27,2004-08-19,2
10280,S18_1097,d,24,98.00,2004-08-17,2004-08-27,2004-08-19,2
10280,S18_1342,c,50,87.33,2004-08-17,2004-08-27,2004-08-19,2
10280,S18_1367,c,27,47.44,2004-08-17,2004-08-27,2004-08-19,2
10280,S18_1749,c,26,161.50,2004-08-17,2004-08-27,2004-08-19,2
10280,S18_2248,c,25,53.28,2004-08-17,2004-08-27,2004-08-19,2
10280,S18_2325,c,37,109.33,2004-08-17,2004-08-27,2004-08-19,2
10280,S18_2795,c,22,158.63,2004-08-17,2004-08-27,2004-08-19,2
10280,S18_2949,c,46,82.06,2004-08-17,2004-08-27,2004-08-19,2
10280,S18_2957,c,43,54.34,2004-08-17,2004-08-27,2004-08-19,2
10280,S18_3136,c,29,102.63,2004-08-17,2004-08-27,2004-08-19,2
10280,S18_3320,c,34,99.21,2004-08-17,2004-08-27,2004-08-19,2
10280,S18_4409,c,35,77.31,2004-08-17,2004-08-27,2004-08-19,2
10280,S24_1937,c,20,29.87,2004-08-17,2004-08-27,2004-08-19,2
10280,S24_2022,c,45,36.29,2004-08-17,2004-08-27,2004-08-19,2
10280,S24_3969,c,33,35.29,2004-08-17,2004-08-27,2004-08-19,2
10280,S24_4258,c,21,79.86,2004-08-17,2004-08-27,2004-08-19,2
10281,S10_4962,b,44,132.97,2004-08-19,2004-08-28,2004-08-23,4
10281,S12_1666,d,25,127.10,2004-08-19,2004-08-28,2004-08-23,4
10281,S12_4473,d,41,98.36,2004-08-19,2004-08-28,2004-08-23,4
10281,S18_2319,d,48,114.14,2004-08-19,2004-08-28,2004-08-23,4
10281,S18_2432,d,29,56.52,2004-08-19,2004-08-28,2004-08-23,4
10281,S18_3232,b,25,135.47,2004-08-19,2004-08-28,2004-08-23,4
10281,S18_4600,d,25,96.86,2004-08-19,2004-08-28,2004-08-23,4
10281,S18_4668,c,44,42.76,2004-08-19,2004-08-28,2004-08-23,4
10281,S24_2300,d,25,112.46,2004-08-19,2004-08-28,2004-08-23,4
10281,S24_2840,b,20,33.95,2004-08-19,2004-08-28,2004-08-23,4
10281,S32_1268,d,29,80.90,2004-08-19,2004-08-28,2004-08-23,4
10281,S32_2509,d,31,44.91,2004-08-19,2004-08-28,2004-08-23,4
10281,S32_3522,d,36,59.47,2004-08-19,2004-08-28,2004-08-23,4
10281,S700_2824,b,27,89.01,2004-08-19,2004-08-28,2004-08-23,4
10282,S12_1108,b,41,176.63,2004-08-20,2004-08-26,2004-08-22,2
10282,S12_3148,b,27,142.02,2004-08-20,2004-08-26,2004-08-22,2
10282,S12_3891,b,24,169.56,2004-08-20,2004-08-26,2004-08-22,2
10282,S18_2238,b,23,147.36,2004-08-20,2004-08-26,2004-08-22,2
10282,S18_3140,c,43,122.93,2004-08-20,2004-08-26,2004-08-22,2
10282,S18_3259,d,36,88.74,2004-08-20,2004-08-26,2004-08-22,2
10282,S18_4027,b,31,132.13,2004-08-20,2004-08-26,2004-08-22,2
10282,S24_1444,b,29,49.71,2004-08-20,2004-08-26,2004-08-22,2
10282,S24_4048,b,39,96.99,2004-08-20,2004-08-26,2004-08-22,2
10282,S32_3207,d,36,51.58,2004-08-20,2004-08-26,2004-08-22,2
10282,S50_1392,d,38,114.59,2004-08-20,2004-08-26,2004-08-22,2
10282,S50_1514,d,37,56.24,2004-08-20,2004-08-26,2004-08-22,2
10282,S700_1938,d,43,77.95,2004-08-20,2004-08-26,2004-08-22,2
10283,S10_4757,b,25,130.56,2004-08-20,2004-08-30,2004-08-23,3
10283,S18_3029,d,21,78.28,2004-08-20,2004-08-30,2004-08-23,3
10283,S18_3856,c,46,100.58,2004-08-20,2004-08-30,2004-08-23,3
10283,S18_4522,c,34,71.97,2004-08-20,2004-08-30,2004-08-23,3
10283,S24_2011,d,42,99.54,2004-08-20,2004-08-30,2004-08-23,3
10283,S24_3151,c,34,80.54,2004-08-20,2004-08-30,2004-08-23,3
10283,S24_3816,c,33,77.15,2004-08-20,2004-08-30,2004-08-23,3
10283,S700_1138,d,45,62.00,2004-08-20,2004-08-30,2004-08-23,3
10283,S700_2047,d,20,74.23,2004-08-20,2004-08-30,2004-08-23,3
10283,S700_2610,d,47,68.67,2004-08-20,2004-08-30,2004-08-23,3
10283,S700_3505,d,22,88.15,2004-08-20,2004-08-30,2004-08-23,3
10283,S700_3962,d,38,85.41,2004-08-20,2004-08-30,2004-08-23,3
10283,S72_1253,a,43,41.22,2004-08-20,2004-08-30,2004-08-23,3
10283,S72_3212,d,33,49.14,2004-08-20,2004-08-30,2004-08-23,3
10284,S18_1662,a,45,137.19,2004-08-21,2004-08-29,2004-08-26,5
10284,S18_2581,a,31,68.43,2004-08-21,2004-08-29,2004-08-26,5
10284,S24_1785,a,22,101.76,2004-08-21,2004-08-29,2004-08-26,5
10284,S24_2841,a,30,65.08,2004-08-21,2004-08-29,2004-08-26,5
10284,S24_3420,c,39,59.83,2004-08-21,2004-08-29,2004-08-26,5
10284,S24_3949,a,21,65.51,2004-08-21,2004-08-29,2004-08-26,5
10284,S24_4278,a,21,66.65,2004-08-21,2004-08-29,2004-08-26,5
10284,S32_4289,c,50,60.54,2004-08-21,2004-08-29,2004-08-26,5
10284,S50_1341,c,33,35.78,2004-08-21,2004-08-29,2004-08-26,5
10284,S700_1691,a,24,87.69,2004-08-21,2004-08-29,2004-08-26,5
10284,S700_2466,a,45,95.73,2004-08-21,2004-08-29,2004-08-26,5
10284,S700_3167,a,25,68.00,2004-08-21,2004-08-29,2004-08-26,5
10284,S700_4002,a,32,73.29,2004-08-21,2004-08-29,2004-08-26,5
10285,S10_1678,a,36,95.70,2004-08-27,2004-09-04,2004-08-31,4
10285,S10_2016,a,47,110.61,2004-08-27,2004-09-04,2004-08-31,4
10285,S10_4698,a,27,166.55,2004-08-27,2004-09-04,2004-08-31,4
10285,S12_2823,a,49,131.04,2004-08-27,2004-09-04,2004-08-31,4
10285,S18_2625,a,20,50.88,2004-08-27,2004-09-04,2004-08-31,4
10285,S24_1578,a,34,91.29,2004-08-27,2004-09-04,2004-08-31,4
10285,S24_2000,a,39,61.70,2004-08-27,2004-09-04,2004-08-31,4
10285,S24_2360,a,38,64.41,2004-08-27,2004-09-04,2004-08-31,4
10285,S32_1374,a,37,82.91,2004-08-27,2004-09-04,2004-08-31,4
10285,S32_2206,a,37,36.61,2004-08-27,2004-09-04,2004-08-31,4
10285,S32_4485,a,26,100.01,2004-08-27,2004-09-04,2004-08-31,4
10285,S50_4713,a,39,76.48,2004-08-27,2004-09-04,2004-08-31,4
10285,S700_2834,a,45,102.04,2004-08-27,2004-09-04,2004-08-31,4
10286,S18_3782,a,38,51.60,2004-08-28,2004-09-06,2004-09-01,73
10287,S12_1099,b,21,190.68,2004-08-30,2004-09-06,2004-09-01,71
10287,S12_3380,b,45,117.44,2004-08-30,2004-09-06,2004-09-01,71
10287,S12_3990,b,41,74.21,2004-08-30,2004-09-06,2004-09-01,71
10287,S12_4675,b,23,107.10,2004-08-30,2004-09-06,2004-09-01,71
10287,S18_1129,b,41,113.23,2004-08-30,2004-09-06,2004-09-01,71
10287,S18_1889,b,44,61.60,2004-08-30,2004-09-06,2004-09-01,71
10287,S18_1984,b,24,123.76,2004-08-30,2004-09-06,2004-09-01,71
10287,S18_2870,b,44,114.84,2004-08-30,2004-09-06,2004-09-01,71
10287,S18_3232,b,36,137.17,2004-08-30,2004-09-06,2004-09-01,71
10287,S18_3278,b,43,68.35,2004-08-30,2004-09-06,2004-09-01,71
10287,S18_3482,b,40,127.88,2004-08-30,2004-09-06,2004-09-01,71
10287,S18_3685,b,27,139.87,2004-08-30,2004-09-06,2004-09-01,71
10287,S18_4721,b,34,119.04,2004-08-30,2004-09-06,2004-09-01,71
10287,S24_2972,b,36,31.34,2004-08-30,2004-09-06,2004-09-01,71
10287,S24_3371,b,20,58.17,2004-08-30,2004-09-06,2004-09-01,71
10287,S24_3856,b,36,137.62,2004-08-30,2004-09-06,2004-09-01,71
10287,S24_4620,b,40,79.22,2004-08-30,2004-09-06,2004-09-01,71
10288,S18_1589,b,20,120.71,2004-09-01,2004-09-11,2004-09-05,4
10288,S18_1749,c,32,168.30,2004-09-01,2004-09-11,2004-09-05,4
10288,S18_2248,c,28,50.25,2004-09-01,2004-09-11,2004-09-05,4
10288,S18_2325,c,31,102.98,2004-09-01,2004-09-11,2004-09-05,4
10288,S18_4409,c,35,90.19,2004-09-01,2004-09-11,2004-09-05,4
10288,S18_4933,b,23,57.02,2004-09-01,2004-09-11,2004-09-05,4
10288,S24_1046,b,36,66.88,2004-09-01,2004-09-11,2004-09-05,4
10288,S24_1628,b,50,49.30,2004-09-01,2004-09-11,2004-09-05,4
10288,S24_1937,c,29,32.19,2004-09-01,2004-09-11,2004-09-05,4
10288,S24_2766,b,35,81.78,2004-09-01,2004-09-11,2004-09-05,4
10288,S24_2887,b,48,109.22,2004-09-01,2004-09-11,2004-09-05,4
10288,S24_3191,b,34,76.19,2004-09-01,2004-09-11,2004-09-05,4
10288,S24_3432,b,41,101.73,2004-09-01,2004-09-11,2004-09-05,4
10288,S24_3969,c,33,37.75,2004-09-01,2004-09-11,2004-09-05,4
10289,S18_1342,c,38,92.47,2004-09-03,2004-09-13,2004-09-04,1
10289,S18_1367,c,24,44.75,2004-09-03,2004-09-13,2004-09-04,1
10289,S18_2795,c,43,141.75,2004-09-03,2004-09-13,2004-09-04,1
10289,S24_2022,c,45,41.22,2004-09-03,2004-09-13,2004-09-04,1
10290,S18_3320,c,26,80.36,2004-09-07,2004-09-15,2004-09-13,6
10290,S24_4258,c,45,83.76,2004-09-07,2004-09-15,2004-09-13,6
10291,S10_1949,b,37,210.01,2004-09-08,2004-09-17,2004-09-14,6
10291,S10_4962,b,30,141.83,2004-09-08,2004-09-17,2004-09-14,6
10291,S12_1666,d,41,123.00,2004-09-08,2004-09-17,2004-09-14,6
10291,S18_1097,d,41,96.84,2004-09-08,2004-09-17,2004-09-14,6
10291,S18_2432,d,26,52.26,2004-09-08,2004-09-17,2004-09-14,6
10291,S18_2949,c,47,99.28,2004-09-08,2004-09-17,2004-09-14,6
10291,S18_2957,c,37,56.21,2004-09-08,2004-09-17,2004-09-14,6
10291,S18_3136,c,23,93.20,2004-09-08,2004-09-17,2004-09-14,6
10291,S18_4600,d,48,96.86,2004-09-08,2004-09-17,2004-09-14,6
10291,S18_4668,c,29,45.28,2004-09-08,2004-09-17,2004-09-14,6
10291,S24_2300,d,48,109.90,2004-09-08,2004-09-17,2004-09-14,6
10291,S32_1268,d,26,82.83,2004-09-08,2004-09-17,2004-09-14,6
10291,S32_3522,d,32,53.00,2004-09-08,2004-09-17,2004-09-14,6
10291,S700_2824,b,28,86.99,2004-09-08,2004-09-17,2004-09-14,6
10292,S12_4473,d,21,94.80,2004-09-08,2004-09-18,2004-09-11,3
10292,S18_2238,b,26,140.81,2004-09-08,2004-09-18,2004-09-11,3
10292,S18_2319,d,41,103.09,2004-09-08,2004-09-18,2004-09-11,3
10292,S18_3232,b,21,147.33,2004-09-08,2004-09-18,2004-09-11,3
10292,S18_4027,b,44,114.90,2004-09-08,2004-09-18,2004-09-11,3
10292,S24_1444,b,40,48.55,2004-09-08,2004-09-18,2004-09-11,3
10292,S24_2840,b,39,34.30,2004-09-08,2004-09-18,2004-09-11,3
10292,S24_4048,b,27,113.55,2004-09-08,2004-09-18,2004-09-11,3
10292,S32_2509,d,50,54.11,2004-09-08,2004-09-18,2004-09-11,3
10292,S32_3207,d,31,59.65,2004-09-08,2004-09-18,2004-09-11,3
10292,S50_1392,d,41,113.44,2004-09-08,2004-09-18,2004-09-11,3
10292,S50_1514,d,35,49.79,2004-09-08,2004-09-18,2004-09-11,3
10293,S12_1108,b,46,187.02,2004-09-09,2004-09-18,2004-09-14,5
10293,S12_3148,b,24,129.93,2004-09-09,2004-09-18,2004-09-14,5
10293,S12_3891,b,45,171.29,2004-09-09,2004-09-18,2004-09-14,5
10293,S18_3140,c,24,110.64,2004-09-09,2004-09-18,2004-09-14,5
10293,S18_3259,d,22,91.76,2004-09-09,2004-09-18,2004-09-14,5
10293,S18_4522,c,49,72.85,2004-09-09,2004-09-18,2004-09-14,5
10293,S24_2011,d,21,111.83,2004-09-09,2004-09-18,2004-09-14,5
10293,S700_1938,d,29,77.95,2004-09-09,2004-09-18,2004-09-14,5
10293,S72_3212,d,32,51.32,2004-09-09,2004-09-18,2004-09-14,5
10294,S700_3962,d,45,98.32,2004-09-10,2004-09-17,2004-09-14,4
10295,S10_4757,b,24,136.00,2004-09-10,2004-09-17,2004-09-14,4
10295,S24_3151,c,46,84.08,2004-09-10,2004-09-17,2004-09-14,4
10295,S700_1138,d,26,62.00,2004-09-10,2004-09-17,2004-09-14,4
10295,S700_2610,d,44,71.56,2004-09-10,2004-09-17,2004-09-14,4
10295,S700_3505,d,34,93.16,2004-09-10,2004-09-17,2004-09-14,4
10296,S18_1662,a,36,146.65,2004-09-15,2004-09-22,2004-09-16,1
10296,S18_3029,d,21,69.68,2004-09-15,2004-09-22,2004-09-16,1
10296,S18_3856,c,22,105.87,2004-09-15,2004-09-22,2004-09-16,1
10296,S24_2841,a,21,60.97,2004-09-15,2004-09-22,2004-09-16,1
10296,S24_3420,c,31,63.78,2004-09-15,2004-09-22,2004-09-16,1
10296,S24_3816,c,22,83.02,2004-09-15,2004-09-22,2004-09-16,1
10296,S24_3949,a,32,63.46,2004-09-15,2004-09-22,2004-09-16,1
10296,S50_1341,c,26,41.02,2004-09-15,2004-09-22,2004-09-16,1
10296,S700_1691,a,42,75.81,2004-09-15,2004-09-22,2004-09-16,1
10296,S700_2047,d,34,89.61,2004-09-15,2004-09-22,2004-09-16,1
10296,S700_2466,a,24,96.73,2004-09-15,2004-09-22,2004-09-16,1
10296,S700_3167,a,22,74.40,2004-09-15,2004-09-22,2004-09-16,1
10296,S700_4002,a,47,61.44,2004-09-15,2004-09-22,2004-09-16,1
10296,S72_1253,a,21,46.68,2004-09-15,2004-09-22,2004-09-16,1
10297,S18_2581,a,25,81.95,2004-09-16,2004-09-22,2004-09-21,5
10297,S24_1785,a,32,107.23,2004-09-16,2004-09-22,2004-09-21,5
10297,S24_2000,a,32,70.08,2004-09-16,2004-09-22,2004-09-21,5
10297,S24_4278,a,23,71.73,2004-09-16,2004-09-22,2004-09-21,5
10297,S32_1374,a,26,88.90,2004-09-16,2004-09-22,2004-09-21,5
10297,S32_4289,c,28,63.29,2004-09-16,2004-09-22,2004-09-21,5
10297,S700_2834,a,35,111.53,2004-09-16,2004-09-22,2004-09-21,5
10298,S10_2016,a,39,105.86,2004-09-27,2004-10-05,2004-10-01,74
10298,S18_2625,a,32,60.57,2004-09-27,2004-10-05,2004-10-01,74
10299,S10_1678,a,23,76.56,2004-09-30,2004-10-10,2004-10-01,71
10299,S10_4698,a,29,164.61,2004-09-30,2004-10-10,2004-10-01,71
10299,S12_2823,a,24,123.51,2004-09-30,2004-10-10,2004-10-01,71
10299,S18_3782,a,39,62.17,2004-09-30,2004-10-10,2004-10-01,71
10299,S18_4721,b,49,119.04,2004-09-30,2004-10-10,2004-10-01,71
10299,S24_1578,a,47,107.07,2004-09-30,2004-10-10,2004-10-01,71
10299,S24_2360,a,33,58.87,2004-09-30,2004-10-10,2004-10-01,71
10299,S24_4620,b,32,66.29,2004-09-30,2004-10-10,2004-10-01,71
10299,S32_2206,a,24,36.21,2004-09-30,2004-10-10,2004-10-01,71
10299,S32_4485,a,38,84.70,2004-09-30,2004-10-10,2004-10-01,71
10299,S50_4713,a,44,77.29,2004-09-30,2004-10-10,2004-10-01,71
10300,S12_1099,b,33,184.84,2003-10-04,2003-10-13,2003-10-09,5
10300,S12_3380,b,29,116.27,2003-10-04,2003-10-13,2003-10-09,5
10300,S12_3990,b,22,76.61,2003-10-04,2003-10-13,2003-10-09,5
10300,S12_4675,b,23,95.58,2003-10-04,2003-10-13,2003-10-09,5
10300,S18_1889,b,41,63.14,2003-10-04,2003-10-13,2003-10-09,5
10300,S18_3278,b,49,65.94,2003-10-04,2003-10-13,2003-10-09,5
10300,S18_3482,b,23,144.05,2003-10-04,2003-10-13,2003-10-09,5
10300,S24_3371,b,31,52.05,2003-10-04,2003-10-13,2003-10-09,5
10301,S18_1129,b,37,114.65,2003-10-05,2003-10-15,2003-10-08,3
10301,S18_1589,b,32,118.22,2003-10-05,2003-10-15,2003-10-08,3
10301,S18_1984,b,47,119.49,2003-10-05,2003-10-15,2003-10-08,3
10301,S18_2870,b,22,113.52,2003-10-05,2003-10-15,2003-10-08,3
10301,S18_3232,b,23,135.47,2003-10-05,2003-10-15,2003-10-08,3
10301,S18_3685,b,39,137.04,2003-10-05,2003-10-15,2003-10-08,3
10301,S24_1046,b,27,64.67,2003-10-05,2003-10-15,2003-10-08,3
10301,S24_1628,b,22,40.75,2003-10-05,2003-10-15,2003-10-08,3
10301,S24_2972,b,48,32.10,2003-10-05,2003-10-15,2003-10-08,3
10301,S24_3432,b,22,86.73,2003-10-05,2003-10-15,2003-10-08,3
10301,S24_3856,b,50,122.17,2003-10-05,2003-10-15,2003-10-08,3
10302,S18_1749,c,43,166.60,2003-10-06,2003-10-16,2003-10-07,1
10302,S18_4409,c,38,82.83,2003-10-06,2003-10-16,2003-10-07,1
10302,S18_4933,b,23,70.56,2003-10-06,2003-10-16,2003-10-07,1
10302,S24_2766,b,49,75.42,2003-10-06,2003-10-16,2003-10-07,1
10302,S24_2887,b,45,104.52,2003-10-06,2003-10-16,2003-10-07,1
10302,S24_3191,b,48,74.48,2003-10-06,2003-10-16,2003-10-07,1
10303,S18_2248,c,46,56.91,2004-10-06,2004-10-14,2004-10-09,3
10303,S24_3969,c,24,35.70,2004-10-06,2004-10-14,2004-10-09,3
10304,S10_1949,b,47,201.44,2004-10-11,2004-10-20,2004-10-17,6
10304,S12_1666,d,39,117.54,2004-10-11,2004-10-20,2004-10-17,6
10304,S18_1097,d,46,106.17,2004-10-11,2004-10-20,2004-10-17,6
10304,S18_1342,c,37,95.55,2004-10-11,2004-10-20,2004-10-17,6
10304,S18_1367,c,37,46.90,2004-10-11,2004-10-20,2004-10-17,6
10304,S18_2325,c,24,102.98,2004-10-11,2004-10-20,2004-10-17,6
10304,S18_2795,c,20,141.75,2004-10-11,2004-10-20,2004-10-17,6
10304,S18_2949,c,46,98.27,2004-10-11,2004-10-20,2004-10-17,6
10304,S18_2957,c,24,54.34,2004-10-11,2004-10-20,2004-10-17,6
10304,S18_3136,c,26,90.06,2004-10-11,2004-10-20,2004-10-17,6
10304,S18_3320,c,38,95.24,2004-10-11,2004-10-20,2004-10-17,6
10304,S18_4668,c,34,44.27,2004-10-11,2004-10-20,2004-10-17,6
10304,S24_1937,c,23,29.21,2004-10-11,2004-10-20,2004-10-17,6
10304,S24_2022,c,44,42.11,2004-10-11,2004-10-20,2004-10-17,6
10304,S24_4258,c,33,80.83,2004-10-11,2004-10-20,2004-10-17,6
10304,S32_3522,d,36,52.36,2004-10-11,2004-10-20,2004-10-17,6
10304,S700_2824,b,40,80.92,2004-10-11,2004-10-20,2004-10-17,6
10305,S10_4962,b,38,130.01,2004-10-13,2004-10-22,2004-10-15,2
10305,S12_4473,d,38,107.84,2004-10-13,2004-10-22,2004-10-15,2
10305,S18_2238,b,27,132.62,2004-10-13,2004-10-22,2004-10-15,2
10305,S18_2319,d,36,117.82,2004-10-13,2004-10-22,2004-10-15,2
10305,S18_2432,d,41,58.95,2004-10-13,2004-10-22,2004-10-15,2
10305,S18_3232,b,37,160.87,2004-10-13,2004-10-22,2004-10-15,2
10305,S18_4600,d,22,112.60,2004-10-13,2004-10-22,2004-10-15,2
10305,S24_1444,b,45,48.55,2004-10-13,2004-10-22,2004-10-15,2
10305,S24_2300,d,24,107.34,2004-10-13,2004-10-22,2004-10-15,2
10305,S24_2840,b,48,30.76,2004-10-13,2004-10-22,2004-10-15,2
10305,S24_4048,b,36,118.28,2004-10-13,2004-10-22,2004-10-15,2
10305,S32_1268,d,28,94.38,2004-10-13,2004-10-22,2004-10-15,2
10305,S32_2509,d,40,48.70,2004-10-13,2004-10-22,2004-10-15,2
10305,S50_1392,d,42,109.96,2004-10-13,2004-10-22,2004-10-15,2
10306,S12_1108,b,31,182.86,2004-10-14,2004-10-21,2004-10-17,3
10306,S12_3148,b,34,145.04,2004-10-14,2004-10-21,2004-10-17,3
10306,S12_3891,b,20,145.34,2004-10-14,2004-10-21,2004-10-17,3
10306,S18_3140,c,32,114.74,2004-10-14,2004-10-21,2004-10-17,3
10306,S18_3259,d,40,83.70,2004-10-14,2004-10-21,2004-10-17,3
10306,S18_4027,b,23,126.39,2004-10-14,2004-10-21,2004-10-17,3
10306,S18_4522,c,39,85.14,2004-10-14,2004-10-21,2004-10-17,3
10306,S24_2011,d,29,109.37,2004-10-14,2004-10-21,2004-10-17,3
10306,S24_3151,c,31,76.12,2004-10-14,2004-10-21,2004-10-17,3
10306,S32_3207,d,46,60.28,2004-10-14,2004-10-21,2004-10-17,3
10306,S50_1514,d,34,51.55,2004-10-14,2004-10-21,2004-10-17,3
10306,S700_1138,d,50,61.34,2004-10-14,2004-10-21,2004-10-17,3
10306,S700_1938,d,38,73.62,2004-10-14,2004-10-21,2004-10-17,3
10306,S700_2610,d,43,62.16,2004-10-14,2004-10-21,2004-10-17,3
10306,S700_3505,d,32,99.17,2004-10-14,2004-10-21,2004-10-17,3
10306,S700_3962,d,30,87.39,2004-10-14,2004-10-21,2004-10-17,3
10306,S72_3212,d,35,48.05,2004-10-14,2004-10-21,2004-10-17,3
10307,S10_4757,b,22,118.32,2004-10-14,2004-10-23,2004-10-20,6
10307,S18_1662,a,39,135.61,2004-10-14,2004-10-23,2004-10-20,6
10307,S18_3029,d,31,71.40,2004-10-14,2004-10-23,2004-10-20,6
10307,S18_3856,c,48,92.11,2004-10-14,2004-10-23,2004-10-20,6
10307,S24_2841,a,25,58.23,2004-10-14,2004-10-23,2004-10-20,6
10307,S24_3420,c,22,64.44,2004-10-14,2004-10-23,2004-10-20,6
10307,S24_3816,c,22,75.47,2004-10-14,2004-10-23,2004-10-20,6
10307,S700_2047,d,34,81.47,2004-10-14,2004-10-23,2004-10-20,6
10307,S72_1253,a,34,44.20,2004-10-14,2004-10-23,2004-10-20,6
10308,S10_2016,a,34,115.37,2004-10-15,2004-10-24,2004-10-20,5
10308,S10_4698,a,20,187.85,2004-10-15,2004-10-24,2004-10-20,5
10308,S18_2581,a,27,81.95,2004-10-15,2004-10-24,2004-10-20,5
10308,S18_2625,a,34,48.46,2004-10-15,2004-10-24,2004-10-20,5
10308,S24_1785,a,31,99.57,2004-10-15,2004-10-24,2004-10-20,5
10308,S24_2000,a,47,68.55,2004-10-15,2004-10-24,2004-10-20,5
10308,S24_3949,a,43,58.00,2004-10-15,2004-10-24,2004-10-20,5
10308,S24_4278,a,44,71.73,2004-10-15,2004-10-24,2004-10-20,5
10308,S32_1374,a,24,99.89,2004-10-15,2004-10-24,2004-10-20,5
10308,S32_4289,c,46,61.22,2004-10-15,2004-10-24,2004-10-20,5
10308,S50_1341,c,47,37.09,2004-10-15,2004-10-24,2004-10-20,5
10308,S700_1691,a,21,73.07,2004-10-15,2004-10-24,2004-10-20,5
10308,S700_2466,a,35,88.75,2004-10-15,2004-10-24,2004-10-20,5
10308,S700_2834,a,31,100.85,2004-10-15,2004-10-24,2004-10-20,5
10308,S700_3167,a,21,79.20,2004-10-15,2004-10-24,2004-10-20,5
10308,S700_4002,a,39,62.93,2004-10-15,2004-10-24,2004-10-20,5
10309,S10_1678,a,41,94.74,2004-10-15,2004-10-24,2004-10-18,3
10309,S12_2823,a,26,144.60,2004-10-15,2004-10-24,2004-10-18,3
10309,S24_1578,a,21,96.92,2004-10-15,2004-10-24,2004-10-18,3
10309,S24_2360,a,24,59.56,2004-10-15,2004-10-24,2004-10-18,3
10309,S32_4485,a,50,93.89,2004-10-15,2004-10-24,2004-10-18,3
10309,S50_4713,a,28,74.04,2004-10-15,2004-10-24,2004-10-18,3
10310,S12_1099,b,33,165.38,2004-10-16,2004-10-24,2004-10-18,2
10310,S12_3380,b,24,105.70,2004-10-16,2004-10-24,2004-10-18,2
10310,S12_3990,b,49,77.41,2004-10-16,2004-10-24,2004-10-18,2
10310,S12_4675,b,25,101.34,2004-10-16,2004-10-24,2004-10-18,2
10310,S18_1129,b,37,128.80,2004-10-16,2004-10-24,2004-10-18,2
10310,S18_1889,b,20,66.99,2004-10-16,2004-10-24,2004-10-18,2
10310,S18_1984,b,24,129.45,2004-10-16,2004-10-24,2004-10-18,2
10310,S18_3232,b,48,159.18,2004-10-16,2004-10-24,2004-10-18,2
10310,S18_3278,b,27,70.76,2004-10-16,2004-10-24,2004-10-18,2
10310,S18_3482,b,49,122.00,2004-10-16,2004-10-24,2004-10-18,2
10310,S18_3782,a,42,59.06,2004-10-16,2004-10-24,2004-10-18,2
10310,S18_4721,b,40,133.92,2004-10-16,2004-10-24,2004-10-18,2
10310,S24_2972,b,33,33.23,2004-10-16,2004-10-24,2004-10-18,2
10310,S24_3371,b,38,50.21,2004-10-16,2004-10-24,2004-10-18,2
10310,S24_3856,b,45,139.03,2004-10-16,2004-10-24,2004-10-18,2
10310,S24_4620,b,49,75.18,2004-10-16,2004-10-24,2004-10-18,2
10310,S32_2206,a,36,38.62,2004-10-16,2004-10-24,2004-10-18,2
10311,S18_1589,b,29,124.44,2004-10-16,2004-10-23,2004-10-20,4
10311,S18_2870,b,43,114.84,2004-10-16,2004-10-23,2004-10-20,4
10311,S18_3685,b,32,134.22,2004-10-16,2004-10-23,2004-10-20,4
10311,S18_4409,c,41,92.03,2004-10-16,2004-10-23,2004-10-20,4
10311,S18_4933,b,25,66.99,2004-10-16,2004-10-23,2004-10-20,4
10311,S24_1046,b,26,70.55,2004-10-16,2004-10-23,2004-10-20,4
10311,S24_1628,b,45,48.80,2004-10-16,2004-10-23,2004-10-20,4
10311,S24_2766,b,28,89.05,2004-10-16,2004-10-23,2004-10-20,4
10311,S24_2887,b,43,116.27,2004-10-16,2004-10-23,2004-10-20,4
10311,S24_3191,b,25,85.61,2004-10-16,2004-10-23,2004-10-20,4
10311,S24_3432,b,46,91.02,2004-10-16,2004-10-23,2004-10-20,4
10312,S10_1949,b,48,214.30,2004-10-21,2004-10-27,2004-10-23,2
10312,S18_1097,d,32,101.50,2004-10-21,2004-10-27,2004-10-23,2
10312,S18_1342,c,43,102.74,2004-10-21,2004-10-27,2004-10-23,2
10312,S18_1367,c,25,43.67,2004-10-21,2004-10-27,2004-10-23,2
10312,S18_1749,c,48,146.20,2004-10-21,2004-10-27,2004-10-23,2
10312,S18_2248,c,30,48.43,2004-10-21,2004-10-27,2004-10-23,2
10312,S18_2325,c,31,111.87,2004-10-21,2004-10-27,2004-10-23,2
10312,S18_2795,c,25,150.19,2004-10-21,2004-10-27,2004-10-23,2
10312,S18_2949,c,37,91.18,2004-10-21,2004-10-27,2004-10-23,2
10312,S18_2957,c,35,54.34,2004-10-21,2004-10-27,2004-10-23,2
10312,S18_3136,c,38,93.20,2004-10-21,2004-10-27,2004-10-23,2
10312,S18_3320,c,33,84.33,2004-10-21,2004-10-27,2004-10-23,2
10312,S18_4668,c,39,44.27,2004-10-21,2004-10-27,2004-10-23,2
10312,S24_1937,c,39,27.88,2004-10-21,2004-10-27,2004-10-23,2
10312,S24_2022,c,23,43.46,2004-10-21,2004-10-27,2004-10-23,2
10312,S24_3969,c,31,40.21,2004-10-21,2004-10-27,2004-10-23,2
10312,S24_4258,c,44,96.42,2004-10-21,2004-10-27,2004-10-23,2
10313,S10_4962,b,40,141.83,2004-10-22,2004-10-28,2004-10-25,3
10313,S12_1666,d,21,131.20,2004-10-22,2004-10-28,2004-10-25,3
10313,S18_2319,d,29,109.23,2004-10-22,2004-10-28,2004-10-25,3
10313,S18_2432,d,34,52.87,2004-10-22,2004-10-28,2004-10-25,3
10313,S18_3232,b,25,143.94,2004-10-22,2004-10-28,2004-10-25,3
10313,S18_4600,d,28,110.18,2004-10-22,2004-10-28,2004-10-25,3
10313,S24_2300,d,42,102.23,2004-10-22,2004-10-28,2004-10-25,3
10313,S32_1268,d,27,96.31,2004-10-22,2004-10-28,2004-10-25,3
10313,S32_2509,d,38,48.70,2004-10-22,2004-10-28,2004-10-25,3
10313,S32_3522,d,34,55.59,2004-10-22,2004-10-28,2004-10-25,3
10313,S700_2824,b,30,96.09,2004-10-22,2004-10-28,2004-10-25,3
10314,S12_1108,b,38,176.63,2004-10-22,2004-11-01,2004-10-23,1
10314,S12_3148,b,46,125.40,2004-10-22,2004-11-01,2004-10-23,1
10314,S12_3891,b,36,169.56,2004-10-22,2004-11-01,2004-10-23,1
10314,S12_4473,d,45,95.99,2004-10-22,2004-11-01,2004-10-23,1
10314,S18_2238,b,42,135.90,2004-10-22,2004-11-01,2004-10-23,1
10314,S18_3140,c,20,129.76,2004-10-22,2004-11-01,2004-10-23,1
10314,S18_3259,d,23,84.71,2004-10-22,2004-11-01,2004-10-23,1
10314,S18_4027,b,29,129.26,2004-10-22,2004-11-01,2004-10-23,1
10314,S24_1444,b,44,51.44,2004-10-22,2004-11-01,2004-10-23,1
10314,S24_2840,b,39,31.82,2004-10-22,2004-11-01,2004-10-23,1
10314,S24_4048,b,38,111.18,2004-10-22,2004-11-01,2004-10-23,1
10314,S32_3207,d,35,58.41,2004-10-22,2004-11-01,2004-10-23,1
10314,S50_1392,d,28,115.75,2004-10-22,2004-11-01,2004-10-23,1
10314,S50_1514,d,38,50.38,2004-10-22,2004-11-01,2004-10-23,1
10314,S700_1938,d,23,83.15,2004-10-22,2004-11-01,2004-10-23,1
10315,S18_4522,c,36,78.12,2004-10-29,2004-11-08,2004-10-30,1
10315,S24_2011,d,35,111.83,2004-10-29,2004-11-08,2004-10-30,1
10315,S24_3151,c,24,78.77,2004-10-29,2004-11-08,2004-10-30,1
10315,S700_1138,d,41,60.67,2004-10-29,2004-11-08,2004-10-30,1
10315,S700_3505,d,31,99.17,2004-10-29,2004-11-08,2004-10-30,1
10315,S700_3962,d,37,88.39,2004-10-29,2004-11-08,2004-10-30,1
10315,S72_3212,d,40,51.32,2004-10-29,2004-11-08,2004-10-30,1
10316,S10_4757,b,33,126.48,2004-11-01,2004-11-09,2004-11-07,6
10316,S18_1662,a,27,140.34,2004-11-01,2004-11-09,2004-11-07,6
10316,S18_3029,d,21,72.26,2004-11-01,2004-11-09,2004-11-07,6
10316,S18_3856,c,47,89.99,2004-11-01,2004-11-09,2004-11-07,6
10316,S24_1785,a,25,93.01,2004-11-01,2004-11-09,2004-11-07,6
10316,S24_2841,a,34,67.14,2004-11-01,2004-11-09,2004-11-07,6
10316,S24_3420,c,47,55.23,2004-11-01,2004-11-09,2004-11-07,6
10316,S24_3816,c,25,77.15,2004-11-01,2004-11-09,2004-11-07,6
10316,S24_3949,a,30,67.56,2004-11-01,2004-11-09,2004-11-07,6
10316,S32_4289,c,24,59.16,2004-11-01,2004-11-09,2004-11-07,6
10316,S50_1341,c,34,36.66,2004-11-01,2004-11-09,2004-11-07,6
10316,S700_1691,a,34,74.90,2004-11-01,2004-11-09,2004-11-07,6
10316,S700_2047,d,45,73.32,2004-11-01,2004-11-09,2004-11-07,6
10316,S700_2466,a,23,85.76,2004-11-01,2004-11-09,2004-11-07,6
10316,S700_2610,d,48,67.22,2004-11-01,2004-11-09,2004-11-07,6
10316,S700_3167,a,48,77.60,2004-11-01,2004-11-09,2004-11-07,6
10316,S700_4002,a,44,68.11,2004-11-01,2004-11-09,2004-11-07,6
10316,S72_1253,a,34,43.70,2004-11-01,2004-11-09,2004-11-07,6
10317,S24_4278,a,35,69.55,2004-11-02,2004-11-12,2004-11-08,6
10318,S10_1678,a,46,84.22,2004-11-02,2004-11-09,2004-11-07,5
10318,S10_2016,a,45,102.29,2004-11-02,2004-11-09,2004-11-07,5
10318,S10_4698,a,37,189.79,2004-11-02,2004-11-09,2004-11-07,5
10318,S18_2581,a,31,81.95,2004-11-02,2004-11-09,2004-11-07,5
10318,S18_2625,a,42,49.67,2004-11-02,2004-11-09,2004-11-07,5
10318,S24_1578,a,48,93.54,2004-11-02,2004-11-09,2004-11-07,5
10318,S24_2000,a,26,60.94,2004-11-02,2004-11-09,2004-11-07,5
10318,S32_1374,a,47,81.91,2004-11-02,2004-11-09,2004-11-07,5
10318,S700_2834,a,50,102.04,2004-11-02,2004-11-09,2004-11-07,5
10319,S12_2823,a,30,134.05,2004-11-03,2004-11-11,2004-11-06,3
10319,S18_3278,b,46,77.19,2004-11-03,2004-11-11,2004-11-06,3
10319,S18_3782,a,44,54.71,2004-11-03,2004-11-11,2004-11-06,3
10319,S18_4721,b,45,120.53,2004-11-03,2004-11-11,2004-11-06,3
10319,S24_2360,a,31,65.80,2004-11-03,2004-11-11,2004-11-06,3
10319,S24_4620,b,43,78.41,2004-11-03,2004-11-11,2004-11-06,3
10319,S32_2206,a,29,35.00,2004-11-03,2004-11-11,2004-11-06,3
10319,S32_4485,a,22,96.95,2004-11-03,2004-11-11,2004-11-06,3
10319,S50_4713,a,45,79.73,2004-11-03,2004-11-11,2004-11-06,3
10320,S12_1099,b,31,184.84,2004-11-03,2004-11-13,2004-11-07,4
10320,S12_3380,b,35,102.17,2004-11-03,2004-11-13,2004-11-07,4
10320,S12_3990,b,38,63.84,2004-11-03,2004-11-13,2004-11-07,4
10320,S18_3482,b,25,139.64,2004-11-03,2004-11-13,2004-11-07,4
10320,S24_3371,b,26,60.62,2004-11-03,2004-11-13,2004-11-07,4
10321,S12_4675,b,24,105.95,2004-11-04,2004-11-12,2004-11-07,3
10321,S18_1129,b,41,123.14,2004-11-04,2004-11-12,2004-11-07,3
10321,S18_1589,b,44,120.71,2004-11-04,2004-11-12,2004-11-07,3
10321,S18_1889,b,37,73.92,2004-11-04,2004-11-12,2004-11-07,3
10321,S18_1984,b,25,142.25,2004-11-04,2004-11-12,2004-11-07,3
10321,S18_2870,b,27,126.72,2004-11-04,2004-11-12,2004-11-07,3
10321,S18_3232,b,33,164.26,2004-11-04,2004-11-12,2004-11-07,3
10321,S18_3685,b,28,138.45,2004-11-04,2004-11-12,2004-11-07,3
10321,S24_1046,b,30,68.35,2004-11-04,2004-11-12,2004-11-07,3
10321,S24_1628,b,48,42.76,2004-11-04,2004-11-12,2004-11-07,3
10321,S24_2766,b,30,74.51,2004-11-04,2004-11-12,2004-11-07,3
10321,S24_2972,b,37,31.72,2004-11-04,2004-11-12,2004-11-07,3
10321,S24_3191,b,39,81.33,2004-11-04,2004-11-12,2004-11-07,3
10321,S24_3432,b,21,103.87,2004-11-04,2004-11-12,2004-11-07,3
10321,S24_3856,b,26,137.62,2004-11-04,2004-11-12,2004-11-07,3
10322,S10_1949,b,40,180.01,2004-11-04,2004-11-12,2004-11-10,6
10322,S10_4962,b,46,141.83,2004-11-04,2004-11-12,2004-11-10,6
10322,S12_1666,d,27,136.67,2004-11-04,2004-11-12,2004-11-10,6
10322,S18_1097,d,22,101.50,2004-11-04,2004-11-12,2004-11-10,6
10322,S18_1342,c,43,92.47,2004-11-04,2004-11-12,2004-11-10,6
10322,S18_1367,c,41,44.21,2004-11-04,2004-11-12,2004-11-10,6
10322,S18_2325,c,50,120.77,2004-11-04,2004-11-12,2004-11-10,6
10322,S18_2432,d,35,57.12,2004-11-04,2004-11-12,2004-11-10,6
10322,S18_2795,c,36,158.63,2004-11-04,2004-11-12,2004-11-10,6
10322,S18_2949,c,33,100.30,2004-11-04,2004-11-12,2004-11-10,6
10322,S18_2957,c,41,54.34,2004-11-04,2004-11-12,2004-11-10,6
10322,S18_3136,c,48,90.06,2004-11-04,2004-11-12,2004-11-10,6
10322,S24_1937,c,20,26.55,2004-11-04,2004-11-12,2004-11-10,6
10322,S24_2022,c,30,40.77,2004-11-04,2004-11-12,2004-11-10,6
10323,S18_3320,c,33,88.30,2004-11-05,2004-11-12,2004-11-09,4
10323,S18_4600,d,47,96.86,2004-11-05,2004-11-12,2004-11-09,4
10324,S12_3148,b,27,148.06,2004-11-05,2004-11-11,2004-11-08,3
10324,S12_4473,d,26,100.73,2004-11-05,2004-11-11,2004-11-08,3
10324,S18_2238,b,47,142.45,2004-11-05,2004-11-11,2004-11-08,3
10324,S18_2319,d,33,105.55,2004-11-05,2004-11-11,2004-11-08,3
10324,S18_3232,b,27,137.17,2004-11-05,2004-11-11,2004-11-08,3
10324,S18_4027,b,49,120.64,2004-11-05,2004-11-11,2004-11-08,3
10324,S18_4668,c,38,49.81,2004-11-05,2004-11-11,2004-11-08,3
10324,S24_1444,b,25,49.71,2004-11-05,2004-11-11,2004-11-08,3
10324,S24_2300,d,31,107.34,2004-11-05,2004-11-11,2004-11-08,3
10324,S24_2840,b,30,29.35,2004-11-05,2004-11-11,2004-11-08,3
10324,S24_4258,c,33,95.44,2004-11-05,2004-11-11,2004-11-08,3
10324,S32_1268,d,20,91.49,2004-11-05,2004-11-11,2004-11-08,3
10324,S32_3522,d,48,60.76,2004-11-05,2004-11-11,2004-11-08,3
10324,S700_2824,b,34,80.92,2004-11-05,2004-11-11,2004-11-08,3
10325,S10_4757,b,47,111.52,2004-11-05,2004-11-13,2004-11-08,3
10325,S12_1108,b,42,193.25,2004-11-05,2004-11-13,2004-11-08,3
10325,S12_3891,b,24,166.10,2004-11-05,2004-11-13,2004-11-08,3
10325,S18_3140,c,24,114.74,2004-11-05,2004-11-13,2004-11-08,3
10325,S24_4048,b,44,114.73,2004-11-05,2004-11-13,2004-11-08,3
10325,S32_2509,d,38,44.37,2004-11-05,2004-11-13,2004-11-08,3
10325,S32_3207,d,28,55.30,2004-11-05,2004-11-13,2004-11-08,3
10325,S50_1392,d,38,99.55,2004-11-05,2004-11-13,2004-11-08,3
10325,S50_1514,d,44,56.24,2004-11-05,2004-11-13,2004-11-08,3
10326,S18_3259,d,32,94.79,2004-11-09,2004-11-16,2004-11-10,1
10326,S18_4522,c,50,73.73,2004-11-09,2004-11-16,2004-11-10,1
10326,S24_2011,d,41,120.43,2004-11-09,2004-11-16,2004-11-10,1
10326,S24_3151,c,41,86.74,2004-11-09,2004-11-16,2004-11-10,1
10326,S24_3816,c,20,81.34,2004-11-09,2004-11-16,2004-11-10,1
10326,S700_1138,d,39,60.67,2004-11-09,2004-11-16,2004-11-10,1
10327,S18_1662,a,25,154.54,2004-11-10,2004-11-19,2004-11-13,3
10327,S18_2581,a,45,74.34,2004-11-10,2004-11-19,2004-11-13,3
10327,S18_3029,d,25,74.84,2004-11-10,2004-11-19,2004-11-13,3
10327,S700_1938,d,20,79.68,2004-11-10,2004-11-19,2004-11-13,3
10327,S700_2610,d,21,65.05,2004-11-10,2004-11-19,2004-11-13,3
10327,S700_3505,d,43,85.14,2004-11-10,2004-11-19,2004-11-13,3
10327,S700_3962,d,37,83.42,2004-11-10,2004-11-19,2004-11-13,3
10327,S72_3212,d,37,48.05,2004-11-10,2004-11-19,2004-11-13,3
10328,S18_3856,c,34,104.81,2004-11-12,2004-11-21,2004-11-18,6
10328,S24_1785,a,47,87.54,2004-11-12,2004-11-21,2004-11-18,6
10328,S24_2841,a,48,67.82,2004-11-12,2004-11-21,2004-11-18,6
10328,S24_3420,c,20,56.55,2004-11-12,2004-11-21,2004-11-18,6
10328,S24_3949,a,35,55.96,2004-11-12,2004-11-21,2004-11-18,6
10328,S24_4278,a,43,69.55,2004-11-12,2004-11-21,2004-11-18,6
10328,S32_4289,c,24,57.10,2004-11-12,2004-11-21,2004-11-18,6
10328,S50_1341,c,34,42.33,2004-11-12,2004-11-21,2004-11-18,6
10328,S700_1691,a,27,84.03,2004-11-12,2004-11-21,2004-11-18,6
10328,S700_2047,d,41,75.13,2004-11-12,2004-11-21,2004-11-18,6
10328,S700_2466,a,37,95.73,2004-11-12,2004-11-21,2004-11-18,6
10328,S700_2834,a,33,117.46,2004-11-12,2004-11-21,2004-11-18,6
10328,S700_3167,a,33,71.20,2004-11-12,2004-11-21,2004-11-18,6
10328,S700_4002,a,39,69.59,2004-11-12,2004-11-21,2004-11-18,6
10329,S10_1678,a,42,80.39,2004-11-15,2004-11-24,2004-11-16,1
10329,S10_2016,a,20,109.42,2004-11-15,2004-11-24,2004-11-16,1
10329,S10_4698,a,26,164.61,2004-11-15,2004-11-24,2004-11-16,1
10329,S12_1099,b,41,182.90,2004-11-15,2004-11-24,2004-11-16,1
10329,S12_2823,a,24,128.03,2004-11-15,2004-11-24,2004-11-16,1
10329,S12_3380,b,46,117.44,2004-11-15,2004-11-24,2004-11-16,1
10329,S12_3990,b,33,74.21,2004-11-15,2004-11-24,2004-11-16,1
10329,S12_4675,b,39,102.49,2004-11-15,2004-11-24,2004-11-16,1
10329,S18_1889,b,29,66.22,2004-11-15,2004-11-24,2004-11-16,1
10329,S18_2625,a,38,55.72,2004-11-15,2004-11-24,2004-11-16,1
10329,S18_3278,b,38,65.13,2004-11-15,2004-11-24,2004-11-16,1
10329,S24_1578,a,30,104.81,2004-11-15,2004-11-24,2004-11-16,1
10329,S24_2000,a,37,71.60,2004-11-15,2004-11-24,2004-11-16,1
10329,S32_1374,a,45,80.91,2004-11-15,2004-11-24,2004-11-16,1
10329,S72_1253,a,44,41.22,2004-11-15,2004-11-24,2004-11-16,1
10330,S18_3482,b,37,136.70,2004-11-16,2004-11-25,2004-11-21,5
10330,S18_3782,a,29,59.06,2004-11-16,2004-11-25,2004-11-21,5
10330,S18_4721,b,50,133.92,2004-11-16,2004-11-25,2004-11-21,5
10330,S24_2360,a,42,56.10,2004-11-16,2004-11-25,2004-11-21,5
10331,S18_1129,b,46,120.31,2004-11-17,2004-11-23,2004-11-23,6
10331,S18_1589,b,44,99.55,2004-11-17,2004-11-23,2004-11-23,6
10331,S18_1749,c,44,154.70,2004-11-17,2004-11-23,2004-11-23,6
10331,S18_1984,b,30,135.14,2004-11-17,2004-11-23,2004-11-23,6
10331,S18_2870,b,26,130.68,2004-11-17,2004-11-23,2004-11-23,6
10331,S18_3232,b,27,169.34,2004-11-17,2004-11-23,2004-11-23,6
10331,S18_3685,b,26,132.80,2004-11-17,2004-11-23,2004-11-23,6
10331,S24_2972,b,27,37.00,2004-11-17,2004-11-23,2004-11-23,6
10331,S24_3371,b,25,55.11,2004-11-17,2004-11-23,2004-11-23,6
10331,S24_3856,b,21,139.03,2004-11-17,2004-11-23,2004-11-23,6
10331,S24_4620,b,41,70.33,2004-11-17,2004-11-23,2004-11-23,6
10331,S32_2206,a,28,33.39,2004-11-17,2004-11-23,2004-11-23,6
10331,S32_4485,a,32,100.01,2004-11-17,2004-11-23,2004-11-23,6
10331,S50_4713,a,20,74.04,2004-11-17,2004-11-23,2004-11-23,6
10332,S18_1342,c,46,89.38,2004-11-17,2004-11-25,2004-11-18,1
10332,S18_1367,c,27,51.21,2004-11-17,2004-11-25,2004-11-18,1
10332,S18_2248,c,38,53.88,2004-11-17,2004-11-25,2004-11-18,1
10332,S18_2325,c,35,116.96,2004-11-17,2004-11-25,2004-11-18,1
10332,S18_2795,c,24,138.38,2004-11-17,2004-11-25,2004-11-18,1
10332,S18_2957,c,26,53.09,2004-11-17,2004-11-25,2004-11-18,1
10332,S18_3136,c,40,100.53,2004-11-17,2004-11-25,2004-11-18,1
10332,S18_4409,c,50,92.03,2004-11-17,2004-11-25,2004-11-18,1
10332,S18_4933,b,21,70.56,2004-11-17,2004-11-25,2004-11-18,1
10332,S24_1046,b,23,61.73,2004-11-17,2004-11-25,2004-11-18,1
10332,S24_1628,b,20,47.29,2004-11-17,2004-11-25,2004-11-18,1
10332,S24_1937,c,45,29.87,2004-11-17,2004-11-25,2004-11-18,1
10332,S24_2022,c,26,43.01,2004-11-17,2004-11-25,2004-11-18,1
10332,S24_2766,b,39,84.51,2004-11-17,2004-11-25,2004-11-18,1
10332,S24_2887,b,44,108.04,2004-11-17,2004-11-25,2004-11-18,1
10332,S24_3191,b,45,77.91,2004-11-17,2004-11-25,2004-11-18,1
10332,S24_3432,b,31,94.23,2004-11-17,2004-11-25,2004-11-18,1
10332,S24_3969,c,41,34.47,2004-11-17,2004-11-25,2004-11-18,1
10333,S10_1949,b,26,188.58,2004-11-18,2004-11-27,2004-11-20,2
10333,S12_1666,d,33,121.64,2004-11-18,2004-11-27,2004-11-20,2
10333,S18_1097,d,29,110.84,2004-11-18,2004-11-27,2004-11-20,2
10333,S18_2949,c,31,95.23,2004-11-18,2004-11-27,2004-11-20,2
10333,S18_3320,c,46,95.24,2004-11-18,2004-11-27,2004-11-20,2
10333,S18_4668,c,24,42.26,2004-11-18,2004-11-27,2004-11-20,2
10333,S24_4258,c,39,95.44,2004-11-18,2004-11-27,2004-11-20,2
10333,S32_3522,d,33,62.05,2004-11-18,2004-11-27,2004-11-20,2
10334,S10_4962,b,26,130.01,2004-11-19,2004-11-28,NULL,NULL
10334,S18_2319,d,46,108.00,2004-11-19,2004-11-28,NULL,NULL
10334,S18_2432,d,34,52.87,2004-11-19,2004-11-28,NULL,NULL
10334,S18_3232,b,20,147.33,2004-11-19,2004-11-28,NULL,NULL
10334,S18_4600,d,49,101.71,2004-11-19,2004-11-28,NULL,NULL
10334,S24_2300,d,42,117.57,2004-11-19,2004-11-28,NULL,NULL
10335,S24_2840,b,33,32.88,2004-11-19,2004-11-29,2004-11-23,4
10335,S32_1268,d,44,77.05,2004-11-19,2004-11-29,2004-11-23,4
10335,S32_2509,d,40,49.78,2004-11-19,2004-11-29,2004-11-23,4
10336,S12_1108,b,33,176.63,2004-11-20,2004-11-26,2004-11-24,4
10336,S12_3148,b,33,126.91,2004-11-20,2004-11-26,2004-11-24,4
10336,S12_3891,b,49,141.88,2004-11-20,2004-11-26,2004-11-24,4
10336,S12_4473,d,38,95.99,2004-11-20,2004-11-26,2004-11-24,4
10336,S18_2238,b,49,153.91,2004-11-20,2004-11-26,2004-11-24,4
10336,S18_3140,c,48,135.22,2004-11-20,2004-11-26,2004-11-24,4
10336,S18_3259,d,21,100.84,2004-11-20,2004-11-26,2004-11-24,4
10336,S24_1444,b,45,49.71,2004-11-20,2004-11-26,2004-11-24,4
10336,S24_4048,b,31,113.55,2004-11-20,2004-11-26,2004-11-24,4
10336,S32_3207,d,31,59.03,2004-11-20,2004-11-26,2004-11-24,4
10336,S50_1392,d,23,109.96,2004-11-20,2004-11-26,2004-11-24,4
10336,S700_2824,b,46,94.07,2004-11-20,2004-11-26,2004-11-24,4
10337,S10_4757,b,25,131.92,2004-11-21,2004-11-30,2004-11-26,5
10337,S18_4027,b,36,140.75,2004-11-21,2004-11-30,2004-11-26,5
10337,S18_4522,c,29,76.36,2004-11-21,2004-11-30,2004-11-26,5
10337,S24_2011,d,29,119.20,2004-11-21,2004-11-30,2004-11-26,5
10337,S50_1514,d,21,54.48,2004-11-21,2004-11-30,2004-11-26,5
10337,S700_1938,d,36,73.62,2004-11-21,2004-11-30,2004-11-26,5
10337,S700_3505,d,31,84.14,2004-11-21,2004-11-30,2004-11-26,5
10337,S700_3962,d,36,83.42,2004-11-21,2004-11-30,2004-11-26,5
10337,S72_3212,d,42,49.14,2004-11-21,2004-11-30,2004-11-26,5
10338,S18_1662,a,41,137.19,2004-11-22,2004-12-02,2004-11-27,5
10338,S18_3029,d,28,80.86,2004-11-22,2004-12-02,2004-11-27,5
10338,S18_3856,c,45,93.17,2004-11-22,2004-12-02,2004-11-27,5
10339,S10_2016,a,40,117.75,2004-11-23,2004-11-30,2004-11-30,7
10339,S10_4698,a,39,178.17,2004-11-23,2004-11-30,2004-11-30,7
10339,S18_2581,a,27,79.41,2004-11-23,2004-11-30,2004-11-30,7
10339,S18_2625,a,30,48.46,2004-11-23,2004-11-30,2004-11-30,7
10339,S24_1578,a,27,96.92,2004-11-23,2004-11-30,2004-11-30,7
10339,S24_1785,a,21,106.14,2004-11-23,2004-11-30,2004-11-30,7
10339,S24_2841,a,55,67.82,2004-11-23,2004-11-30,2004-11-30,7
10339,S24_3151,c,55,73.46,2004-11-23,2004-11-30,2004-11-30,7
10339,S24_3420,c,29,57.86,2004-11-23,2004-11-30,2004-11-30,7
10339,S24_3816,c,42,72.96,2004-11-23,2004-11-30,2004-11-30,7
10339,S24_3949,a,45,57.32,2004-11-23,2004-11-30,2004-11-30,7
10339,S700_1138,d,22,53.34,2004-11-23,2004-11-30,2004-11-30,7
10339,S700_2047,d,55,86.90,2004-11-23,2004-11-30,2004-11-30,7
10339,S700_2610,d,50,62.16,2004-11-23,2004-11-30,2004-11-30,7
10339,S700_4002,a,50,66.63,2004-11-23,2004-11-30,2004-11-30,7
10339,S72_1253,a,27,49.66,2004-11-23,2004-11-30,2004-11-30,7
10340,S24_2000,a,55,62.46,2004-11-24,2004-12-01,2004-11-25,1
10340,S24_4278,a,40,63.76,2004-11-24,2004-12-01,2004-11-25,1
10340,S32_1374,a,55,95.89,2004-11-24,2004-12-01,2004-11-25,1
10340,S32_4289,c,39,67.41,2004-11-24,2004-12-01,2004-11-25,1
10340,S50_1341,c,40,37.09,2004-11-24,2004-12-01,2004-11-25,1
10340,S700_1691,a,30,73.99,2004-11-24,2004-12-01,2004-11-25,1
10340,S700_2466,a,55,81.77,2004-11-24,2004-12-01,2004-11-25,1
10340,S700_2834,a,29,98.48,2004-11-24,2004-12-01,2004-11-25,1
10341,S10_1678,a,41,84.22,2004-11-24,2004-12-01,2004-11-29,5
10341,S12_1099,b,45,192.62,2004-11-24,2004-12-01,2004-11-29,5
10341,S12_2823,a,55,120.50,2004-11-24,2004-12-01,2004-11-29,5
10341,S12_3380,b,44,111.57,2004-11-24,2004-12-01,2004-11-29,5
10341,S12_3990,b,36,77.41,2004-11-24,2004-12-01,2004-11-29,5
10341,S12_4675,b,55,109.40,2004-11-24,2004-12-01,2004-11-29,5
10341,S24_2360,a,32,63.03,2004-11-24,2004-12-01,2004-11-29,5
10341,S32_4485,a,31,95.93,2004-11-24,2004-12-01,2004-11-29,5
10341,S50_4713,a,38,78.11,2004-11-24,2004-12-01,2004-11-29,5
10341,S700_3167,a,34,70.40,2004-11-24,2004-12-01,2004-11-29,5
10342,S18_1129,b,40,118.89,2004-11-24,2004-12-01,2004-11-29,5
10342,S18_1889,b,55,63.14,2004-11-24,2004-12-01,2004-11-29,5
10342,S18_1984,b,22,115.22,2004-11-24,2004-12-01,2004-11-29,5
10342,S18_3232,b,30,167.65,2004-11-24,2004-12-01,2004-11-29,5
10342,S18_3278,b,25,76.39,2004-11-24,2004-12-01,2004-11-29,5
10342,S18_3482,b,55,136.70,2004-11-24,2004-12-01,2004-11-29,5
10342,S18_3782,a,26,57.82,2004-11-24,2004-12-01,2004-11-29,5
10342,S18_4721,b,38,124.99,2004-11-24,2004-12-01,2004-11-29,5
10342,S24_2972,b,39,30.59,2004-11-24,2004-12-01,2004-11-29,5
10342,S24_3371,b,48,60.01,2004-11-24,2004-12-01,2004-11-29,5
10342,S24_3856,b,42,112.34,2004-11-24,2004-12-01,2004-11-29,5
10343,S18_1589,b,36,109.51,2004-11-24,2004-12-01,2004-11-26,2
10343,S18_2870,b,25,118.80,2004-11-24,2004-12-01,2004-11-26,2
10343,S18_3685,b,44,127.15,2004-11-24,2004-12-01,2004-11-26,2
10343,S24_1628,b,27,44.78,2004-11-24,2004-12-01,2004-11-26,2
10343,S24_4620,b,30,76.80,2004-11-24,2004-12-01,2004-11-26,2
10343,S32_2206,a,29,37.41,2004-11-24,2004-12-01,2004-11-26,2
10344,S18_1749,c,45,168.30,2004-11-25,2004-12-02,2004-11-29,4
10344,S18_2248,c,40,49.04,2004-11-25,2004-12-02,2004-11-29,4
10344,S18_2325,c,30,118.23,2004-11-25,2004-12-02,2004-11-29,4
10344,S18_4409,c,21,80.99,2004-11-25,2004-12-02,2004-11-29,4
10344,S18_4933,b,26,68.42,2004-11-25,2004-12-02,2004-11-29,4
10344,S24_1046,b,29,61.00,2004-11-25,2004-12-02,2004-11-29,4
10344,S24_1937,c,20,27.88,2004-11-25,2004-12-02,2004-11-29,4
10345,S24_2022,c,43,38.98,2004-11-25,2004-12-01,2004-11-26,1
10346,S18_1342,c,42,88.36,2004-11-29,2004-12-05,2004-11-30,1
10346,S24_2766,b,25,87.24,2004-11-29,2004-12-05,2004-11-30,1
10346,S24_2887,b,24,117.44,2004-11-29,2004-12-05,2004-11-30,1
10346,S24_3191,b,24,80.47,2004-11-29,2004-12-05,2004-11-30,1
10346,S24_3432,b,26,103.87,2004-11-29,2004-12-05,2004-11-30,1
10346,S24_3969,c,22,38.57,2004-11-29,2004-12-05,2004-11-30,1
10347,S10_1949,b,30,188.58,2004-11-29,2004-12-07,2004-11-30,1
10347,S10_4962,b,27,132.97,2004-11-29,2004-12-07,2004-11-30,1
10347,S12_1666,d,29,132.57,2004-11-29,2004-12-07,2004-11-30,1
10347,S18_1097,d,42,113.17,2004-11-29,2004-12-07,2004-11-30,1
10347,S18_1367,c,21,46.36,2004-11-29,2004-12-07,2004-11-30,1
10347,S18_2432,d,50,51.05,2004-11-29,2004-12-07,2004-11-30,1
10347,S18_2795,c,21,136.69,2004-11-29,2004-12-07,2004-11-30,1
10347,S18_2949,c,48,84.09,2004-11-29,2004-12-07,2004-11-30,1
10347,S18_2957,c,34,60.59,2004-11-29,2004-12-07,2004-11-30,1
10347,S18_3136,c,45,95.30,2004-11-29,2004-12-07,2004-11-30,1
10347,S18_3320,c,26,84.33,2004-11-29,2004-12-07,2004-11-30,1
10347,S18_4600,d,45,115.03,2004-11-29,2004-12-07,2004-11-30,1
10348,S12_1108,b,48,207.80,2004-11-01,2004-11-08,2004-11-05,4
10348,S12_3148,b,47,122.37,2004-11-01,2004-11-08,2004-11-05,4
10348,S18_4668,c,29,43.77,2004-11-01,2004-11-08,2004-11-05,4
10348,S24_2300,d,37,107.34,2004-11-01,2004-11-08,2004-11-05,4
10348,S24_4258,c,39,82.78,2004-11-01,2004-11-08,2004-11-05,4
10348,S32_1268,d,42,90.53,2004-11-01,2004-11-08,2004-11-05,4
10348,S32_3522,d,31,62.70,2004-11-01,2004-11-08,2004-11-05,4
10348,S700_2824,b,32,100.14,2004-11-01,2004-11-08,2004-11-05,4
10349,S12_3891,b,26,166.10,2004-12-01,2004-12-07,2004-12-03,2
10349,S12_4473,d,48,114.95,2004-12-01,2004-12-07,2004-12-03,2
10349,S18_2238,b,38,142.45,2004-12-01,2004-12-07,2004-12-03,2
10349,S18_2319,d,38,117.82,2004-12-01,2004-12-07,2004-12-03,2
10349,S18_3232,b,48,164.26,2004-12-01,2004-12-07,2004-12-03,2
10349,S18_4027,b,34,140.75,2004-12-01,2004-12-07,2004-12-03,2
10349,S24_1444,b,48,50.29,2004-12-01,2004-12-07,2004-12-03,2
10349,S24_2840,b,36,31.47,2004-12-01,2004-12-07,2004-12-03,2
10349,S24_4048,b,23,111.18,2004-12-01,2004-12-07,2004-12-03,2
10349,S32_2509,d,33,44.37,2004-12-01,2004-12-07,2004-12-03,2
10350,S10_4757,b,26,110.16,2004-12-02,2004-12-08,2004-12-05,3
10350,S18_3029,d,43,84.30,2004-12-02,2004-12-08,2004-12-05,3
10350,S18_3140,c,44,135.22,2004-12-02,2004-12-08,2004-12-05,3
10350,S18_3259,d,41,94.79,2004-12-02,2004-12-08,2004-12-05,3
10350,S18_4522,c,30,70.22,2004-12-02,2004-12-08,2004-12-05,3
10350,S24_2011,d,34,98.31,2004-12-02,2004-12-08,2004-12-05,3
10350,S24_3151,c,30,86.74,2004-12-02,2004-12-08,2004-12-05,3
10350,S24_3816,c,25,77.15,2004-12-02,2004-12-08,2004-12-05,3
10350,S32_3207,d,27,61.52,2004-12-02,2004-12-08,2004-12-05,3
10350,S50_1392,d,31,104.18,2004-12-02,2004-12-08,2004-12-05,3
10350,S50_1514,d,44,56.82,2004-12-02,2004-12-08,2004-12-05,3
10350,S700_1138,d,46,56.00,2004-12-02,2004-12-08,2004-12-05,3
10350,S700_1938,d,28,76.22,2004-12-02,2004-12-08,2004-12-05,3
10350,S700_2610,d,29,68.67,2004-12-02,2004-12-08,2004-12-05,3
10350,S700_3505,d,31,87.15,2004-12-02,2004-12-08,2004-12-05,3
10350,S700_3962,d,25,97.32,2004-12-02,2004-12-08,2004-12-05,3
10350,S72_3212,d,20,48.05,2004-12-02,2004-12-08,2004-12-05,3
10351,S18_1662,a,39,143.50,2004-12-03,2004-12-11,2004-12-07,4
10351,S18_3856,c,20,104.81,2004-12-03,2004-12-11,2004-12-07,4
10351,S24_2841,a,25,64.40,2004-12-03,2004-12-11,2004-12-07,4
10351,S24_3420,c,38,53.92,2004-12-03,2004-12-11,2004-12-07,4
10351,S24_3949,a,34,68.24,2004-12-03,2004-12-11,2004-12-07,4
10352,S700_2047,d,23,75.13,2004-12-03,2004-12-12,2004-12-09,6
10352,S700_2466,a,49,87.75,2004-12-03,2004-12-12,2004-12-09,6
10352,S700_4002,a,22,62.19,2004-12-03,2004-12-12,2004-12-09,6
10352,S72_1253,a,49,46.18,2004-12-03,2004-12-12,2004-12-09,6
10353,S18_2581,a,27,71.81,2004-12-04,2004-12-11,2004-12-05,1
10353,S24_1785,a,28,107.23,2004-12-04,2004-12-11,2004-12-05,1
10353,S24_4278,a,35,69.55,2004-12-04,2004-12-11,2004-12-05,1
10353,S32_1374,a,46,86.90,2004-12-04,2004-12-11,2004-12-05,1
10353,S32_4289,c,40,68.10,2004-12-04,2004-12-11,2004-12-05,1
10353,S50_1341,c,40,35.78,2004-12-04,2004-12-11,2004-12-05,1
10353,S700_1691,a,39,73.07,2004-12-04,2004-12-11,2004-12-05,1
10353,S700_2834,a,48,98.48,2004-12-04,2004-12-11,2004-12-05,1
10353,S700_3167,a,43,74.40,2004-12-04,2004-12-11,2004-12-05,1
10354,S10_1678,a,42,84.22,2004-12-04,2004-12-10,2004-12-05,1
10354,S10_2016,a,20,95.15,2004-12-04,2004-12-10,2004-12-05,1
10354,S10_4698,a,42,178.17,2004-12-04,2004-12-10,2004-12-05,1
10354,S12_1099,b,31,157.60,2004-12-04,2004-12-10,2004-12-05,1
10354,S12_2823,a,35,141.58,2004-12-04,2004-12-10,2004-12-05,1
10354,S12_3380,b,29,98.65,2004-12-04,2004-12-10,2004-12-05,1
10354,S12_3990,b,23,76.61,2004-12-04,2004-12-10,2004-12-05,1
10354,S12_4675,b,28,100.19,2004-12-04,2004-12-10,2004-12-05,1
10354,S18_1889,b,21,76.23,2004-12-04,2004-12-10,2004-12-05,1
10354,S18_2625,a,28,49.06,2004-12-04,2004-12-10,2004-12-05,1
10354,S18_3278,b,36,69.15,2004-12-04,2004-12-10,2004-12-05,1
10354,S24_1578,a,21,96.92,2004-12-04,2004-12-10,2004-12-05,1
10354,S24_2000,a,28,62.46,2004-12-04,2004-12-10,2004-12-05,1
10355,S18_3482,b,23,117.59,2004-12-07,2004-12-14,2004-12-13,6
10355,S18_3782,a,31,60.30,2004-12-07,2004-12-14,2004-12-13,6
10355,S18_4721,b,25,124.99,2004-12-07,2004-12-14,2004-12-13,6
10355,S24_2360,a,41,56.10,2004-12-07,2004-12-14,2004-12-13,6
10355,S24_2972,b,36,37.38,2004-12-07,2004-12-14,2004-12-13,6
10355,S24_3371,b,44,60.62,2004-12-07,2004-12-14,2004-12-13,6
10355,S24_3856,b,32,137.62,2004-12-07,2004-12-14,2004-12-13,6
10355,S24_4620,b,28,75.18,2004-12-07,2004-12-14,2004-12-13,6
10355,S32_2206,a,38,32.99,2004-12-07,2004-12-14,2004-12-13,6
10355,S32_4485,a,40,93.89,2004-12-07,2004-12-14,2004-12-13,6
10356,S18_1129,b,43,120.31,2004-12-09,2004-12-15,2004-12-12,3
10356,S18_1342,c,50,82.19,2004-12-09,2004-12-15,2004-12-12,3
10356,S18_1367,c,22,44.75,2004-12-09,2004-12-15,2004-12-12,3
10356,S18_1984,b,27,130.87,2004-12-09,2004-12-15,2004-12-12,3
10356,S18_2325,c,29,106.79,2004-12-09,2004-12-15,2004-12-12,3
10356,S18_2795,c,30,158.63,2004-12-09,2004-12-15,2004-12-12,3
10356,S24_1937,c,48,31.86,2004-12-09,2004-12-15,2004-12-12,3
10356,S24_2022,c,26,42.11,2004-12-09,2004-12-15,2004-12-12,3
10356,S50_4713,a,26,78.11,2004-12-09,2004-12-15,2004-12-12,3
10357,S10_1949,b,32,199.30,2004-12-10,2004-12-16,2004-12-14,4
10357,S10_4962,b,43,135.92,2004-12-10,2004-12-16,2004-12-14,4
10357,S12_1666,d,49,109.34,2004-12-10,2004-12-16,2004-12-14,4
10357,S18_1097,d,39,112.00,2004-12-10,2004-12-16,2004-12-14,4
10357,S18_2432,d,41,58.95,2004-12-10,2004-12-16,2004-12-14,4
10357,S18_2949,c,41,91.18,2004-12-10,2004-12-16,2004-12-14,4
10357,S18_2957,c,49,59.34,2004-12-10,2004-12-16,2004-12-14,4
10357,S18_3136,c,44,104.72,2004-12-10,2004-12-16,2004-12-14,4
10357,S18_3320,c,25,84.33,2004-12-10,2004-12-16,2004-12-14,4
10357,S18_4600,d,28,105.34,2004-12-10,2004-12-16,2004-12-14,4
10358,S12_3148,b,49,129.93,2004-12-10,2004-12-16,2004-12-16,6
10358,S12_4473,d,42,98.36,2004-12-10,2004-12-16,2004-12-16,6
10358,S18_2238,b,20,142.45,2004-12-10,2004-12-16,2004-12-16,6
10358,S18_2319,d,20,99.41,2004-12-10,2004-12-16,2004-12-16,6
10358,S18_3232,b,32,137.17,2004-12-10,2004-12-16,2004-12-16,6
10358,S18_4027,b,25,117.77,2004-12-10,2004-12-16,2004-12-16,6
10358,S18_4668,c,30,46.29,2004-12-10,2004-12-16,2004-12-16,6
10358,S24_1444,b,44,56.07,2004-12-10,2004-12-16,2004-12-16,6
10358,S24_2300,d,41,127.79,2004-12-10,2004-12-16,2004-12-16,6
10358,S24_2840,b,36,33.59,2004-12-10,2004-12-16,2004-12-16,6
10358,S24_4258,c,41,88.62,2004-12-10,2004-12-16,2004-12-16,6
10358,S32_1268,d,41,82.83,2004-12-10,2004-12-16,2004-12-16,6
10358,S32_3522,d,36,51.71,2004-12-10,2004-12-16,2004-12-16,6
10358,S700_2824,b,27,85.98,2004-12-10,2004-12-16,2004-12-16,6
10359,S10_4757,b,48,122.40,2004-12-15,2004-12-23,2004-12-18,3
10359,S12_1108,b,42,180.79,2004-12-15,2004-12-23,2004-12-18,3
10359,S12_3891,b,49,162.64,2004-12-15,2004-12-23,2004-12-18,3
10359,S24_4048,b,22,108.82,2004-12-15,2004-12-23,2004-12-18,3
10359,S32_2509,d,36,45.45,2004-12-15,2004-12-23,2004-12-18,3
10359,S32_3207,d,22,62.14,2004-12-15,2004-12-23,2004-12-18,3
10359,S50_1392,d,46,99.55,2004-12-15,2004-12-23,2004-12-18,3
10359,S50_1514,d,25,47.45,2004-12-15,2004-12-23,2004-12-18,3
10360,S18_1662,a,50,126.15,2004-12-16,2004-12-22,2004-12-18,2
10360,S18_2581,a,41,68.43,2004-12-16,2004-12-22,2004-12-18,2
10360,S18_3029,d,46,71.40,2004-12-16,2004-12-22,2004-12-18,2
10360,S18_3140,c,29,122.93,2004-12-16,2004-12-22,2004-12-18,2
10360,S18_3259,d,29,94.79,2004-12-16,2004-12-22,2004-12-18,2
10360,S18_3856,c,40,101.64,2004-12-16,2004-12-22,2004-12-18,2
10360,S18_4522,c,40,76.36,2004-12-16,2004-12-22,2004-12-18,2
10360,S24_1785,a,22,106.14,2004-12-16,2004-12-22,2004-12-18,2
10360,S24_2011,d,31,100.77,2004-12-16,2004-12-22,2004-12-18,2
10360,S24_2841,a,49,55.49,2004-12-16,2004-12-22,2004-12-18,2
10360,S24_3151,c,36,70.81,2004-12-16,2004-12-22,2004-12-18,2
10360,S24_3816,c,22,78.83,2004-12-16,2004-12-22,2004-12-18,2
10360,S700_1138,d,32,64.67,2004-12-16,2004-12-22,2004-12-18,2
10360,S700_1938,d,26,86.61,2004-12-16,2004-12-22,2004-12-18,2
10360,S700_2610,d,30,70.11,2004-12-16,2004-12-22,2004-12-18,2
10360,S700_3505,d,35,83.14,2004-12-16,2004-12-22,2004-12-18,2
10360,S700_3962,d,31,92.36,2004-12-16,2004-12-22,2004-12-18,2
10360,S72_3212,d,31,54.05,2004-12-16,2004-12-22,2004-12-18,2
10361,S10_1678,a,20,92.83,2004-12-17,2004-12-24,2004-12-20,3
10361,S10_2016,a,26,114.18,2004-12-17,2004-12-24,2004-12-20,3
10361,S24_3420,c,34,62.46,2004-12-17,2004-12-24,2004-12-20,3
10361,S24_3949,a,26,61.42,2004-12-17,2004-12-24,2004-12-20,3
10361,S24_4278,a,25,68.83,2004-12-17,2004-12-24,2004-12-20,3
10361,S32_4289,c,49,56.41,2004-12-17,2004-12-24,2004-12-20,3
10361,S50_1341,c,33,35.78,2004-12-17,2004-12-24,2004-12-20,3
10361,S700_1691,a,20,88.60,2004-12-17,2004-12-24,2004-12-20,3
10361,S700_2047,d,24,85.99,2004-12-17,2004-12-24,2004-12-20,3
10361,S700_2466,a,26,91.74,2004-12-17,2004-12-24,2004-12-20,3
10361,S700_2834,a,44,107.97,2004-12-17,2004-12-24,2004-12-20,3
10361,S700_3167,a,44,76.80,2004-12-17,2004-12-24,2004-12-20,3
10361,S700_4002,a,35,62.19,2004-12-17,2004-12-24,2004-12-20,3
10361,S72_1253,a,23,47.67,2004-12-17,2004-12-24,2004-12-20,3
10362,S10_4698,a,22,182.04,2005-01-05,2005-01-16,2005-01-10,5
10362,S12_2823,a,22,131.04,2005-01-05,2005-01-16,2005-01-10,5
10362,S18_2625,a,23,53.91,2005-01-05,2005-01-16,2005-01-10,5
10362,S24_1578,a,50,91.29,2005-01-05,2005-01-16,2005-01-10,5
10363,S12_1099,b,33,180.95,2005-01-06,2005-01-12,2005-01-10,4
10363,S12_3380,b,34,106.87,2005-01-06,2005-01-12,2005-01-10,4
10363,S12_3990,b,34,68.63,2005-01-06,2005-01-12,2005-01-10,4
10363,S12_4675,b,46,103.64,2005-01-06,2005-01-12,2005-01-10,4
10363,S18_1889,b,22,61.60,2005-01-06,2005-01-12,2005-01-10,4
10363,S18_3278,b,46,69.15,2005-01-06,2005-01-12,2005-01-10,4
10363,S18_3482,b,24,124.94,2005-01-06,2005-01-12,2005-01-10,4
10363,S18_3782,a,32,52.22,2005-01-06,2005-01-12,2005-01-10,4
10363,S18_4721,b,28,123.50,2005-01-06,2005-01-12,2005-01-10,4
10363,S24_2000,a,21,70.08,2005-01-06,2005-01-12,2005-01-10,4
10363,S24_2360,a,43,56.10,2005-01-06,2005-01-12,2005-01-10,4
10363,S24_3371,b,21,52.05,2005-01-06,2005-01-12,2005-01-10,4
10363,S24_3856,b,31,113.75,2005-01-06,2005-01-12,2005-01-10,4
10363,S24_4620,b,43,75.99,2005-01-06,2005-01-12,2005-01-10,4
10363,S32_1374,a,50,92.90,2005-01-06,2005-01-12,2005-01-10,4
10364,S32_2206,a,48,38.22,2005-01-06,2005-01-17,2005-01-09,3
10365,S18_1129,b,30,116.06,2005-01-07,2005-01-18,2005-01-11,4
10365,S32_4485,a,22,82.66,2005-01-07,2005-01-18,2005-01-11,4
10365,S50_4713,a,44,68.34,2005-01-07,2005-01-18,2005-01-11,4
10366,S18_1984,b,34,116.65,2005-01-10,2005-01-19,2005-01-12,2
10366,S18_2870,b,49,105.60,2005-01-10,2005-01-19,2005-01-12,2
10366,S18_3232,b,34,154.10,2005-01-10,2005-01-19,2005-01-12,2
10367,S18_1589,b,49,105.77,2005-01-12,2005-01-21,2005-01-16,4
10367,S18_1749,c,37,144.50,2005-01-12,2005-01-21,2005-01-16,4
10367,S18_2248,c,45,50.25,2005-01-12,2005-01-21,2005-01-16,4
10367,S18_2325,c,27,124.59,2005-01-12,2005-01-21,2005-01-16,4
10367,S18_2795,c,32,140.06,2005-01-12,2005-01-21,2005-01-16,4
10367,S18_3685,b,46,131.39,2005-01-12,2005-01-21,2005-01-16,4
10367,S18_4409,c,43,77.31,2005-01-12,2005-01-21,2005-01-16,4
10367,S18_4933,b,44,66.99,2005-01-12,2005-01-21,2005-01-16,4
10367,S24_1046,b,21,72.76,2005-01-12,2005-01-21,2005-01-16,4
10367,S24_1628,b,38,50.31,2005-01-12,2005-01-21,2005-01-16,4
10367,S24_1937,c,23,29.54,2005-01-12,2005-01-21,2005-01-16,4
10367,S24_2022,c,28,43.01,2005-01-12,2005-01-21,2005-01-16,4
10367,S24_2972,b,36,36.25,2005-01-12,2005-01-21,2005-01-16,4
10368,S24_2766,b,40,73.60,2005-01-19,2005-01-27,2005-01-24,5
10368,S24_2887,b,31,115.09,2005-01-19,2005-01-27,2005-01-24,5
10368,S24_3191,b,46,83.04,2005-01-19,2005-01-27,2005-01-24,5
10368,S24_3432,b,20,93.16,2005-01-19,2005-01-27,2005-01-24,5
10368,S24_3969,c,46,36.52,2005-01-19,2005-01-27,2005-01-24,5
10369,S10_1949,b,41,195.01,2005-01-20,2005-01-28,2005-01-24,4
10369,S18_1342,c,44,89.38,2005-01-20,2005-01-28,2005-01-24,4
10369,S18_1367,c,32,46.36,2005-01-20,2005-01-28,2005-01-24,4
10369,S18_2949,c,42,100.30,2005-01-20,2005-01-28,2005-01-24,4
10369,S18_2957,c,28,51.84,2005-01-20,2005-01-28,2005-01-24,4
10369,S18_3136,c,21,90.06,2005-01-20,2005-01-28,2005-01-24,4
10369,S18_3320,c,45,80.36,2005-01-20,2005-01-28,2005-01-24,4
10369,S24_4258,c,40,93.49,2005-01-20,2005-01-28,2005-01-24,4
10370,S10_4962,b,35,128.53,2005-01-20,2005-02-01,2005-01-25,5
10370,S12_1666,d,49,128.47,2005-01-20,2005-02-01,2005-01-25,5
10370,S18_1097,d,27,100.34,2005-01-20,2005-02-01,2005-01-25,5
10370,S18_2319,d,22,101.87,2005-01-20,2005-02-01,2005-01-25,5
10370,S18_2432,d,22,60.16,2005-01-20,2005-02-01,2005-01-25,5
10370,S18_3232,b,27,167.65,2005-01-20,2005-02-01,2005-01-25,5
10370,S18_4600,d,29,105.34,2005-01-20,2005-02-01,2005-01-25,5
10370,S18_4668,c,20,41.76,2005-01-20,2005-02-01,2005-01-25,5
10370,S32_3522,d,25,63.99,2005-01-20,2005-02-01,2005-01-25,5
10371,S12_1108,b,32,178.71,2005-01-23,2005-02-03,2005-01-25,2
10371,S12_4473,d,49,104.28,2005-01-23,2005-02-03,2005-01-25,2
10371,S18_2238,b,25,160.46,2005-01-23,2005-02-03,2005-01-25,2
10371,S24_1444,b,25,53.75,2005-01-23,2005-02-03,2005-01-25,2
10371,S24_2300,d,20,126.51,2005-01-23,2005-02-03,2005-01-25,2
10371,S24_2840,b,45,35.01,2005-01-23,2005-02-03,2005-01-25,2
10371,S24_4048,b,28,95.81,2005-01-23,2005-02-03,2005-01-25,2
10371,S32_1268,d,26,82.83,2005-01-23,2005-02-03,2005-01-25,2
10371,S32_2509,d,20,44.37,2005-01-23,2005-02-03,2005-01-25,2
10371,S32_3207,d,30,53.44,2005-01-23,2005-02-03,2005-01-25,2
10371,S50_1392,d,48,97.23,2005-01-23,2005-02-03,2005-01-25,2
10371,S700_2824,b,34,83.95,2005-01-23,2005-02-03,2005-01-25,2
10372,S12_3148,b,40,146.55,2005-01-26,2005-02-05,2005-01-28,2
10372,S12_3891,b,34,140.15,2005-01-26,2005-02-05,2005-01-28,2
10372,S18_3140,c,28,131.13,2005-01-26,2005-02-05,2005-01-28,2
10372,S18_3259,d,25,91.76,2005-01-26,2005-02-05,2005-01-28,2
10372,S18_4027,b,48,119.20,2005-01-26,2005-02-05,2005-01-28,2
10372,S18_4522,c,41,78.99,2005-01-26,2005-02-05,2005-01-28,2
10372,S24_2011,d,37,102.00,2005-01-26,2005-02-05,2005-01-28,2
10372,S50_1514,d,24,56.82,2005-01-26,2005-02-05,2005-01-28,2
10372,S700_1938,d,44,74.48,2005-01-26,2005-02-05,2005-01-28,2
10373,S10_4757,b,39,118.32,2005-01-31,2005-02-08,2005-02-06,75
10373,S18_1662,a,28,143.50,2005-01-31,2005-02-08,2005-02-06,75
10373,S18_3029,d,22,75.70,2005-01-31,2005-02-08,2005-02-06,75
10373,S18_3856,c,50,99.52,2005-01-31,2005-02-08,2005-02-06,75
10373,S24_2841,a,38,58.92,2005-01-31,2005-02-08,2005-02-06,75
10373,S24_3151,c,33,82.31,2005-01-31,2005-02-08,2005-02-06,75
10373,S24_3420,c,46,53.92,2005-01-31,2005-02-08,2005-02-06,75
10373,S24_3816,c,23,83.86,2005-01-31,2005-02-08,2005-02-06,75
10373,S24_3949,a,39,62.10,2005-01-31,2005-02-08,2005-02-06,75
10373,S700_1138,d,44,58.00,2005-01-31,2005-02-08,2005-02-06,75
10373,S700_2047,d,32,76.94,2005-01-31,2005-02-08,2005-02-06,75
10373,S700_2610,d,41,69.39,2005-01-31,2005-02-08,2005-02-06,75
10373,S700_3505,d,34,94.16,2005-01-31,2005-02-08,2005-02-06,75
10373,S700_3962,d,37,83.42,2005-01-31,2005-02-08,2005-02-06,75
10373,S700_4002,a,45,68.11,2005-01-31,2005-02-08,2005-02-06,75
10373,S72_1253,a,25,44.20,2005-01-31,2005-02-08,2005-02-06,75
10373,S72_3212,d,29,48.05,2005-01-31,2005-02-08,2005-02-06,75
10374,S10_2016,a,39,115.37,2005-02-02,2005-02-09,2005-02-03,1
10374,S10_4698,a,22,158.80,2005-02-02,2005-02-09,2005-02-03,1
10374,S18_2581,a,42,75.19,2005-02-02,2005-02-09,2005-02-03,1
10374,S18_2625,a,22,48.46,2005-02-02,2005-02-09,2005-02-03,1
10374,S24_1578,a,38,112.70,2005-02-02,2005-02-09,2005-02-03,1
10374,S24_1785,a,46,107.23,2005-02-02,2005-02-09,2005-02-03,1
10375,S10_1678,a,21,76.56,2005-02-03,2005-02-10,2005-02-06,3
10375,S12_1099,b,45,184.84,2005-02-03,2005-02-10,2005-02-06,3
10375,S12_2823,a,49,150.62,2005-02-03,2005-02-10,2005-02-06,3
10375,S24_2000,a,23,67.03,2005-02-03,2005-02-10,2005-02-06,3
10375,S24_2360,a,20,60.26,2005-02-03,2005-02-10,2005-02-06,3
10375,S24_4278,a,43,60.13,2005-02-03,2005-02-10,2005-02-06,3
10375,S32_1374,a,37,87.90,2005-02-03,2005-02-10,2005-02-06,3
10375,S32_4289,c,44,59.85,2005-02-03,2005-02-10,2005-02-06,3
10375,S32_4485,a,41,96.95,2005-02-03,2005-02-10,2005-02-06,3
10375,S50_1341,c,49,36.22,2005-02-03,2005-02-10,2005-02-06,3
10375,S50_4713,a,49,69.16,2005-02-03,2005-02-10,2005-02-06,3
10375,S700_1691,a,37,86.77,2005-02-03,2005-02-10,2005-02-06,3
10375,S700_2466,a,33,94.73,2005-02-03,2005-02-10,2005-02-06,3
10375,S700_2834,a,25,98.48,2005-02-03,2005-02-10,2005-02-06,3
10375,S700_3167,a,44,69.60,2005-02-03,2005-02-10,2005-02-06,3
10376,S12_3380,b,35,98.65,2005-02-08,2005-02-18,2005-02-13,5
10377,S12_3990,b,24,65.44,2005-02-09,2005-02-21,2005-02-12,3
10377,S12_4675,b,50,112.86,2005-02-09,2005-02-21,2005-02-12,3
10377,S18_1129,b,35,124.56,2005-02-09,2005-02-21,2005-02-12,3
10377,S18_1889,b,31,61.60,2005-02-09,2005-02-21,2005-02-12,3
10377,S18_1984,b,36,125.18,2005-02-09,2005-02-21,2005-02-12,3
10377,S18_3232,b,39,143.94,2005-02-09,2005-02-21,2005-02-12,3
10378,S18_1589,b,34,121.95,2005-02-10,2005-02-18,2005-02-11,1
10378,S18_3278,b,22,66.74,2005-02-10,2005-02-18,2005-02-11,1
10378,S18_3482,b,43,146.99,2005-02-10,2005-02-18,2005-02-11,1
10378,S18_3782,a,28,60.30,2005-02-10,2005-02-18,2005-02-11,1
10378,S18_4721,b,49,122.02,2005-02-10,2005-02-18,2005-02-11,1
10378,S24_2972,b,41,30.59,2005-02-10,2005-02-18,2005-02-11,1
10378,S24_3371,b,46,52.66,2005-02-10,2005-02-18,2005-02-11,1
10378,S24_3856,b,33,129.20,2005-02-10,2005-02-18,2005-02-11,1
10378,S24_4620,b,41,80.84,2005-02-10,2005-02-18,2005-02-11,1
10378,S32_2206,a,40,35.80,2005-02-10,2005-02-18,2005-02-11,1
10379,S18_1749,c,39,156.40,2005-02-10,2005-02-18,2005-02-11,1
10379,S18_2248,c,27,50.85,2005-02-10,2005-02-18,2005-02-11,1
10379,S18_2870,b,29,113.52,2005-02-10,2005-02-18,2005-02-11,1
10379,S18_3685,b,32,134.22,2005-02-10,2005-02-18,2005-02-11,1
10379,S24_1628,b,32,48.80,2005-02-10,2005-02-18,2005-02-11,1
10380,S18_1342,c,27,88.36,2005-02-16,2005-02-24,2005-02-18,2
10380,S18_2325,c,40,119.50,2005-02-16,2005-02-24,2005-02-18,2
10380,S18_2795,c,21,156.94,2005-02-16,2005-02-24,2005-02-18,2
10380,S18_4409,c,32,78.23,2005-02-16,2005-02-24,2005-02-18,2
10380,S18_4933,b,24,66.99,2005-02-16,2005-02-24,2005-02-18,2
10380,S24_1046,b,34,66.88,2005-02-16,2005-02-24,2005-02-18,2
10380,S24_1937,c,32,29.87,2005-02-16,2005-02-24,2005-02-18,2
10380,S24_2022,c,27,37.63,2005-02-16,2005-02-24,2005-02-18,2
10380,S24_2766,b,36,77.24,2005-02-16,2005-02-24,2005-02-18,2
10380,S24_2887,b,44,111.57,2005-02-16,2005-02-24,2005-02-18,2
10380,S24_3191,b,44,77.05,2005-02-16,2005-02-24,2005-02-18,2
10380,S24_3432,b,34,91.02,2005-02-16,2005-02-24,2005-02-18,2
10380,S24_3969,c,43,32.82,2005-02-16,2005-02-24,2005-02-18,2
10381,S10_1949,b,36,182.16,2005-02-17,2005-02-25,2005-02-18,1
10381,S10_4962,b,37,138.88,2005-02-17,2005-02-25,2005-02-18,1
10381,S12_1666,d,20,132.57,2005-02-17,2005-02-25,2005-02-18,1
10381,S18_1097,d,48,114.34,2005-02-17,2005-02-25,2005-02-18,1
10381,S18_1367,c,25,49.60,2005-02-17,2005-02-25,2005-02-18,1
10381,S18_2432,d,35,60.77,2005-02-17,2005-02-25,2005-02-18,1
10381,S18_2949,c,41,100.30,2005-02-17,2005-02-25,2005-02-18,1
10381,S18_2957,c,40,51.22,2005-02-17,2005-02-25,2005-02-18,1
10381,S18_3136,c,35,93.20,2005-02-17,2005-02-25,2005-02-18,1
10382,S12_1108,b,34,166.24,2005-02-17,2005-02-23,2005-02-18,1
10382,S12_3148,b,37,145.04,2005-02-17,2005-02-23,2005-02-18,1
10382,S12_3891,b,34,143.61,2005-02-17,2005-02-23,2005-02-18,1
10382,S12_4473,d,32,103.10,2005-02-17,2005-02-23,2005-02-18,1
10382,S18_2238,b,25,160.46,2005-02-17,2005-02-23,2005-02-18,1
10382,S18_3320,c,50,84.33,2005-02-17,2005-02-23,2005-02-18,1
10382,S18_4600,d,39,115.03,2005-02-17,2005-02-23,2005-02-18,1
10382,S18_4668,c,39,46.29,2005-02-17,2005-02-23,2005-02-18,1
10382,S24_2300,d,20,120.12,2005-02-17,2005-02-23,2005-02-18,1
10382,S24_4258,c,33,97.39,2005-02-17,2005-02-23,2005-02-18,1
10382,S32_1268,d,26,85.72,2005-02-17,2005-02-23,2005-02-18,1
10382,S32_3522,d,48,57.53,2005-02-17,2005-02-23,2005-02-18,1
10382,S700_2824,b,34,101.15,2005-02-17,2005-02-23,2005-02-18,1
10383,S18_2319,d,27,119.05,2005-02-22,2005-03-02,2005-02-25,3
10383,S18_3140,c,24,125.66,2005-02-22,2005-03-02,2005-02-25,3
10383,S18_3232,b,47,155.79,2005-02-22,2005-03-02,2005-02-25,3
10383,S18_3259,d,26,83.70,2005-02-22,2005-03-02,2005-02-25,3
10383,S18_4027,b,38,137.88,2005-02-22,2005-03-02,2005-02-25,3
10383,S18_4522,c,28,77.24,2005-02-22,2005-03-02,2005-02-25,3
10383,S24_1444,b,22,52.60,2005-02-22,2005-03-02,2005-02-25,3
10383,S24_2840,b,40,33.24,2005-02-22,2005-03-02,2005-02-25,3
10383,S24_4048,b,21,117.10,2005-02-22,2005-03-02,2005-02-25,3
10383,S32_2509,d,32,53.57,2005-02-22,2005-03-02,2005-02-25,3
10383,S32_3207,d,44,55.93,2005-02-22,2005-03-02,2005-02-25,3
10383,S50_1392,d,29,94.92,2005-02-22,2005-03-02,2005-02-25,3
10383,S50_1514,d,38,48.62,2005-02-22,2005-03-02,2005-02-25,3
10384,S10_4757,b,34,129.20,2005-02-23,2005-03-06,2005-02-27,4
10384,S24_2011,d,28,114.29,2005-02-23,2005-03-06,2005-02-27,4
10384,S24_3151,c,43,71.69,2005-02-23,2005-03-06,2005-02-27,4
10384,S700_1938,d,49,71.02,2005-02-23,2005-03-06,2005-02-27,4
10385,S24_3816,c,37,78.83,2005-02-28,2005-03-09,2005-03-01,73
10385,S700_1138,d,25,62.00,2005-02-28,2005-03-09,2005-03-01,73
10386,S18_1662,a,25,130.88,2005-03-01,2005-03-09,2005-03-06,5
10386,S18_2581,a,21,72.65,2005-03-01,2005-03-09,2005-03-06,5
10386,S18_3029,d,37,73.12,2005-03-01,2005-03-09,2005-03-06,5
10386,S18_3856,c,22,100.58,2005-03-01,2005-03-09,2005-03-06,5
10386,S24_1785,a,33,101.76,2005-03-01,2005-03-09,2005-03-06,5
10386,S24_2841,a,39,56.86,2005-03-01,2005-03-09,2005-03-06,5
10386,S24_3420,c,35,54.57,2005-03-01,2005-03-09,2005-03-06,5
10386,S24_3949,a,41,55.96,2005-03-01,2005-03-09,2005-03-06,5
10386,S24_4278,a,50,71.73,2005-03-01,2005-03-09,2005-03-06,5
10386,S700_2047,d,29,85.09,2005-03-01,2005-03-09,2005-03-06,5
10386,S700_2466,a,37,90.75,2005-03-01,2005-03-09,2005-03-06,5
10386,S700_2610,d,37,67.22,2005-03-01,2005-03-09,2005-03-06,5
10386,S700_3167,a,32,68.00,2005-03-01,2005-03-09,2005-03-06,5
10386,S700_3505,d,45,83.14,2005-03-01,2005-03-09,2005-03-06,5
10386,S700_3962,d,30,80.44,2005-03-01,2005-03-09,2005-03-06,5
10386,S700_4002,a,44,59.22,2005-03-01,2005-03-09,2005-03-06,5
10386,S72_1253,a,50,47.67,2005-03-01,2005-03-09,2005-03-06,5
10386,S72_3212,d,43,52.42,2005-03-01,2005-03-09,2005-03-06,5
10387,S32_1374,a,44,79.91,2005-03-02,2005-03-09,2005-03-06,4
10388,S10_1678,a,42,80.39,2005-03-03,2005-03-11,2005-03-09,6
10388,S10_2016,a,50,118.94,2005-03-03,2005-03-11,2005-03-09,6
10388,S10_4698,a,21,156.86,2005-03-03,2005-03-11,2005-03-09,6
10388,S12_2823,a,44,125.01,2005-03-03,2005-03-11,2005-03-09,6
10388,S32_4289,c,35,58.47,2005-03-03,2005-03-11,2005-03-09,6
10388,S50_1341,c,27,41.02,2005-03-03,2005-03-11,2005-03-09,6
10388,S700_1691,a,46,74.90,2005-03-03,2005-03-11,2005-03-09,6
10388,S700_2834,a,50,111.53,2005-03-03,2005-03-11,2005-03-09,6
10389,S12_1099,b,26,182.90,2005-03-03,2005-03-09,2005-03-08,5
10389,S12_3380,b,25,95.13,2005-03-03,2005-03-09,2005-03-08,5
10389,S12_3990,b,36,76.61,2005-03-03,2005-03-09,2005-03-08,5
10389,S12_4675,b,47,102.49,2005-03-03,2005-03-09,2005-03-08,5
10389,S18_1889,b,49,63.91,2005-03-03,2005-03-09,2005-03-08,5
10389,S18_2625,a,39,52.09,2005-03-03,2005-03-09,2005-03-08,5
10389,S24_1578,a,45,112.70,2005-03-03,2005-03-09,2005-03-08,5
10389,S24_2000,a,49,61.70,2005-03-03,2005-03-09,2005-03-08,5
10390,S18_1129,b,36,117.48,2005-03-04,2005-03-11,2005-03-07,3
10390,S18_1984,b,34,132.29,2005-03-04,2005-03-11,2005-03-07,3
10390,S18_2325,c,31,102.98,2005-03-04,2005-03-11,2005-03-07,3
10390,S18_2795,c,26,162.00,2005-03-04,2005-03-11,2005-03-07,3
10390,S18_3278,b,40,75.59,2005-03-04,2005-03-11,2005-03-07,3
10390,S18_3482,b,50,135.23,2005-03-04,2005-03-11,2005-03-07,3
10390,S18_3782,a,36,54.09,2005-03-04,2005-03-11,2005-03-07,3
10390,S18_4721,b,49,122.02,2005-03-04,2005-03-11,2005-03-07,3
10390,S24_2360,a,35,67.87,2005-03-04,2005-03-11,2005-03-07,3
10390,S24_2972,b,37,35.87,2005-03-04,2005-03-11,2005-03-07,3
10390,S24_3371,b,46,51.43,2005-03-04,2005-03-11,2005-03-07,3
10390,S24_3856,b,45,134.81,2005-03-04,2005-03-11,2005-03-07,3
10390,S24_4620,b,30,66.29,2005-03-04,2005-03-11,2005-03-07,3
10390,S32_2206,a,41,39.02,2005-03-04,2005-03-11,2005-03-07,3
10390,S32_4485,a,45,101.03,2005-03-04,2005-03-11,2005-03-07,3
10390,S50_4713,a,22,81.36,2005-03-04,2005-03-11,2005-03-07,3
10391,S10_1949,b,24,195.01,2005-03-09,2005-03-20,2005-03-15,6
10391,S10_4962,b,37,121.15,2005-03-09,2005-03-20,2005-03-15,6
10391,S12_1666,d,39,110.70,2005-03-09,2005-03-20,2005-03-15,6
10391,S18_1097,d,29,114.34,2005-03-09,2005-03-20,2005-03-15,6
10391,S18_1342,c,35,102.74,2005-03-09,2005-03-20,2005-03-15,6
10391,S18_1367,c,42,47.44,2005-03-09,2005-03-20,2005-03-15,6
10391,S18_2432,d,44,57.73,2005-03-09,2005-03-20,2005-03-15,6
10391,S18_2949,c,32,99.28,2005-03-09,2005-03-20,2005-03-15,6
10391,S24_1937,c,33,26.55,2005-03-09,2005-03-20,2005-03-15,6
10391,S24_2022,c,24,36.29,2005-03-09,2005-03-20,2005-03-15,6
10392,S18_2957,c,37,61.21,2005-03-10,2005-03-18,2005-03-12,2
10392,S18_3136,c,29,103.67,2005-03-10,2005-03-18,2005-03-12,2
10392,S18_3320,c,36,98.22,2005-03-10,2005-03-18,2005-03-12,2
10393,S12_3148,b,35,145.04,2005-03-11,2005-03-22,2005-03-14,3
10393,S12_4473,d,32,99.54,2005-03-11,2005-03-22,2005-03-14,3
10393,S18_2238,b,20,137.53,2005-03-11,2005-03-22,2005-03-14,3
10393,S18_2319,d,38,104.32,2005-03-11,2005-03-22,2005-03-14,3
10393,S18_4600,d,30,106.55,2005-03-11,2005-03-22,2005-03-14,3
10393,S18_4668,c,44,41.76,2005-03-11,2005-03-22,2005-03-14,3
10393,S24_2300,d,33,112.46,2005-03-11,2005-03-22,2005-03-14,3
10393,S24_4258,c,33,88.62,2005-03-11,2005-03-22,2005-03-14,3
10393,S32_1268,d,38,84.75,2005-03-11,2005-03-22,2005-03-14,3
10393,S32_3522,d,31,63.35,2005-03-11,2005-03-22,2005-03-14,3
10393,S700_2824,b,21,83.95,2005-03-11,2005-03-22,2005-03-14,3
10394,S18_3232,b,22,135.47,2005-03-15,2005-03-25,2005-03-19,4
10394,S18_4027,b,37,124.95,2005-03-15,2005-03-25,2005-03-19,4
10394,S24_1444,b,31,53.18,2005-03-15,2005-03-25,2005-03-19,4
10394,S24_2840,b,46,35.36,2005-03-15,2005-03-25,2005-03-19,4
10394,S24_4048,b,37,104.09,2005-03-15,2005-03-25,2005-03-19,4
10394,S32_2509,d,36,47.08,2005-03-15,2005-03-25,2005-03-19,4
10394,S32_3207,d,30,55.93,2005-03-15,2005-03-25,2005-03-19,4
10395,S10_4757,b,32,125.12,2005-03-17,2005-03-24,2005-03-23,6
10395,S12_1108,b,33,205.72,2005-03-17,2005-03-24,2005-03-23,6
10395,S50_1392,d,46,98.39,2005-03-17,2005-03-24,2005-03-23,6
10395,S50_1514,d,45,57.99,2005-03-17,2005-03-24,2005-03-23,6
10396,S12_3891,b,33,155.72,2005-03-23,2005-04-02,2005-03-28,5
10396,S18_3140,c,33,129.76,2005-03-23,2005-04-02,2005-03-28,5
10396,S18_3259,d,24,91.76,2005-03-23,2005-04-02,2005-03-28,5
10396,S18_4522,c,45,83.38,2005-03-23,2005-04-02,2005-03-28,5
10396,S24_2011,d,49,100.77,2005-03-23,2005-04-02,2005-03-28,5
10396,S24_3151,c,27,77.00,2005-03-23,2005-04-02,2005-03-28,5
10396,S24_3816,c,37,77.99,2005-03-23,2005-04-02,2005-03-28,5
10396,S700_1138,d,39,62.00,2005-03-23,2005-04-02,2005-03-28,5
10397,S700_1938,d,32,69.29,2005-03-28,2005-04-09,2005-04-01,73
10397,S700_2610,d,22,62.88,2005-03-28,2005-04-09,2005-04-01,73
10397,S700_3505,d,48,86.15,2005-03-28,2005-04-09,2005-04-01,73
10397,S700_3962,d,36,80.44,2005-03-28,2005-04-09,2005-04-01,73
10397,S72_3212,d,34,52.96,2005-03-28,2005-04-09,2005-04-01,73
10398,S18_1662,a,33,130.88,2005-03-30,2005-04-09,2005-03-31,1
10398,S18_2581,a,34,82.79,2005-03-30,2005-04-09,2005-03-31,1
10398,S18_3029,d,28,70.54,2005-03-30,2005-04-09,2005-03-31,1
10398,S18_3856,c,45,92.11,2005-03-30,2005-04-09,2005-03-31,1
10398,S24_1785,a,43,100.67,2005-03-30,2005-04-09,2005-03-31,1
10398,S24_2841,a,28,60.29,2005-03-30,2005-04-09,2005-03-31,1
10398,S24_3420,c,34,61.15,2005-03-30,2005-04-09,2005-03-31,1
10398,S24_3949,a,41,56.64,2005-03-30,2005-04-09,2005-03-31,1
10398,S24_4278,a,45,65.93,2005-03-30,2005-04-09,2005-03-31,1
10398,S32_4289,c,22,60.54,2005-03-30,2005-04-09,2005-03-31,1
10398,S50_1341,c,49,38.84,2005-03-30,2005-04-09,2005-03-31,1
10398,S700_1691,a,47,78.55,2005-03-30,2005-04-09,2005-03-31,1
10398,S700_2047,d,36,75.13,2005-03-30,2005-04-09,2005-03-31,1
10398,S700_2466,a,22,98.72,2005-03-30,2005-04-09,2005-03-31,1
10398,S700_2834,a,23,102.04,2005-03-30,2005-04-09,2005-03-31,1
10398,S700_3167,a,29,76.80,2005-03-30,2005-04-09,2005-03-31,1
10398,S700_4002,a,36,62.19,2005-03-30,2005-04-09,2005-03-31,1
10398,S72_1253,a,34,41.22,2005-03-30,2005-04-09,2005-03-31,1
10399,S10_1678,a,40,77.52,2005-04-01,2005-04-12,2005-04-03,2
10399,S10_2016,a,51,99.91,2005-04-01,2005-04-12,2005-04-03,2
10399,S10_4698,a,22,156.86,2005-04-01,2005-04-12,2005-04-03,2
10399,S12_2823,a,29,123.51,2005-04-01,2005-04-12,2005-04-03,2
10399,S18_2625,a,30,51.48,2005-04-01,2005-04-12,2005-04-03,2
10399,S24_1578,a,57,104.81,2005-04-01,2005-04-12,2005-04-03,2
10399,S24_2000,a,58,75.41,2005-04-01,2005-04-12,2005-04-03,2
10399,S32_1374,a,32,97.89,2005-04-01,2005-04-12,2005-04-03,2
10400,S10_4757,b,64,134.64,2005-04-01,2005-04-11,2005-04-04,3
10400,S18_1662,a,34,129.31,2005-04-01,2005-04-11,2005-04-04,3
10400,S18_3029,d,30,74.84,2005-04-01,2005-04-11,2005-04-04,3
10400,S18_3856,c,58,88.93,2005-04-01,2005-04-11,2005-04-04,3
10400,S24_2841,a,24,55.49,2005-04-01,2005-04-11,2005-04-04,3
10400,S24_3420,c,38,59.18,2005-04-01,2005-04-11,2005-04-04,3
10400,S24_3816,c,42,74.64,2005-04-01,2005-04-11,2005-04-04,3
10400,S700_2047,d,46,82.37,2005-04-01,2005-04-11,2005-04-04,3
10400,S72_1253,a,20,41.71,2005-04-01,2005-04-11,2005-04-04,3
10401,S18_2581,a,42,75.19,2005-04-03,2005-04-14,NULL,NULL
10401,S24_1785,a,38,87.54,2005-04-03,2005-04-14,NULL,NULL
10401,S24_3949,a,64,59.37,2005-04-03,2005-04-14,NULL,NULL
10401,S24_4278,a,52,65.93,2005-04-03,2005-04-14,NULL,NULL
10401,S32_1374,a,49,81.91,2005-04-03,2005-04-14,NULL,NULL
10401,S32_4289,c,62,62.60,2005-04-03,2005-04-14,NULL,NULL
10401,S50_1341,c,56,41.46,2005-04-03,2005-04-14,NULL,NULL
10401,S700_1691,a,11,77.64,2005-04-03,2005-04-14,NULL,NULL
10401,S700_2466,a,85,98.72,2005-04-03,2005-04-14,NULL,NULL
10401,S700_2834,a,21,96.11,2005-04-03,2005-04-14,NULL,NULL
10401,S700_3167,a,77,73.60,2005-04-03,2005-04-14,NULL,NULL
10401,S700_4002,a,40,66.63,2005-04-03,2005-04-14,NULL,NULL
10402,S10_2016,a,45,118.94,2005-04-07,2005-04-14,2005-04-12,5
10402,S18_2625,a,55,58.15,2005-04-07,2005-04-14,2005-04-12,5
10402,S24_2000,a,59,61.70,2005-04-07,2005-04-14,2005-04-12,5
10403,S10_1678,a,24,85.17,2005-04-08,2005-04-18,2005-04-11,3
10403,S10_4698,a,66,174.29,2005-04-08,2005-04-18,2005-04-11,3
10403,S12_2823,a,66,122.00,2005-04-08,2005-04-18,2005-04-11,3
10403,S18_3782,a,36,55.33,2005-04-08,2005-04-18,2005-04-11,3
10403,S24_1578,a,46,109.32,2005-04-08,2005-04-18,2005-04-11,3
10403,S24_2360,a,27,57.49,2005-04-08,2005-04-18,2005-04-11,3
10403,S32_2206,a,30,35.80,2005-04-08,2005-04-18,2005-04-11,3
10403,S32_4485,a,45,88.78,2005-04-08,2005-04-18,2005-04-11,3
10403,S50_4713,a,31,65.09,2005-04-08,2005-04-18,2005-04-11,3
10404,S12_1099,b,64,163.44,2005-04-08,2005-04-14,2005-04-11,3
10404,S12_3380,b,43,102.17,2005-04-08,2005-04-14,2005-04-11,3
10404,S12_3990,b,77,67.03,2005-04-08,2005-04-14,2005-04-11,3
10404,S18_3278,b,90,67.54,2005-04-08,2005-04-14,2005-04-11,3
10404,S18_3482,b,28,127.88,2005-04-08,2005-04-14,2005-04-11,3
10404,S18_4721,b,48,124.99,2005-04-08,2005-04-14,2005-04-11,3
10404,S24_3371,b,49,53.27,2005-04-08,2005-04-14,2005-04-11,3
10404,S24_4620,b,48,65.48,2005-04-08,2005-04-14,2005-04-11,3
10405,S12_4675,b,97,115.16,2005-04-14,2005-04-24,2005-04-20,6
10405,S18_1889,b,61,72.38,2005-04-14,2005-04-24,2005-04-20,6
10405,S18_3232,b,55,147.33,2005-04-14,2005-04-24,2005-04-20,6
10405,S24_2972,b,47,37.38,2005-04-14,2005-04-24,2005-04-20,6
10405,S24_3856,b,76,127.79,2005-04-14,2005-04-24,2005-04-20,6
10406,S18_1129,b,61,124.56,2005-04-15,2005-04-25,2005-04-21,6
10406,S18_1984,b,48,133.72,2005-04-15,2005-04-25,2005-04-21,6
10406,S18_3685,b,65,117.26,2005-04-15,2005-04-25,2005-04-21,6
10407,S18_1589,b,59,114.48,2005-04-22,2005-05-04,NULL,NULL
10407,S18_1749,c,76,141.10,2005-04-22,2005-05-04,NULL,NULL
10407,S18_2248,c,42,58.12,2005-04-22,2005-05-04,NULL,NULL
10407,S18_2870,b,41,132.00,2005-04-22,2005-05-04,NULL,NULL
10407,S18_4409,c,6,91.11,2005-04-22,2005-05-04,NULL,NULL
10407,S18_4933,b,66,64.14,2005-04-22,2005-05-04,NULL,NULL
10407,S24_1046,b,26,68.35,2005-04-22,2005-05-04,NULL,NULL
10407,S24_1628,b,64,45.78,2005-04-22,2005-05-04,NULL,NULL
10407,S24_2766,b,76,81.78,2005-04-22,2005-05-04,NULL,NULL
10407,S24_2887,b,59,98.65,2005-04-22,2005-05-04,NULL,NULL
10407,S24_3191,b,13,77.05,2005-04-22,2005-05-04,NULL,NULL
10407,S24_3432,b,43,101.73,2005-04-22,2005-05-04,NULL,NULL
10408,S24_3969,c,15,41.03,2005-04-22,2005-04-29,2005-04-27,5
10409,S18_2325,c,6,104.25,2005-04-23,2005-05-05,2005-04-24,1
10409,S24_1937,c,61,27.88,2005-04-23,2005-05-05,2005-04-24,1
10410,S18_1342,c,65,99.66,2005-04-29,2005-05-10,2005-04-30,1
10410,S18_1367,c,44,51.21,2005-04-29,2005-05-10,2005-04-30,1
10410,S18_2795,c,56,145.13,2005-04-29,2005-05-10,2005-04-30,1
10410,S18_2949,c,47,93.21,2005-04-29,2005-05-10,2005-04-30,1
10410,S18_2957,c,53,49.97,2005-04-29,2005-05-10,2005-04-30,1
10410,S18_3136,c,34,84.82,2005-04-29,2005-05-10,2005-04-30,1
10410,S18_3320,c,44,81.35,2005-04-29,2005-05-10,2005-04-30,1
10410,S24_2022,c,31,42.56,2005-04-29,2005-05-10,2005-04-30,1
10410,S24_4258,c,50,95.44,2005-04-29,2005-05-10,2005-04-30,1
10411,S10_1949,b,23,205.73,2005-05-01,2005-05-08,2005-05-06,5
10411,S10_4962,b,27,144.79,2005-05-01,2005-05-08,2005-05-06,5
10411,S12_1666,d,40,110.70,2005-05-01,2005-05-08,2005-05-06,5
10411,S18_1097,d,27,109.67,2005-05-01,2005-05-08,2005-05-06,5
10411,S18_4600,d,46,106.55,2005-05-01,2005-05-08,2005-05-06,5
10411,S18_4668,c,35,41.25,2005-05-01,2005-05-08,2005-05-06,5
10411,S32_1268,d,26,78.01,2005-05-01,2005-05-08,2005-05-06,5
10411,S32_3522,d,27,60.76,2005-05-01,2005-05-08,2005-05-06,5
10411,S700_2824,b,34,89.01,2005-05-01,2005-05-08,2005-05-06,5
10412,S12_4473,d,54,100.73,2005-05-03,2005-05-13,2005-05-05,2
10412,S18_2238,b,41,150.63,2005-05-03,2005-05-13,2005-05-05,2
10412,S18_2319,d,56,120.28,2005-05-03,2005-05-13,2005-05-05,2
10412,S18_2432,d,47,49.83,2005-05-03,2005-05-13,2005-05-05,2
10412,S18_3232,b,60,157.49,2005-05-03,2005-05-13,2005-05-05,2
10412,S24_1444,b,21,47.40,2005-05-03,2005-05-13,2005-05-05,2
10412,S24_2300,d,70,109.90,2005-05-03,2005-05-13,2005-05-05,2
10412,S24_2840,b,30,32.88,2005-05-03,2005-05-13,2005-05-05,2
10412,S24_4048,b,31,108.82,2005-05-03,2005-05-13,2005-05-05,2
10412,S32_2509,d,19,50.86,2005-05-03,2005-05-13,2005-05-05,2
10412,S50_1392,d,26,105.33,2005-05-03,2005-05-13,2005-05-05,2
10413,S12_1108,b,36,201.57,2005-05-05,2005-05-14,2005-05-09,4
10413,S12_3148,b,47,145.04,2005-05-05,2005-05-14,2005-05-09,4
10413,S12_3891,b,22,173.02,2005-05-05,2005-05-14,2005-05-09,4
10413,S18_4027,b,49,133.57,2005-05-05,2005-05-14,2005-05-09,4
10413,S32_3207,d,24,56.55,2005-05-05,2005-05-14,2005-05-09,4
10413,S50_1514,d,51,53.31,2005-05-05,2005-05-14,2005-05-09,4
10414,S10_4757,b,49,114.24,2005-05-06,2005-05-13,NULL,NULL
10414,S18_3029,d,44,77.42,2005-05-06,2005-05-13,NULL,NULL
10414,S18_3140,c,41,128.39,2005-05-06,2005-05-13,NULL,NULL
10414,S18_3259,d,48,85.71,2005-05-06,2005-05-13,NULL,NULL
10414,S18_4522,c,56,83.38,2005-05-06,2005-05-13,NULL,NULL
10414,S24_2011,d,43,108.14,2005-05-06,2005-05-13,NULL,NULL
10414,S24_3151,c,60,72.58,2005-05-06,2005-05-13,NULL,NULL
10414,S24_3816,c,51,72.96,2005-05-06,2005-05-13,NULL,NULL
10414,S700_1138,d,37,62.00,2005-05-06,2005-05-13,NULL,NULL
10414,S700_1938,d,34,74.48,2005-05-06,2005-05-13,NULL,NULL
10414,S700_2610,d,31,61.44,2005-05-06,2005-05-13,NULL,NULL
10414,S700_3505,d,28,84.14,2005-05-06,2005-05-13,NULL,NULL
10414,S700_3962,d,40,84.41,2005-05-06,2005-05-13,NULL,NULL
10414,S72_3212,d,47,54.60,2005-05-06,2005-05-13,NULL,NULL
10415,S18_3856,c,51,86.81,2005-05-09,2005-05-20,2005-05-12,3
10415,S24_2841,a,21,60.97,2005-05-09,2005-05-20,2005-05-12,3
10415,S24_3420,c,18,59.83,2005-05-09,2005-05-20,2005-05-12,3
10415,S700_2047,d,32,73.32,2005-05-09,2005-05-20,2005-05-12,3
10415,S72_1253,a,42,43.20,2005-05-09,2005-05-20,2005-05-12,3
10416,S18_1662,a,24,129.31,2005-05-10,2005-05-16,2005-05-14,4
10416,S18_2581,a,15,70.96,2005-05-10,2005-05-16,2005-05-14,4
10416,S24_1785,a,47,90.82,2005-05-10,2005-05-16,2005-05-14,4
10416,S24_2000,a,32,62.46,2005-05-10,2005-05-16,2005-05-14,4
10416,S24_3949,a,18,64.83,2005-05-10,2005-05-16,2005-05-14,4
10416,S24_4278,a,48,70.28,2005-05-10,2005-05-16,2005-05-14,4
10416,S32_1374,a,45,86.90,2005-05-10,2005-05-16,2005-05-14,4
10416,S32_4289,c,26,68.10,2005-05-10,2005-05-16,2005-05-14,4
10416,S50_1341,c,37,39.71,2005-05-10,2005-05-16,2005-05-14,4
10416,S700_1691,a,23,88.60,2005-05-10,2005-05-16,2005-05-14,4
10416,S700_2466,a,22,84.76,2005-05-10,2005-05-16,2005-05-14,4
10416,S700_2834,a,41,98.48,2005-05-10,2005-05-16,2005-05-14,4
10416,S700_3167,a,39,65.60,2005-05-10,2005-05-16,2005-05-14,4
10416,S700_4002,a,43,63.67,2005-05-10,2005-05-16,2005-05-14,4
10417,S10_1678,a,66,79.43,2005-05-13,2005-05-19,2005-05-19,6
10417,S10_2016,a,45,116.56,2005-05-13,2005-05-19,2005-05-19,6
10417,S10_4698,a,56,162.67,2005-05-13,2005-05-19,2005-05-19,6
10417,S12_2823,a,21,144.60,2005-05-13,2005-05-19,2005-05-19,6
10417,S18_2625,a,36,58.75,2005-05-13,2005-05-19,2005-05-19,6
10417,S24_1578,a,35,109.32,2005-05-13,2005-05-19,2005-05-19,6
10418,S18_3278,b,16,70.76,2005-05-16,2005-05-24,2005-05-20,4
10418,S18_3482,b,27,139.64,2005-05-16,2005-05-24,2005-05-20,4
10418,S18_3782,a,33,56.57,2005-05-16,2005-05-24,2005-05-20,4
10418,S18_4721,b,28,120.53,2005-05-16,2005-05-24,2005-05-20,4
10418,S24_2360,a,52,64.41,2005-05-16,2005-05-24,2005-05-20,4
10418,S24_4620,b,10,66.29,2005-05-16,2005-05-24,2005-05-20,4
10418,S32_2206,a,43,36.61,2005-05-16,2005-05-24,2005-05-20,4
10418,S32_4485,a,50,100.01,2005-05-16,2005-05-24,2005-05-20,4
10418,S50_4713,a,40,72.41,2005-05-16,2005-05-24,2005-05-20,4
10419,S12_1099,b,12,182.90,2005-05-17,2005-05-28,2005-05-19,2
10419,S12_3380,b,10,111.57,2005-05-17,2005-05-28,2005-05-19,2
10419,S12_3990,b,34,64.64,2005-05-17,2005-05-28,2005-05-19,2
10419,S12_4675,b,32,99.04,2005-05-17,2005-05-28,2005-05-19,2
10419,S18_1129,b,38,117.48,2005-05-17,2005-05-28,2005-05-19,2
10419,S18_1589,b,37,100.80,2005-05-17,2005-05-28,2005-05-19,2
10419,S18_1889,b,39,67.76,2005-05-17,2005-05-28,2005-05-19,2
10419,S18_1984,b,34,133.72,2005-05-17,2005-05-28,2005-05-19,2
10419,S18_2870,b,55,116.16,2005-05-17,2005-05-28,2005-05-19,2
10419,S18_3232,b,35,165.95,2005-05-17,2005-05-28,2005-05-19,2
10419,S18_3685,b,43,114.44,2005-05-17,2005-05-28,2005-05-19,2
10419,S24_2972,b,15,32.10,2005-05-17,2005-05-28,2005-05-19,2
10419,S24_3371,b,55,52.66,2005-05-17,2005-05-28,2005-05-19,2
10419,S24_3856,b,70,112.34,2005-05-17,2005-05-28,2005-05-19,2
10420,S18_1749,c,37,153.00,2005-05-29,2005-06-07,NULL,NULL
10420,S18_2248,c,36,52.06,2005-05-29,2005-06-07,NULL,NULL
10420,S18_2325,c,45,116.96,2005-05-29,2005-06-07,NULL,NULL
10420,S18_4409,c,66,73.62,2005-05-29,2005-06-07,NULL,NULL
10420,S18_4933,b,36,68.42,2005-05-29,2005-06-07,NULL,NULL
10420,S24_1046,b,60,60.26,2005-05-29,2005-06-07,NULL,NULL
10420,S24_1628,b,37,48.80,2005-05-29,2005-06-07,NULL,NULL
10420,S24_1937,c,45,32.19,2005-05-29,2005-06-07,NULL,NULL
10420,S24_2766,b,39,76.33,2005-05-29,2005-06-07,NULL,NULL
10420,S24_2887,b,55,115.09,2005-05-29,2005-06-07,NULL,NULL
10420,S24_3191,b,35,77.05,2005-05-29,2005-06-07,NULL,NULL
10420,S24_3432,b,26,104.94,2005-05-29,2005-06-07,NULL,NULL
10420,S24_3969,c,15,35.29,2005-05-29,2005-06-07,NULL,NULL
10421,S18_2795,c,35,167.06,2005-05-29,2005-06-06,NULL,NULL
10421,S24_2022,c,40,44.80,2005-05-29,2005-06-06,NULL,NULL
10422,S18_1342,c,51,91.44,2005-05-30,2005-06-11,NULL,NULL
10422,S18_1367,c,25,47.44,2005-05-30,2005-06-11,NULL,NULL
10423,S18_2949,c,10,89.15,2005-05-30,2005-06-05,NULL,NULL
10423,S18_2957,c,31,56.21,2005-05-30,2005-06-05,NULL,NULL
10423,S18_3136,c,21,98.44,2005-05-30,2005-06-05,NULL,NULL
10423,S18_3320,c,21,80.36,2005-05-30,2005-06-05,NULL,NULL
10423,S24_4258,c,28,78.89,2005-05-30,2005-06-05,NULL,NULL
10424,S10_1949,b,50,201.44,2005-05-31,2005-06-08,NULL,NULL
10424,S12_1666,d,49,121.64,2005-05-31,2005-06-08,NULL,NULL
10424,S18_1097,d,54,108.50,2005-05-31,2005-06-08,NULL,NULL
10424,S18_4668,c,26,40.25,2005-05-31,2005-06-08,NULL,NULL
10424,S32_3522,d,44,54.94,2005-05-31,2005-06-08,NULL,NULL
10424,S700_2824,b,46,85.98,2005-05-31,2005-06-08,NULL,NULL
10425,S10_4962,b,38,131.49,2005-05-31,2005-06-07,NULL,NULL
10425,S12_4473,d,33,95.99,2005-05-31,2005-06-07,NULL,NULL
10425,S18_2238,b,28,147.36,2005-05-31,2005-06-07,NULL,NULL
10425,S18_2319,d,38,117.82,2005-05-31,2005-06-07,NULL,NULL
10425,S18_2432,d,19,48.62,2005-05-31,2005-06-07,NULL,NULL
10425,S18_3232,b,28,140.55,2005-05-31,2005-06-07,NULL,NULL
10425,S18_4600,d,38,107.76,2005-05-31,2005-06-07,NULL,NULL
10425,S24_1444,b,55,53.75,2005-05-31,2005-06-07,NULL,NULL
10425,S24_2300,d,49,127.79,2005-05-31,2005-06-07,NULL,NULL
10425,S24_2840,b,31,31.82,2005-05-31,2005-06-07,NULL,NULL
10425,S32_1268,d,41,83.79,2005-05-31,2005-06-07,NULL,NULL
10425,S32_2509,d,11,50.32,2005-05-31,2005-06-07,NULL,NULL
10425,S50_1392,d,18,94.92,2005-05-31,2005-06-07,NULL,NULL
