warehouseCode,productCode,productLine,buyPrice,quantityInStock,investmentValue,priceEach,quantitySold,grossRevenue
a,S10_1678,Motorcycles,48.81,7933,387209.73,81.35,124,244.05
a,S10_1678,Motorcycles,48.81,7933,387209.73,86.13,34,86.13
a,S10_1678,Motorcycles,48.81,7933,387209.73,90.92,82,181.84
a,S10_1678,Motorcycles,48.81,7933,387209.73,76.56,118,306.24
a,S10_1678,Motorcycles,48.81,7933,387209.73,94.74,77,189.48
a,S10_1678,Motorcycles,48.81,7933,387209.73,95.70,84,191.40
a,S10_1678,Motorcycles,48.81,7933,387209.73,82.30,22,82.30
a,S10_1678,Motorcycles,48.81,7933,387209.73,80.39,121,241.17
a,S10_1678,Motorcycles,48.81,7933,387209.73,91.87,23,91.87
a,S10_1678,Motorcycles,48.81,7933,387209.73,93.79,59,93.79
a,S10_1678,Motorcycles,48.81,7933,387209.73,89.00,34,89.00
a,S10_1678,Motorcycles,48.81,7933,387209.73,84.22,129,252.66
a,S10_1678,Motorcycles,48.81,7933,387209.73,92.83,20,92.83
a,S10_1678,Motorcycles,48.81,7933,387209.73,77.52,40,77.52
a,S10_1678,Motorcycles,48.81,7933,387209.73,85.17,24,85.17
a,S10_1678,Motorcycles,48.81,7933,387209.73,79.43,66,79.43
b,S10_1949,"Classic Cars",98.58,7305,720126.90,214.30,103,642.90
b,S10_1949,"Classic Cars",98.58,7305,720126.90,197.16,29,197.16
b,S10_1949,"Classic Cars",98.58,7305,720126.90,205.73,130,822.92
b,S10_1949,"Classic Cars",98.58,7305,720126.90,186.44,37,186.44
b,S10_1949,"Classic Cars",98.58,7305,720126.90,182.16,81,364.32
b,S10_1949,"Classic Cars",98.58,7305,720126.90,212.16,21,212.16
b,S10_1949,"Classic Cars",98.58,7305,720126.90,207.87,34,207.87
b,S10_1949,"Classic Cars",98.58,7305,720126.90,180.01,63,360.02
b,S10_1949,"Classic Cars",98.58,7305,720126.90,203.59,89,407.18
b,S10_1949,"Classic Cars",98.58,7305,720126.90,195.01,99,585.03
b,S10_1949,"Classic Cars",98.58,7305,720126.90,177.87,32,177.87
b,S10_1949,"Classic Cars",98.58,7305,720126.90,171.44,21,171.44
b,S10_1949,"Classic Cars",98.58,7305,720126.90,210.01,37,210.01
b,S10_1949,"Classic Cars",98.58,7305,720126.90,201.44,97,402.88
b,S10_1949,"Classic Cars",98.58,7305,720126.90,188.58,56,377.16
b,S10_1949,"Classic Cars",98.58,7305,720126.90,199.30,32,199.30
a,S10_2016,Motorcycles,68.99,6625,457058.75,105.86,100,317.58
a,S10_2016,Motorcycles,68.99,6625,457058.75,118.94,124,356.82
a,S10_2016,Motorcycles,68.99,6625,457058.75,116.56,96,349.68
a,S10_2016,Motorcycles,68.99,6625,457058.75,104.67,37,104.67
a,S10_2016,Motorcycles,68.99,6625,457058.75,101.10,37,101.10
a,S10_2016,Motorcycles,68.99,6625,457058.75,97.53,27,97.53
a,S10_2016,Motorcycles,68.99,6625,457058.75,99.91,93,199.82
a,S10_2016,Motorcycles,68.99,6625,457058.75,111.80,38,111.80
a,S10_2016,Motorcycles,68.99,6625,457058.75,112.99,23,112.99
a,S10_2016,Motorcycles,68.99,6625,457058.75,110.61,94,221.22
a,S10_2016,Motorcycles,68.99,6625,457058.75,115.37,139,461.48
a,S10_2016,Motorcycles,68.99,6625,457058.75,107.05,40,107.05
a,S10_2016,Motorcycles,68.99,6625,457058.75,102.29,45,102.29
a,S10_2016,Motorcycles,68.99,6625,457058.75,109.42,20,109.42
a,S10_2016,Motorcycles,68.99,6625,457058.75,117.75,40,117.75
a,S10_2016,Motorcycles,68.99,6625,457058.75,95.15,20,95.15
a,S10_2016,Motorcycles,68.99,6625,457058.75,114.18,26,114.18
a,S10_4698,Motorcycles,91.02,5582,508073.64,172.36,70,344.72
a,S10_4698,Motorcycles,91.02,5582,508073.64,158.80,107,476.40
a,S10_4698,Motorcycles,91.02,5582,508073.64,187.85,51,375.70
a,S10_4698,Motorcycles,91.02,5582,508073.64,154.93,69,309.86
a,S10_4698,Motorcycles,91.02,5582,508073.64,170.42,22,170.42
a,S10_4698,Motorcycles,91.02,5582,508073.64,160.74,20,160.74
a,S10_4698,Motorcycles,91.02,5582,508073.64,164.61,96,493.83
a,S10_4698,Motorcycles,91.02,5582,508073.64,182.04,67,364.08
a,S10_4698,Motorcycles,91.02,5582,508073.64,191.72,49,191.72
a,S10_4698,Motorcycles,91.02,5582,508073.64,189.79,120,569.37
a,S10_4698,Motorcycles,91.02,5582,508073.64,193.66,41,193.66
a,S10_4698,Motorcycles,91.02,5582,508073.64,166.55,27,166.55
a,S10_4698,Motorcycles,91.02,5582,508073.64,178.17,81,356.34
a,S10_4698,Motorcycles,91.02,5582,508073.64,156.86,43,313.72
a,S10_4698,Motorcycles,91.02,5582,508073.64,174.29,66,174.29
a,S10_4698,Motorcycles,91.02,5582,508073.64,162.67,56,162.67
b,S10_4757,"Classic Cars",85.68,3252,278631.36,127.84,50,127.84
b,S10_4757,"Classic Cars",85.68,3252,278631.36,112.88,46,112.88
b,S10_4757,"Classic Cars",85.68,3252,278631.36,123.76,77,247.52
b,S10_4757,"Classic Cars",85.68,3252,278631.36,133.28,98,266.56
b,S10_4757,"Classic Cars",85.68,3252,278631.36,129.20,105,387.60
b,S10_4757,"Classic Cars",85.68,3252,278631.36,131.92,49,263.84
b,S10_4757,"Classic Cars",85.68,3252,278631.36,108.80,26,108.80
b,S10_4757,"Classic Cars",85.68,3252,278631.36,118.32,154,473.28
b,S10_4757,"Classic Cars",85.68,3252,278631.36,126.48,53,252.96
b,S10_4757,"Classic Cars",85.68,3252,278631.36,116.96,27,116.96
b,S10_4757,"Classic Cars",85.68,3252,278631.36,136.00,54,272.00
b,S10_4757,"Classic Cars",85.68,3252,278631.36,130.56,25,130.56
b,S10_4757,"Classic Cars",85.68,3252,278631.36,111.52,47,111.52
b,S10_4757,"Classic Cars",85.68,3252,278631.36,110.16,26,110.16
b,S10_4757,"Classic Cars",85.68,3252,278631.36,122.40,48,122.40
b,S10_4757,"Classic Cars",85.68,3252,278631.36,125.12,32,125.12
b,S10_4757,"Classic Cars",85.68,3252,278631.36,134.64,64,134.64
b,S10_4757,"Classic Cars",85.68,3252,278631.36,114.24,49,114.24
b,S10_4962,"Classic Cars",103.42,6791,702325.22,119.67,75,239.34
b,S10_4962,"Classic Cars",103.42,6791,702325.22,128.53,66,257.06
b,S10_4962,"Classic Cars",103.42,6791,702325.22,122.62,22,122.62
b,S10_4962,"Classic Cars",103.42,6791,702325.22,131.49,64,262.98
b,S10_4962,"Classic Cars",103.42,6791,702325.22,121.15,83,363.45
b,S10_4962,"Classic Cars",103.42,6791,702325.22,143.31,21,143.31
b,S10_4962,"Classic Cars",103.42,6791,702325.22,127.06,28,127.06
b,S10_4962,"Classic Cars",103.42,6791,702325.22,134.44,26,134.44
b,S10_4962,"Classic Cars",103.42,6791,702325.22,125.58,31,125.58
b,S10_4962,"Classic Cars",103.42,6791,702325.22,132.97,119,398.91
b,S10_4962,"Classic Cars",103.42,6791,702325.22,138.88,87,277.76
b,S10_4962,"Classic Cars",103.42,6791,702325.22,147.74,28,147.74
b,S10_4962,"Classic Cars",103.42,6791,702325.22,124.10,32,124.10
b,S10_4962,"Classic Cars",103.42,6791,702325.22,141.83,116,425.49
b,S10_4962,"Classic Cars",103.42,6791,702325.22,130.01,64,260.02
b,S10_4962,"Classic Cars",103.42,6791,702325.22,135.92,43,135.92
b,S10_4962,"Classic Cars",103.42,6791,702325.22,144.79,27,144.79
b,S12_1099,"Classic Cars",95.34,68,6483.12,165.38,66,330.76
b,S12_1099,"Classic Cars",95.34,68,6483.12,155.66,90,466.98
b,S12_1099,"Classic Cars",95.34,68,6483.12,173.17,42,173.17
b,S12_1099,"Classic Cars",95.34,68,6483.12,161.49,96,484.47
b,S12_1099,"Classic Cars",95.34,68,6483.12,188.73,85,377.46
b,S12_1099,"Classic Cars",95.34,68,6483.12,163.44,94,326.88
b,S12_1099,"Classic Cars",95.34,68,6483.12,171.22,41,171.22
b,S12_1099,"Classic Cars",95.34,68,6483.12,157.60,82,472.80
b,S12_1099,"Classic Cars",95.34,68,6483.12,184.84,159,739.36
b,S12_1099,"Classic Cars",95.34,68,6483.12,190.68,21,190.68
b,S12_1099,"Classic Cars",95.34,68,6483.12,182.90,79,548.70
b,S12_1099,"Classic Cars",95.34,68,6483.12,192.62,45,192.62
b,S12_1099,"Classic Cars",95.34,68,6483.12,180.95,33,180.95
b,S12_1108,"Classic Cars",95.59,3619,345940.21,205.72,74,411.44
b,S12_1108,"Classic Cars",95.59,3619,345940.21,195.33,98,585.99
b,S12_1108,"Classic Cars",95.59,3619,345940.21,193.25,130,579.75
b,S12_1108,"Classic Cars",95.59,3619,345940.21,166.24,100,498.72
b,S12_1108,"Classic Cars",95.59,3619,345940.21,201.57,56,403.14
b,S12_1108,"Classic Cars",95.59,3619,345940.21,168.32,44,168.32
b,S12_1108,"Classic Cars",95.59,3619,345940.21,203.64,47,203.64
b,S12_1108,"Classic Cars",95.59,3619,345940.21,176.63,158,706.52
b,S12_1108,"Classic Cars",95.59,3619,345940.21,189.10,32,189.10
b,S12_1108,"Classic Cars",95.59,3619,345940.21,180.79,88,361.58
b,S12_1108,"Classic Cars",95.59,3619,345940.21,187.02,81,374.04
b,S12_1108,"Classic Cars",95.59,3619,345940.21,182.86,31,182.86
b,S12_1108,"Classic Cars",95.59,3619,345940.21,207.80,48,207.80
b,S12_1108,"Classic Cars",95.59,3619,345940.21,178.71,32,178.71
d,S12_1666,"Trucks and Buses",77.90,1579,123004.10,121.64,179,608.20
d,S12_1666,"Trucks and Buses",77.90,1579,123004.10,135.30,79,405.90
d,S12_1666,"Trucks and Buses",77.90,1579,123004.10,118.90,38,118.90
d,S12_1666,"Trucks and Buses",77.90,1579,123004.10,113.44,43,113.44
d,S12_1666,"Trucks and Buses",77.90,1579,123004.10,114.80,41,114.80
d,S12_1666,"Trucks and Buses",77.90,1579,123004.10,124.37,38,124.37
d,S12_1666,"Trucks and Buses",77.90,1579,123004.10,109.34,77,218.68
d,S12_1666,"Trucks and Buses",77.90,1579,123004.10,133.94,84,267.88
d,S12_1666,"Trucks and Buses",77.90,1579,123004.10,110.70,104,332.10
d,S12_1666,"Trucks and Buses",77.90,1579,123004.10,120.27,38,120.27
d,S12_1666,"Trucks and Buses",77.90,1579,123004.10,127.10,25,127.10
d,S12_1666,"Trucks and Buses",77.90,1579,123004.10,123.00,41,123.00
d,S12_1666,"Trucks and Buses",77.90,1579,123004.10,117.54,39,117.54
d,S12_1666,"Trucks and Buses",77.90,1579,123004.10,131.20,21,131.20
d,S12_1666,"Trucks and Buses",77.90,1579,123004.10,136.67,27,136.67
d,S12_1666,"Trucks and Buses",77.90,1579,123004.10,132.57,49,265.14
d,S12_1666,"Trucks and Buses",77.90,1579,123004.10,128.47,49,128.47
a,S12_2823,Motorcycles,66.27,9997,662501.19,122.00,87,244.00
a,S12_2823,Motorcycles,66.27,9997,662501.19,126.52,146,506.08
a,S12_2823,Motorcycles,66.27,9997,662501.19,131.04,169,655.20
a,S12_2823,Motorcycles,66.27,9997,662501.19,146.10,49,146.10
a,S12_2823,Motorcycles,66.27,9997,662501.19,138.57,28,138.57
a,S12_2823,Motorcycles,66.27,9997,662501.19,141.58,78,283.16
a,S12_2823,Motorcycles,66.27,9997,662501.19,129.53,78,259.06
a,S12_2823,Motorcycles,66.27,9997,662501.19,123.51,101,370.53
a,S12_2823,Motorcycles,66.27,9997,662501.19,150.62,92,301.24
a,S12_2823,Motorcycles,66.27,9997,662501.19,144.60,47,289.20
a,S12_2823,Motorcycles,66.27,9997,662501.19,134.05,30,134.05
a,S12_2823,Motorcycles,66.27,9997,662501.19,128.03,24,128.03
a,S12_2823,Motorcycles,66.27,9997,662501.19,120.50,55,120.50
a,S12_2823,Motorcycles,66.27,9997,662501.19,125.01,44,125.01
b,S12_3148,"Classic Cars",89.14,6906,615600.84,131.44,34,131.44
b,S12_3148,"Classic Cars",89.14,6906,615600.84,148.06,70,296.12
b,S12_3148,"Classic Cars",89.14,6906,615600.84,140.50,134,562.00
b,S12_3148,"Classic Cars",89.14,6906,615600.84,128.42,111,385.26
b,S12_3148,"Classic Cars",89.14,6906,615600.84,123.89,61,247.78
b,S12_3148,"Classic Cars",89.14,6906,615600.84,145.04,200,725.20
b,S12_3148,"Classic Cars",89.14,6906,615600.84,146.55,73,293.10
b,S12_3148,"Classic Cars",89.14,6906,615600.84,151.08,54,302.16
b,S12_3148,"Classic Cars",89.14,6906,615600.84,142.02,27,142.02
b,S12_3148,"Classic Cars",89.14,6906,615600.84,129.93,73,259.86
b,S12_3148,"Classic Cars",89.14,6906,615600.84,125.40,46,125.40
b,S12_3148,"Classic Cars",89.14,6906,615600.84,126.91,33,126.91
b,S12_3148,"Classic Cars",89.14,6906,615600.84,122.37,47,122.37
b,S12_3380,"Classic Cars",75.16,9123,685684.68,96.30,91,192.60
b,S12_3380,"Classic Cars",75.16,9123,685684.68,113.92,65,227.84
b,S12_3380,"Classic Cars",75.16,9123,685684.68,110.39,101,331.17
b,S12_3380,"Classic Cars",75.16,9123,685684.68,116.27,76,232.54
b,S12_3380,"Classic Cars",75.16,9123,685684.68,104.52,116,313.56
b,S12_3380,"Classic Cars",75.16,9123,685684.68,111.57,74,334.71
b,S12_3380,"Classic Cars",75.16,9123,685684.68,99.82,39,99.82
b,S12_3380,"Classic Cars",75.16,9123,685684.68,101.00,25,101.00
b,S12_3380,"Classic Cars",75.16,9123,685684.68,102.17,100,306.51
b,S12_3380,"Classic Cars",75.16,9123,685684.68,117.44,91,234.88
b,S12_3380,"Classic Cars",75.16,9123,685684.68,105.70,24,105.70
b,S12_3380,"Classic Cars",75.16,9123,685684.68,98.65,64,197.30
b,S12_3380,"Classic Cars",75.16,9123,685684.68,106.87,34,106.87
b,S12_3380,"Classic Cars",75.16,9123,685684.68,95.13,25,95.13
b,S12_3891,"Classic Cars",83.05,1049,87119.45,141.88,78,283.76
b,S12_3891,"Classic Cars",83.05,1049,87119.45,173.02,61,346.04
b,S12_3891,"Classic Cars",83.05,1049,87119.45,169.56,146,678.24
b,S12_3891,"Classic Cars",83.05,1049,87119.45,167.83,73,335.66
b,S12_3891,"Classic Cars",83.05,1049,87119.45,155.72,82,311.44
b,S12_3891,"Classic Cars",83.05,1049,87119.45,152.26,47,304.52
b,S12_3891,"Classic Cars",83.05,1049,87119.45,160.91,50,160.91
b,S12_3891,"Classic Cars",83.05,1049,87119.45,147.07,130,441.21
b,S12_3891,"Classic Cars",83.05,1049,87119.45,166.10,77,498.30
b,S12_3891,"Classic Cars",83.05,1049,87119.45,148.80,39,148.80
b,S12_3891,"Classic Cars",83.05,1049,87119.45,171.29,45,171.29
b,S12_3891,"Classic Cars",83.05,1049,87119.45,145.34,20,145.34
b,S12_3891,"Classic Cars",83.05,1049,87119.45,162.64,49,162.64
b,S12_3891,"Classic Cars",83.05,1049,87119.45,140.15,34,140.15
b,S12_3891,"Classic Cars",83.05,1049,87119.45,143.61,34,143.61
b,S12_3990,"Classic Cars",31.92,5663,180762.96,75.81,39,75.81
b,S12_3990,"Classic Cars",31.92,5663,180762.96,65.44,56,130.88
b,S12_3990,"Classic Cars",31.92,5663,180762.96,72.62,24,72.62
b,S12_3990,"Classic Cars",31.92,5663,180762.96,74.21,95,222.63
b,S12_3990,"Classic Cars",31.92,5663,180762.96,67.03,146,268.12
b,S12_3990,"Classic Cars",31.92,5663,180762.96,71.82,36,71.82
b,S12_3990,"Classic Cars",31.92,5663,180762.96,70.22,30,70.22
b,S12_3990,"Classic Cars",31.92,5663,180762.96,63.84,82,127.68
b,S12_3990,"Classic Cars",31.92,5663,180762.96,79.80,28,79.80
b,S12_3990,"Classic Cars",31.92,5663,180762.96,64.64,71,129.28
b,S12_3990,"Classic Cars",31.92,5663,180762.96,73.42,20,73.42
b,S12_3990,"Classic Cars",31.92,5663,180762.96,67.83,73,135.66
b,S12_3990,"Classic Cars",31.92,5663,180762.96,76.61,81,229.83
b,S12_3990,"Classic Cars",31.92,5663,180762.96,77.41,85,154.82
b,S12_3990,"Classic Cars",31.92,5663,180762.96,68.63,34,68.63
d,S12_4473,"Trucks and Buses",55.70,6125,341162.50,111.39,87,222.78
d,S12_4473,"Trucks and Buses",55.70,6125,341162.50,100.73,104,302.19
d,S12_4473,"Trucks and Buses",55.70,6125,341162.50,114.95,93,344.85
d,S12_4473,"Trucks and Buses",55.70,6125,341162.50,109.02,74,218.04
d,S12_4473,"Trucks and Buses",55.70,6125,341162.50,105.47,37,105.47
d,S12_4473,"Trucks and Buses",55.70,6125,341162.50,118.50,49,118.50
d,S12_4473,"Trucks and Buses",55.70,6125,341162.50,95.99,186,479.95
d,S12_4473,"Trucks and Buses",55.70,6125,341162.50,94.80,69,189.60
d,S12_4473,"Trucks and Buses",55.70,6125,341162.50,99.54,109,298.62
d,S12_4473,"Trucks and Buses",55.70,6125,341162.50,117.32,46,117.32
d,S12_4473,"Trucks and Buses",55.70,6125,341162.50,98.36,83,196.72
d,S12_4473,"Trucks and Buses",55.70,6125,341162.50,107.84,38,107.84
d,S12_4473,"Trucks and Buses",55.70,6125,341162.50,104.28,49,104.28
d,S12_4473,"Trucks and Buses",55.70,6125,341162.50,103.10,32,103.10
b,S12_4675,"Classic Cars",58.73,7323,430079.79,107.10,95,321.30
b,S12_4675,"Classic Cars",58.73,7323,430079.79,104.80,20,104.80
b,S12_4675,"Classic Cars",58.73,7323,430079.79,103.64,75,207.28
b,S12_4675,"Classic Cars",58.73,7323,430079.79,97.89,33,97.89
b,S12_4675,"Classic Cars",58.73,7323,430079.79,93.28,119,279.84
b,S12_4675,"Classic Cars",58.73,7323,430079.79,99.04,59,198.08
b,S12_4675,"Classic Cars",58.73,7323,430079.79,115.16,144,230.32
b,S12_4675,"Classic Cars",58.73,7323,430079.79,110.55,33,110.55
b,S12_4675,"Classic Cars",58.73,7323,430079.79,100.19,70,300.57
b,S12_4675,"Classic Cars",58.73,7323,430079.79,109.40,96,218.80
b,S12_4675,"Classic Cars",58.73,7323,430079.79,112.86,90,225.72
b,S12_4675,"Classic Cars",58.73,7323,430079.79,95.58,23,95.58
b,S12_4675,"Classic Cars",58.73,7323,430079.79,101.34,25,101.34
b,S12_4675,"Classic Cars",58.73,7323,430079.79,105.95,24,105.95
b,S12_4675,"Classic Cars",58.73,7323,430079.79,102.49,86,204.98
d,S18_1097,"Trucks and Buses",58.33,2613,152416.29,94.50,78,189.00
d,S18_1097,"Trucks and Buses",58.33,2613,152416.29,101.50,103,304.50
d,S18_1097,"Trucks and Buses",58.33,2613,152416.29,116.67,38,116.67
d,S18_1097,"Trucks and Buses",58.33,2613,152416.29,95.67,66,191.34
d,S18_1097,"Trucks and Buses",58.33,2613,152416.29,103.84,57,207.68
d,S18_1097,"Trucks and Buses",58.33,2613,152416.29,108.50,123,325.50
d,S18_1097,"Trucks and Buses",58.33,2613,152416.29,115.50,34,115.50
d,S18_1097,"Trucks and Buses",58.33,2613,152416.29,100.34,105,301.02
d,S18_1097,"Trucks and Buses",58.33,2613,152416.29,114.34,106,343.02
d,S18_1097,"Trucks and Buses",58.33,2613,152416.29,113.17,83,226.34
d,S18_1097,"Trucks and Buses",58.33,2613,152416.29,98.00,24,98.00
d,S18_1097,"Trucks and Buses",58.33,2613,152416.29,96.84,41,96.84
d,S18_1097,"Trucks and Buses",58.33,2613,152416.29,106.17,46,106.17
d,S18_1097,"Trucks and Buses",58.33,2613,152416.29,110.84,29,110.84
d,S18_1097,"Trucks and Buses",58.33,2613,152416.29,112.00,39,112.00
d,S18_1097,"Trucks and Buses",58.33,2613,152416.29,109.67,27,109.67
b,S18_1129,"Classic Cars",83.51,3975,331952.25,117.48,154,587.40
b,S18_1129,"Classic Cars",83.51,3975,331952.25,114.65,170,573.25
b,S18_1129,"Classic Cars",83.51,3975,331952.25,121.72,28,121.72
b,S18_1129,"Classic Cars",83.51,3975,331952.25,134.46,35,134.46
b,S18_1129,"Classic Cars",83.51,3975,331952.25,124.56,140,373.68
b,S18_1129,"Classic Cars",83.51,3975,331952.25,140.12,22,140.12
b,S18_1129,"Classic Cars",83.51,3975,331952.25,116.06,62,232.12
b,S18_1129,"Classic Cars",83.51,3975,331952.25,125.97,41,125.97
b,S18_1129,"Classic Cars",83.51,3975,331952.25,130.22,26,130.22
b,S18_1129,"Classic Cars",83.51,3975,331952.25,131.63,21,131.63
b,S18_1129,"Classic Cars",83.51,3975,331952.25,113.23,41,113.23
b,S18_1129,"Classic Cars",83.51,3975,331952.25,128.80,37,128.80
b,S18_1129,"Classic Cars",83.51,3975,331952.25,123.14,41,123.14
b,S18_1129,"Classic Cars",83.51,3975,331952.25,120.31,89,240.62
b,S18_1129,"Classic Cars",83.51,3975,331952.25,118.89,40,118.89
c,S18_1342,"Vintage Cars",60.62,8693,526969.66,95.55,76,191.10
c,S18_1342,"Vintage Cars",60.62,8693,526969.66,87.33,181,349.32
c,S18_1342,"Vintage Cars",60.62,8693,526969.66,89.38,153,357.52
c,S18_1342,"Vintage Cars",60.62,8693,526969.66,101.71,43,101.71
c,S18_1342,"Vintage Cars",60.62,8693,526969.66,83.22,25,83.22
c,S18_1342,"Vintage Cars",60.62,8693,526969.66,92.47,136,369.88
c,S18_1342,"Vintage Cars",60.62,8693,526969.66,98.63,36,98.63
c,S18_1342,"Vintage Cars",60.62,8693,526969.66,85.27,25,85.27
c,S18_1342,"Vintage Cars",60.62,8693,526969.66,99.66,105,199.32
c,S18_1342,"Vintage Cars",60.62,8693,526969.66,93.49,83,186.98
c,S18_1342,"Vintage Cars",60.62,8693,526969.66,102.74,78,205.48
c,S18_1342,"Vintage Cars",60.62,8693,526969.66,88.36,69,176.72
c,S18_1342,"Vintage Cars",60.62,8693,526969.66,82.19,50,82.19
c,S18_1342,"Vintage Cars",60.62,8693,526969.66,91.44,51,91.44
c,S18_1367,"Vintage Cars",24.26,8635,209485.10,43.13,41,43.13
c,S18_1367,"Vintage Cars",24.26,8635,209485.10,48.52,98,145.56
c,S18_1367,"Vintage Cars",24.26,8635,209485.10,51.21,113,153.63
c,S18_1367,"Vintage Cars",24.26,8635,209485.10,52.83,78,105.66
c,S18_1367,"Vintage Cars",24.26,8635,209485.10,45.28,45,45.28
c,S18_1367,"Vintage Cars",24.26,8635,209485.10,51.75,48,51.75
c,S18_1367,"Vintage Cars",24.26,8635,209485.10,44.21,73,88.42
c,S18_1367,"Vintage Cars",24.26,8635,209485.10,46.36,99,139.08
c,S18_1367,"Vintage Cars",24.26,8635,209485.10,45.82,74,91.64
c,S18_1367,"Vintage Cars",24.26,8635,209485.10,53.91,33,53.91
c,S18_1367,"Vintage Cars",24.26,8635,209485.10,50.14,31,50.14
c,S18_1367,"Vintage Cars",24.26,8635,209485.10,47.44,94,142.32
c,S18_1367,"Vintage Cars",24.26,8635,209485.10,44.75,46,89.50
c,S18_1367,"Vintage Cars",24.26,8635,209485.10,46.90,37,46.90
c,S18_1367,"Vintage Cars",24.26,8635,209485.10,43.67,25,43.67
c,S18_1367,"Vintage Cars",24.26,8635,209485.10,49.60,25,49.60
b,S18_1589,"Classic Cars",65.96,9042,596410.32,118.22,69,236.44
b,S18_1589,"Classic Cars",65.96,9042,596410.32,120.71,90,362.13
b,S18_1589,"Classic Cars",65.96,9042,596410.32,115.73,44,115.73
b,S18_1589,"Classic Cars",65.96,9042,596410.32,108.26,85,216.52
b,S18_1589,"Classic Cars",65.96,9042,596410.32,102.04,43,102.04
b,S18_1589,"Classic Cars",65.96,9042,596410.32,109.51,78,219.02
b,S18_1589,"Classic Cars",65.96,9042,596410.32,124.44,71,248.88
b,S18_1589,"Classic Cars",65.96,9042,596410.32,100.80,66,201.60
b,S18_1589,"Classic Cars",65.96,9042,596410.32,113.24,40,113.24
b,S18_1589,"Classic Cars",65.96,9042,596410.32,105.77,87,211.54
b,S18_1589,"Classic Cars",65.96,9042,596410.32,119.46,21,119.46
b,S18_1589,"Classic Cars",65.96,9042,596410.32,103.29,24,103.29
b,S18_1589,"Classic Cars",65.96,9042,596410.32,99.55,80,199.10
b,S18_1589,"Classic Cars",65.96,9042,596410.32,107.02,23,107.02
b,S18_1589,"Classic Cars",65.96,9042,596410.32,121.95,34,121.95
b,S18_1589,"Classic Cars",65.96,9042,596410.32,114.48,59,114.48
a,S18_1662,Planes,77.27,5330,411849.10,134.04,36,134.04
a,S18_1662,Planes,77.27,5330,411849.10,151.38,43,151.38
a,S18_1662,Planes,77.27,5330,411849.10,141.92,95,425.76
a,S18_1662,Planes,77.27,5330,411849.10,126.15,82,252.30
a,S18_1662,Planes,77.27,5330,411849.10,138.77,38,138.77
a,S18_1662,Planes,77.27,5330,411849.10,127.73,42,127.73
a,S18_1662,Planes,77.27,5330,411849.10,137.19,167,548.76
a,S18_1662,Planes,77.27,5330,411849.10,149.81,42,149.81
a,S18_1662,Planes,77.27,5330,411849.10,146.65,86,293.30
a,S18_1662,Planes,77.27,5330,411849.10,148.23,45,148.23
a,S18_1662,Planes,77.27,5330,411849.10,157.69,49,157.69
a,S18_1662,Planes,77.27,5330,411849.10,129.31,99,387.93
a,S18_1662,Planes,77.27,5330,411849.10,135.61,39,135.61
a,S18_1662,Planes,77.27,5330,411849.10,140.34,27,140.34
a,S18_1662,Planes,77.27,5330,411849.10,154.54,25,154.54
a,S18_1662,Planes,77.27,5330,411849.10,143.50,67,287.00
a,S18_1662,Planes,77.27,5330,411849.10,130.88,58,261.76
c,S18_1749,"Vintage Cars",86.70,2724,236170.80,136.00,56,272.00
c,S18_1749,"Vintage Cars",86.70,2724,236170.80,153.00,195,918.00
c,S18_1749,"Vintage Cars",86.70,2724,236170.80,149.60,33,149.60
c,S18_1749,"Vintage Cars",86.70,2724,236170.80,156.40,73,312.80
c,S18_1749,"Vintage Cars",86.70,2724,236170.80,141.10,105,282.20
c,S18_1749,"Vintage Cars",86.70,2724,236170.80,168.30,101,504.90
c,S18_1749,"Vintage Cars",86.70,2724,236170.80,159.80,44,159.80
c,S18_1749,"Vintage Cars",86.70,2724,236170.80,166.60,73,333.20
c,S18_1749,"Vintage Cars",86.70,2724,236170.80,137.70,49,137.70
c,S18_1749,"Vintage Cars",86.70,2724,236170.80,164.90,34,164.90
c,S18_1749,"Vintage Cars",86.70,2724,236170.80,161.50,26,161.50
c,S18_1749,"Vintage Cars",86.70,2724,236170.80,146.20,48,146.20
c,S18_1749,"Vintage Cars",86.70,2724,236170.80,154.70,44,154.70
c,S18_1749,"Vintage Cars",86.70,2724,236170.80,144.50,37,144.50
b,S18_1889,"Classic Cars",53.90,8826,475721.40,67.76,100,203.28
b,S18_1889,"Classic Cars",53.90,8826,475721.40,62.37,43,62.37
b,S18_1889,"Classic Cars",53.90,8826,475721.40,66.99,68,133.98
b,S18_1889,"Classic Cars",53.90,8826,475721.40,70.84,109,212.52
b,S18_1889,"Classic Cars",53.90,8826,475721.40,70.07,66,140.14
b,S18_1889,"Classic Cars",53.90,8826,475721.40,74.69,22,74.69
b,S18_1889,"Classic Cars",53.90,8826,475721.40,73.15,74,146.30
b,S18_1889,"Classic Cars",53.90,8826,475721.40,64.68,20,64.68
b,S18_1889,"Classic Cars",53.90,8826,475721.40,71.61,47,71.61
b,S18_1889,"Classic Cars",53.90,8826,475721.40,77.00,33,77.00
b,S18_1889,"Classic Cars",53.90,8826,475721.40,61.60,97,184.80
b,S18_1889,"Classic Cars",53.90,8826,475721.40,63.14,96,126.28
b,S18_1889,"Classic Cars",53.90,8826,475721.40,73.92,37,73.92
b,S18_1889,"Classic Cars",53.90,8826,475721.40,66.22,29,66.22
b,S18_1889,"Classic Cars",53.90,8826,475721.40,76.23,21,76.23
b,S18_1889,"Classic Cars",53.90,8826,475721.40,63.91,49,63.91
b,S18_1889,"Classic Cars",53.90,8826,475721.40,72.38,61,72.38
b,S18_1984,"Classic Cars",93.89,9772,917493.08,137.98,38,137.98
b,S18_1984,"Classic Cars",93.89,9772,917493.08,113.80,31,113.80
b,S18_1984,"Classic Cars",93.89,9772,917493.08,120.91,36,120.91
b,S18_1984,"Classic Cars",93.89,9772,917493.08,136.56,62,273.12
b,S18_1984,"Classic Cars",93.89,9772,917493.08,139.41,97,278.82
b,S18_1984,"Classic Cars",93.89,9772,917493.08,128.03,82,256.06
b,S18_1984,"Classic Cars",93.89,9772,917493.08,129.45,69,388.35
b,S18_1984,"Classic Cars",93.89,9772,917493.08,133.72,161,534.88
b,S18_1984,"Classic Cars",93.89,9772,917493.08,130.87,60,261.74
b,S18_1984,"Classic Cars",93.89,9772,917493.08,118.07,29,118.07
b,S18_1984,"Classic Cars",93.89,9772,917493.08,123.76,24,123.76
b,S18_1984,"Classic Cars",93.89,9772,917493.08,119.49,47,119.49
b,S18_1984,"Classic Cars",93.89,9772,917493.08,142.25,25,142.25
b,S18_1984,"Classic Cars",93.89,9772,917493.08,135.14,30,135.14
b,S18_1984,"Classic Cars",93.89,9772,917493.08,115.22,22,115.22
b,S18_1984,"Classic Cars",93.89,9772,917493.08,116.65,34,116.65
b,S18_1984,"Classic Cars",93.89,9772,917493.08,125.18,36,125.18
b,S18_1984,"Classic Cars",93.89,9772,917493.08,132.29,34,132.29
b,S18_2238,"Classic Cars",101.51,4724,479533.24,135.90,66,271.80
b,S18_2238,"Classic Cars",101.51,4724,479533.24,140.81,161,563.24
b,S18_2238,"Classic Cars",101.51,4724,479533.24,160.46,89,481.38
b,S18_2238,"Classic Cars",101.51,4724,479533.24,152.27,43,152.27
b,S18_2238,"Classic Cars",101.51,4724,479533.24,134.26,59,268.52
b,S18_2238,"Classic Cars",101.51,4724,479533.24,139.17,47,278.34
b,S18_2238,"Classic Cars",101.51,4724,479533.24,145.72,46,145.72
b,S18_2238,"Classic Cars",101.51,4724,479533.24,132.62,70,265.24
b,S18_2238,"Classic Cars",101.51,4724,479533.24,153.91,98,307.82
b,S18_2238,"Classic Cars",101.51,4724,479533.24,144.08,40,144.08
b,S18_2238,"Classic Cars",101.51,4724,479533.24,147.36,101,442.08
b,S18_2238,"Classic Cars",101.51,4724,479533.24,142.45,105,427.35
b,S18_2238,"Classic Cars",101.51,4724,479533.24,137.53,20,137.53
b,S18_2238,"Classic Cars",101.51,4724,479533.24,150.63,41,150.63
c,S18_2248,"Vintage Cars",33.30,540,17982.00,55.09,112,165.27
c,S18_2248,"Vintage Cars",33.30,540,17982.00,51.46,54,102.92
c,S18_2248,"Vintage Cars",33.30,540,17982.00,58.12,84,116.24
c,S18_2248,"Vintage Cars",33.30,540,17982.00,50.85,51,101.70
c,S18_2248,"Vintage Cars",33.30,540,17982.00,53.28,73,159.84
c,S18_2248,"Vintage Cars",33.30,540,17982.00,54.49,38,54.49
c,S18_2248,"Vintage Cars",33.30,540,17982.00,60.54,73,121.08
c,S18_2248,"Vintage Cars",33.30,540,17982.00,59.33,23,59.33
c,S18_2248,"Vintage Cars",33.30,540,17982.00,59.93,28,59.93
c,S18_2248,"Vintage Cars",33.30,540,17982.00,55.70,33,55.70
c,S18_2248,"Vintage Cars",33.30,540,17982.00,50.25,73,100.50
c,S18_2248,"Vintage Cars",33.30,540,17982.00,56.91,46,56.91
c,S18_2248,"Vintage Cars",33.30,540,17982.00,48.43,30,48.43
c,S18_2248,"Vintage Cars",33.30,540,17982.00,53.88,38,53.88
c,S18_2248,"Vintage Cars",33.30,540,17982.00,49.04,40,49.04
c,S18_2248,"Vintage Cars",33.30,540,17982.00,52.06,36,52.06
d,S18_2319,"Trucks and Buses",74.86,8258,618193.88,122.73,29,122.73
d,S18_2319,"Trucks and Buses",74.86,8258,618193.88,106.78,88,213.56
d,S18_2319,"Trucks and Buses",74.86,8258,618193.88,114.14,93,228.28
d,S18_2319,"Trucks and Buses",74.86,8258,618193.88,103.09,88,206.18
d,S18_2319,"Trucks and Buses",74.86,8258,618193.88,120.28,136,360.84
d,S18_2319,"Trucks and Buses",74.86,8258,618193.88,101.87,70,203.74
d,S18_2319,"Trucks and Buses",74.86,8258,618193.88,119.05,73,238.10
d,S18_2319,"Trucks and Buses",74.86,8258,618193.88,112.91,35,112.91
d,S18_2319,"Trucks and Buses",74.86,8258,618193.88,109.23,72,218.46
d,S18_2319,"Trucks and Buses",74.86,8258,618193.88,110.46,22,110.46
d,S18_2319,"Trucks and Buses",74.86,8258,618193.88,104.32,64,208.64
d,S18_2319,"Trucks and Buses",74.86,8258,618193.88,100.64,22,100.64
d,S18_2319,"Trucks and Buses",74.86,8258,618193.88,121.50,50,121.50
d,S18_2319,"Trucks and Buses",74.86,8258,618193.88,117.82,112,353.46
d,S18_2319,"Trucks and Buses",74.86,8258,618193.88,105.55,33,105.55
d,S18_2319,"Trucks and Buses",74.86,8258,618193.88,108.00,46,108.00
d,S18_2319,"Trucks and Buses",74.86,8258,618193.88,99.41,20,99.41
c,S18_2325,"Vintage Cars",58.48,9354,547021.92,108.06,25,108.06
c,S18_2325,"Vintage Cars",58.48,9354,547021.92,115.69,77,231.38
c,S18_2325,"Vintage Cars",58.48,9354,547021.92,111.87,120,335.61
c,S18_2325,"Vintage Cars",58.48,9354,547021.92,114.42,38,114.42
c,S18_2325,"Vintage Cars",58.48,9354,547021.92,125.86,60,251.72
c,S18_2325,"Vintage Cars",58.48,9354,547021.92,113.15,38,113.15
c,S18_2325,"Vintage Cars",58.48,9354,547021.92,127.13,31,127.13
c,S18_2325,"Vintage Cars",58.48,9354,547021.92,105.52,20,105.52
c,S18_2325,"Vintage Cars",58.48,9354,547021.92,119.50,66,239.00
c,S18_2325,"Vintage Cars",58.48,9354,547021.92,118.23,76,236.46
c,S18_2325,"Vintage Cars",58.48,9354,547021.92,102.98,127,411.92
c,S18_2325,"Vintage Cars",58.48,9354,547021.92,124.59,77,249.18
c,S18_2325,"Vintage Cars",58.48,9354,547021.92,109.33,37,109.33
c,S18_2325,"Vintage Cars",58.48,9354,547021.92,120.77,50,120.77
c,S18_2325,"Vintage Cars",58.48,9354,547021.92,116.96,80,233.92
c,S18_2325,"Vintage Cars",58.48,9354,547021.92,106.79,29,106.79
c,S18_2325,"Vintage Cars",58.48,9354,547021.92,104.25,6,104.25
d,S18_2432,"Trucks and Buses",24.92,2018,50288.56,58.34,96,175.02
d,S18_2432,"Trucks and Buses",24.92,2018,50288.56,53.48,73,106.96
d,S18_2432,"Trucks and Buses",24.92,2018,50288.56,51.05,184,204.20
d,S18_2432,"Trucks and Buses",24.92,2018,50288.56,60.77,147,243.08
d,S18_2432,"Trucks and Buses",24.92,2018,50288.56,59.55,96,178.65
d,S18_2432,"Trucks and Buses",24.92,2018,50288.56,57.73,74,115.46
d,S18_2432,"Trucks and Buses",24.92,2018,50288.56,56.52,29,56.52
d,S18_2432,"Trucks and Buses",24.92,2018,50288.56,52.26,26,52.26
d,S18_2432,"Trucks and Buses",24.92,2018,50288.56,58.95,82,117.90
d,S18_2432,"Trucks and Buses",24.92,2018,50288.56,52.87,68,105.74
d,S18_2432,"Trucks and Buses",24.92,2018,50288.56,57.12,35,57.12
d,S18_2432,"Trucks and Buses",24.92,2018,50288.56,60.16,22,60.16
d,S18_2432,"Trucks and Buses",24.92,2018,50288.56,49.83,47,49.83
d,S18_2432,"Trucks and Buses",24.92,2018,50288.56,48.62,19,48.62
a,S18_2581,Planes,49.00,992,48608.00,81.10,34,81.10
a,S18_2581,Planes,49.00,992,48608.00,82.79,87,248.37
a,S18_2581,Planes,49.00,992,48608.00,80.26,49,80.26
a,S18_2581,Planes,49.00,992,48608.00,71.81,57,143.62
a,S18_2581,Planes,49.00,992,48608.00,69.27,33,69.27
a,S18_2581,Planes,49.00,992,48608.00,75.19,105,225.57
a,S18_2581,Planes,49.00,992,48608.00,70.12,80,140.24
a,S18_2581,Planes,49.00,992,48608.00,74.34,73,148.68
a,S18_2581,Planes,49.00,992,48608.00,68.43,122,205.29
a,S18_2581,Planes,49.00,992,48608.00,67.58,80,135.16
a,S18_2581,Planes,49.00,992,48608.00,81.95,107,327.80
a,S18_2581,Planes,49.00,992,48608.00,84.48,27,84.48
a,S18_2581,Planes,49.00,992,48608.00,79.41,27,79.41
a,S18_2581,Planes,49.00,992,48608.00,72.65,21,72.65
a,S18_2581,Planes,49.00,992,48608.00,70.96,15,70.96
a,S18_2625,Motorcycles,24.23,4357,105570.11,52.70,82,158.10
a,S18_2625,Motorcycles,24.23,4357,105570.11,57.54,46,57.54
a,S18_2625,Motorcycles,24.23,4357,105570.11,51.48,142,205.92
a,S18_2625,Motorcycles,24.23,4357,105570.11,49.06,74,98.12
a,S18_2625,Motorcycles,24.23,4357,105570.11,48.46,141,242.30
a,S18_2625,Motorcycles,24.23,4357,105570.11,52.09,108,156.27
a,S18_2625,Motorcycles,24.23,4357,105570.11,58.75,64,117.50
a,S18_2625,Motorcycles,24.23,4357,105570.11,58.15,99,116.30
a,S18_2625,Motorcycles,24.23,4357,105570.11,50.27,34,50.27
a,S18_2625,Motorcycles,24.23,4357,105570.11,50.88,20,50.88
a,S18_2625,Motorcycles,24.23,4357,105570.11,60.57,32,60.57
a,S18_2625,Motorcycles,24.23,4357,105570.11,49.67,42,49.67
a,S18_2625,Motorcycles,24.23,4357,105570.11,55.72,38,55.72
a,S18_2625,Motorcycles,24.23,4357,105570.11,53.91,23,53.91
c,S18_2795,"Vintage Cars",72.56,548,39762.88,167.06,134,668.24
c,S18_2795,"Vintage Cars",72.56,548,39762.88,163.69,31,163.69
c,S18_2795,"Vintage Cars",72.56,548,39762.88,138.38,98,415.14
c,S18_2795,"Vintage Cars",72.56,548,39762.88,151.88,41,151.88
c,S18_2795,"Vintage Cars",72.56,548,39762.88,156.94,69,313.88
c,S18_2795,"Vintage Cars",72.56,548,39762.88,140.06,54,280.12
c,S18_2795,"Vintage Cars",72.56,548,39762.88,135.00,45,270.00
c,S18_2795,"Vintage Cars",72.56,548,39762.88,143.44,22,143.44
c,S18_2795,"Vintage Cars",72.56,548,39762.88,146.81,29,146.81
c,S18_2795,"Vintage Cars",72.56,548,39762.88,141.75,106,425.25
c,S18_2795,"Vintage Cars",72.56,548,39762.88,148.50,35,148.50
c,S18_2795,"Vintage Cars",72.56,548,39762.88,158.63,88,475.89
c,S18_2795,"Vintage Cars",72.56,548,39762.88,150.19,25,150.19
c,S18_2795,"Vintage Cars",72.56,548,39762.88,136.69,21,136.69
c,S18_2795,"Vintage Cars",72.56,548,39762.88,162.00,26,162.00
c,S18_2795,"Vintage Cars",72.56,548,39762.88,145.13,56,145.13
b,S18_2870,"Classic Cars",56.76,8164,463388.64,126.72,97,380.16
b,S18_2870,"Classic Cars",56.76,8164,463388.64,114.84,170,459.36
b,S18_2870,"Classic Cars",56.76,8164,463388.64,110.88,75,221.76
b,S18_2870,"Classic Cars",56.76,8164,463388.64,113.52,98,454.08
b,S18_2870,"Classic Cars",56.76,8164,463388.64,125.40,47,250.80
b,S18_2870,"Classic Cars",56.76,8164,463388.64,117.48,118,352.44
b,S18_2870,"Classic Cars",56.76,8164,463388.64,130.68,53,261.36
b,S18_2870,"Classic Cars",56.76,8164,463388.64,106.92,27,106.92
b,S18_2870,"Classic Cars",56.76,8164,463388.64,118.80,25,118.80
b,S18_2870,"Classic Cars",56.76,8164,463388.64,105.60,49,105.60
b,S18_2870,"Classic Cars",56.76,8164,463388.64,132.00,41,132.00
b,S18_2870,"Classic Cars",56.76,8164,463388.64,116.16,55,116.16
c,S18_2949,"Vintage Cars",60.78,4189,254607.42,92.19,77,184.38
c,S18_2949,"Vintage Cars",60.78,4189,254607.42,85.10,23,85.10
c,S18_2949,"Vintage Cars",60.78,4189,254607.42,93.21,125,279.63
c,S18_2949,"Vintage Cars",60.78,4189,254607.42,91.18,161,364.72
c,S18_2949,"Vintage Cars",60.78,4189,254607.42,101.31,55,202.62
c,S18_2949,"Vintage Cars",60.78,4189,254607.42,100.30,162,401.20
c,S18_2949,"Vintage Cars",60.78,4189,254607.42,87.13,58,174.26
c,S18_2949,"Vintage Cars",60.78,4189,254607.42,98.27,83,196.54
c,S18_2949,"Vintage Cars",60.78,4189,254607.42,97.26,49,97.26
c,S18_2949,"Vintage Cars",60.78,4189,254607.42,81.05,31,81.05
c,S18_2949,"Vintage Cars",60.78,4189,254607.42,82.06,46,82.06
c,S18_2949,"Vintage Cars",60.78,4189,254607.42,99.28,79,198.56
c,S18_2949,"Vintage Cars",60.78,4189,254607.42,95.23,31,95.23
c,S18_2949,"Vintage Cars",60.78,4189,254607.42,84.09,48,84.09
c,S18_2949,"Vintage Cars",60.78,4189,254607.42,89.15,10,89.15
c,S18_2957,"Vintage Cars",34.35,5649,194043.15,61.84,81,123.68
c,S18_2957,"Vintage Cars",34.35,5649,194043.15,53.09,78,159.27
c,S18_2957,"Vintage Cars",34.35,5649,194043.15,52.47,20,52.47
c,S18_2957,"Vintage Cars",34.35,5649,194043.15,56.21,129,224.84
c,S18_2957,"Vintage Cars",34.35,5649,194043.15,59.96,48,59.96
c,S18_2957,"Vintage Cars",34.35,5649,194043.15,56.84,28,56.84
c,S18_2957,"Vintage Cars",34.35,5649,194043.15,51.22,79,102.44
c,S18_2957,"Vintage Cars",34.35,5649,194043.15,51.84,56,103.68
c,S18_2957,"Vintage Cars",34.35,5649,194043.15,57.46,77,114.92
c,S18_2957,"Vintage Cars",34.35,5649,194043.15,54.96,24,54.96
c,S18_2957,"Vintage Cars",34.35,5649,194043.15,59.34,98,118.68
c,S18_2957,"Vintage Cars",34.35,5649,194043.15,54.34,143,217.36
c,S18_2957,"Vintage Cars",34.35,5649,194043.15,60.59,34,60.59
c,S18_2957,"Vintage Cars",34.35,5649,194043.15,61.21,37,61.21
c,S18_2957,"Vintage Cars",34.35,5649,194043.15,49.97,53,49.97
d,S18_3029,Ships,51.61,4259,219806.99,80.86,90,242.58
d,S18_3029,Ships,51.61,4259,219806.99,74.84,76,224.52
d,S18_3029,Ships,51.61,4259,219806.99,68.82,40,68.82
d,S18_3029,Ships,51.61,4259,219806.99,70.54,115,211.62
d,S18_3029,Ships,51.61,4259,219806.99,83.44,90,166.88
d,S18_3029,Ships,51.61,4259,219806.99,69.68,67,139.36
d,S18_3029,Ships,51.61,4259,219806.99,73.12,69,146.24
d,S18_3029,Ships,51.61,4259,219806.99,82.58,28,82.58
d,S18_3029,Ships,51.61,4259,219806.99,79.14,49,79.14
d,S18_3029,Ships,51.61,4259,219806.99,84.30,125,252.90
d,S18_3029,Ships,51.61,4259,219806.99,81.72,32,81.72
d,S18_3029,Ships,51.61,4259,219806.99,78.28,21,78.28
d,S18_3029,Ships,51.61,4259,219806.99,71.40,77,142.80
d,S18_3029,Ships,51.61,4259,219806.99,72.26,21,72.26
d,S18_3029,Ships,51.61,4259,219806.99,75.70,22,75.70
d,S18_3029,Ships,51.61,4259,219806.99,77.42,44,77.42
c,S18_3136,"Vintage Cars",60.74,5992,363954.08,86.92,56,173.84
c,S18_3136,"Vintage Cars",60.74,5992,363954.08,94.25,43,94.25
c,S18_3136,"Vintage Cars",60.74,5992,363954.08,93.20,126,372.80
c,S18_3136,"Vintage Cars",60.74,5992,363954.08,101.58,60,203.16
c,S18_3136,"Vintage Cars",60.74,5992,363954.08,97.39,49,194.78
c,S18_3136,"Vintage Cars",60.74,5992,363954.08,90.06,117,360.24
c,S18_3136,"Vintage Cars",60.74,5992,363954.08,102.63,59,205.26
c,S18_3136,"Vintage Cars",60.74,5992,363954.08,89.01,49,89.01
c,S18_3136,"Vintage Cars",60.74,5992,363954.08,100.53,71,201.06
c,S18_3136,"Vintage Cars",60.74,5992,363954.08,85.87,67,171.74
c,S18_3136,"Vintage Cars",60.74,5992,363954.08,83.78,37,83.78
c,S18_3136,"Vintage Cars",60.74,5992,363954.08,95.30,45,95.30
c,S18_3136,"Vintage Cars",60.74,5992,363954.08,104.72,44,104.72
c,S18_3136,"Vintage Cars",60.74,5992,363954.08,103.67,29,103.67
c,S18_3136,"Vintage Cars",60.74,5992,363954.08,84.82,34,84.82
c,S18_3136,"Vintage Cars",60.74,5992,363954.08,98.44,21,98.44
c,S18_3140,"Vintage Cars",68.30,3913,267257.90,136.59,65,273.18
c,S18_3140,"Vintage Cars",68.30,3913,267257.90,121.57,58,243.14
c,S18_3140,"Vintage Cars",68.30,3913,267257.90,120.20,41,120.20
c,S18_3140,"Vintage Cars",68.30,3913,267257.90,129.76,100,389.28
c,S18_3140,"Vintage Cars",68.30,3913,267257.90,125.66,55,251.32
c,S18_3140,"Vintage Cars",68.30,3913,267257.90,113.37,23,113.37
c,S18_3140,"Vintage Cars",68.30,3913,267257.90,124.30,28,124.30
c,S18_3140,"Vintage Cars",68.30,3913,267257.90,127.03,49,127.03
c,S18_3140,"Vintage Cars",68.30,3913,267257.90,117.47,64,234.94
c,S18_3140,"Vintage Cars",68.30,3913,267257.90,133.86,87,401.58
c,S18_3140,"Vintage Cars",68.30,3913,267257.90,122.93,72,245.86
c,S18_3140,"Vintage Cars",68.30,3913,267257.90,110.64,24,110.64
c,S18_3140,"Vintage Cars",68.30,3913,267257.90,114.74,56,229.48
c,S18_3140,"Vintage Cars",68.30,3913,267257.90,135.22,92,270.44
c,S18_3140,"Vintage Cars",68.30,3913,267257.90,131.13,28,131.13
c,S18_3140,"Vintage Cars",68.30,3913,267257.90,128.39,41,128.39
b,S18_3232,"Classic Cars",77.90,8347,650231.30,165.95,125,663.80
b,S18_3232,"Classic Cars",77.90,8347,650231.30,160.87,83,321.74
b,S18_3232,"Classic Cars",77.90,8347,650231.30,169.34,136,677.36
b,S18_3232,"Classic Cars",77.90,8347,650231.30,137.17,175,823.02
b,S18_3232,"Classic Cars",77.90,8347,650231.30,149.02,22,149.02
b,S18_3232,"Classic Cars",77.90,8347,650231.30,143.94,130,575.76
b,S18_3232,"Classic Cars",77.90,8347,650231.30,167.65,120,670.60
b,S18_3232,"Classic Cars",77.90,8347,650231.30,140.55,73,421.65
b,S18_3232,"Classic Cars",77.90,8347,650231.30,154.10,81,308.20
b,S18_3232,"Classic Cars",77.90,8347,650231.30,150.71,79,301.42
b,S18_3232,"Classic Cars",77.90,8347,650231.30,147.33,141,589.32
b,S18_3232,"Classic Cars",77.90,8347,650231.30,157.49,130,472.47
b,S18_3232,"Classic Cars",77.90,8347,650231.30,155.79,87,311.58
b,S18_3232,"Classic Cars",77.90,8347,650231.30,152.41,61,304.82
b,S18_3232,"Classic Cars",77.90,8347,650231.30,162.57,43,162.57
b,S18_3232,"Classic Cars",77.90,8347,650231.30,135.47,117,541.88
b,S18_3232,"Classic Cars",77.90,8347,650231.30,145.63,76,291.26
b,S18_3232,"Classic Cars",77.90,8347,650231.30,159.18,48,159.18
b,S18_3232,"Classic Cars",77.90,8347,650231.30,164.26,81,328.52
d,S18_3259,Trains,67.56,6450,435762.00,87.73,85,175.46
d,S18_3259,Trains,67.56,6450,435762.00,81.68,56,163.36
d,S18_3259,Trains,67.56,6450,435762.00,80.67,41,80.67
d,S18_3259,Trains,67.56,6450,435762.00,95.80,64,191.60
d,S18_3259,Trains,67.56,6450,435762.00,82.69,29,82.69
d,S18_3259,Trains,67.56,6450,435762.00,84.71,73,169.42
d,S18_3259,Trains,67.56,6450,435762.00,92.77,58,185.54
d,S18_3259,Trains,67.56,6450,435762.00,94.79,151,379.16
d,S18_3259,Trains,67.56,6450,435762.00,96.81,48,96.81
d,S18_3259,Trains,67.56,6450,435762.00,89.75,23,89.75
d,S18_3259,Trains,67.56,6450,435762.00,97.81,48,97.81
d,S18_3259,Trains,67.56,6450,435762.00,88.74,36,88.74
d,S18_3259,Trains,67.56,6450,435762.00,91.76,71,275.28
d,S18_3259,Trains,67.56,6450,435762.00,83.70,66,167.40
d,S18_3259,Trains,67.56,6450,435762.00,100.84,21,100.84
d,S18_3259,Trains,67.56,6450,435762.00,85.71,48,85.71
b,S18_3278,"Classic Cars",49.05,1917,94028.85,73.17,91,219.51
b,S18_3278,"Classic Cars",49.05,1917,94028.85,69.15,103,207.45
b,S18_3278,"Classic Cars",49.05,1917,94028.85,65.94,94,131.88
b,S18_3278,"Classic Cars",49.05,1917,94028.85,74.78,101,224.34
b,S18_3278,"Classic Cars",49.05,1917,94028.85,66.74,76,200.22
b,S18_3278,"Classic Cars",49.05,1917,94028.85,65.13,70,130.26
b,S18_3278,"Classic Cars",49.05,1917,94028.85,75.59,76,151.18
b,S18_3278,"Classic Cars",49.05,1917,94028.85,69.96,37,69.96
b,S18_3278,"Classic Cars",49.05,1917,94028.85,68.35,84,136.70
b,S18_3278,"Classic Cars",49.05,1917,94028.85,78.00,38,78.00
b,S18_3278,"Classic Cars",49.05,1917,94028.85,70.76,43,141.52
b,S18_3278,"Classic Cars",49.05,1917,94028.85,77.19,46,77.19
b,S18_3278,"Classic Cars",49.05,1917,94028.85,76.39,25,76.39
b,S18_3278,"Classic Cars",49.05,1917,94028.85,67.54,90,67.54
c,S18_3320,"Vintage Cars",57.54,7913,455314.02,86.31,79,172.62
c,S18_3320,"Vintage Cars",57.54,7913,455314.02,91.27,65,182.54
c,S18_3320,"Vintage Cars",57.54,7913,455314.02,94.25,38,94.25
c,S18_3320,"Vintage Cars",57.54,7913,455314.02,81.35,74,162.70
c,S18_3320,"Vintage Cars",57.54,7913,455314.02,89.29,42,89.29
c,S18_3320,"Vintage Cars",57.54,7913,455314.02,80.36,135,321.44
c,S18_3320,"Vintage Cars",57.54,7913,455314.02,90.28,29,90.28
c,S18_3320,"Vintage Cars",57.54,7913,455314.02,79.37,32,79.37
c,S18_3320,"Vintage Cars",57.54,7913,455314.02,99.21,95,297.63
c,S18_3320,"Vintage Cars",57.54,7913,455314.02,84.33,175,421.65
c,S18_3320,"Vintage Cars",57.54,7913,455314.02,87.30,36,87.30
c,S18_3320,"Vintage Cars",57.54,7913,455314.02,96.23,39,96.23
c,S18_3320,"Vintage Cars",57.54,7913,455314.02,95.24,84,190.48
c,S18_3320,"Vintage Cars",57.54,7913,455314.02,88.30,33,88.30
c,S18_3320,"Vintage Cars",57.54,7913,455314.02,98.22,36,98.22
b,S18_3482,"Classic Cars",73.49,9127,670743.23,132.29,29,132.29
b,S18_3482,"Classic Cars",73.49,9127,670743.23,133.76,21,133.76
b,S18_3482,"Classic Cars",73.49,9127,670743.23,139.64,124,558.56
b,S18_3482,"Classic Cars",73.49,9127,670743.23,129.35,62,258.70
b,S18_3482,"Classic Cars",73.49,9127,670743.23,136.70,128,410.10
b,S18_3482,"Classic Cars",73.49,9127,670743.23,120.53,22,120.53
b,S18_3482,"Classic Cars",73.49,9127,670743.23,119.06,50,238.12
b,S18_3482,"Classic Cars",73.49,9127,670743.23,127.88,100,383.64
b,S18_3482,"Classic Cars",73.49,9127,670743.23,138.17,28,138.17
b,S18_3482,"Classic Cars",73.49,9127,670743.23,144.05,72,288.10
b,S18_3482,"Classic Cars",73.49,9127,670743.23,145.52,41,145.52
b,S18_3482,"Classic Cars",73.49,9127,670743.23,123.47,49,123.47
b,S18_3482,"Classic Cars",73.49,9127,670743.23,122.00,49,122.00
b,S18_3482,"Classic Cars",73.49,9127,670743.23,117.59,23,117.59
b,S18_3482,"Classic Cars",73.49,9127,670743.23,124.94,24,124.94
b,S18_3482,"Classic Cars",73.49,9127,670743.23,146.99,43,146.99
b,S18_3482,"Classic Cars",73.49,9127,670743.23,135.23,50,135.23
b,S18_3685,"Classic Cars",62.16,8990,558818.40,125.74,92,251.48
b,S18_3685,"Classic Cars",62.16,8990,558818.40,117.26,99,234.52
b,S18_3685,"Classic Cars",62.16,8990,558818.40,118.68,31,118.68
b,S18_3685,"Classic Cars",62.16,8990,558818.40,135.63,28,135.63
b,S18_3685,"Classic Cars",62.16,8990,558818.40,132.80,97,398.40
b,S18_3685,"Classic Cars",62.16,8990,558818.40,139.87,106,419.61
b,S18_3685,"Classic Cars",62.16,8990,558818.40,137.04,78,274.08
b,S18_3685,"Classic Cars",62.16,8990,558818.40,115.85,45,115.85
b,S18_3685,"Classic Cars",62.16,8990,558818.40,122.91,46,122.91
b,S18_3685,"Classic Cars",62.16,8990,558818.40,134.22,101,402.66
b,S18_3685,"Classic Cars",62.16,8990,558818.40,127.15,77,254.30
b,S18_3685,"Classic Cars",62.16,8990,558818.40,114.44,74,228.88
b,S18_3685,"Classic Cars",62.16,8990,558818.40,138.45,28,138.45
b,S18_3685,"Classic Cars",62.16,8990,558818.40,131.39,46,131.39
a,S18_3782,Motorcycles,32.95,7689,253352.55,52.84,81,105.68
a,S18_3782,Motorcycles,32.95,7689,253352.55,59.06,127,236.24
a,S18_3782,Motorcycles,32.95,7689,253352.55,49.74,71,99.48
a,S18_3782,Motorcycles,32.95,7689,253352.55,60.30,152,241.20
a,S18_3782,Motorcycles,32.95,7689,253352.55,54.71,98,164.13
a,S18_3782,Motorcycles,32.95,7689,253352.55,60.93,43,60.93
a,S18_3782,Motorcycles,32.95,7689,253352.55,55.33,66,110.66
a,S18_3782,Motorcycles,32.95,7689,253352.55,57.20,38,57.20
a,S18_3782,Motorcycles,32.95,7689,253352.55,50.36,31,50.36
a,S18_3782,Motorcycles,32.95,7689,253352.55,58.44,48,58.44
a,S18_3782,Motorcycles,32.95,7689,253352.55,51.60,38,51.60
a,S18_3782,Motorcycles,32.95,7689,253352.55,62.17,39,62.17
a,S18_3782,Motorcycles,32.95,7689,253352.55,57.82,26,57.82
a,S18_3782,Motorcycles,32.95,7689,253352.55,52.22,32,52.22
a,S18_3782,Motorcycles,32.95,7689,253352.55,54.09,36,54.09
a,S18_3782,Motorcycles,32.95,7689,253352.55,56.57,33,56.57
c,S18_3856,"Vintage Cars",64.58,2378,153571.24,94.22,41,94.22
c,S18_3856,"Vintage Cars",64.58,2378,153571.24,95.28,27,95.28
c,S18_3856,"Vintage Cars",64.58,2378,153571.24,99.52,117,298.56
c,S18_3856,"Vintage Cars",64.58,2378,153571.24,105.87,101,317.61
c,S18_3856,"Vintage Cars",64.58,2378,153571.24,84.70,34,84.70
c,S18_3856,"Vintage Cars",64.58,2378,153571.24,104.81,102,314.43
c,S18_3856,"Vintage Cars",64.58,2378,153571.24,98.46,46,98.46
c,S18_3856,"Vintage Cars",64.58,2378,153571.24,85.75,95,257.25
c,S18_3856,"Vintage Cars",64.58,2378,153571.24,97.40,20,97.40
c,S18_3856,"Vintage Cars",64.58,2378,153571.24,88.93,149,266.79
c,S18_3856,"Vintage Cars",64.58,2378,153571.24,100.58,68,201.16
c,S18_3856,"Vintage Cars",64.58,2378,153571.24,92.11,93,184.22
c,S18_3856,"Vintage Cars",64.58,2378,153571.24,89.99,47,89.99
c,S18_3856,"Vintage Cars",64.58,2378,153571.24,93.17,45,93.17
c,S18_3856,"Vintage Cars",64.58,2378,153571.24,101.64,40,101.64
c,S18_3856,"Vintage Cars",64.58,2378,153571.24,86.81,51,86.81
b,S18_4027,"Classic Cars",91.92,5545,509696.40,119.20,86,238.40
b,S18_4027,"Classic Cars",91.92,5545,509696.40,122.08,46,244.16
b,S18_4027,"Classic Cars",91.92,5545,509696.40,126.39,150,631.95
b,S18_4027,"Classic Cars",91.92,5545,509696.40,117.77,60,235.54
b,S18_4027,"Classic Cars",91.92,5545,509696.40,123.51,28,123.51
b,S18_4027,"Classic Cars",91.92,5545,509696.40,140.75,106,422.25
b,S18_4027,"Classic Cars",91.92,5545,509696.40,127.82,39,127.82
b,S18_4027,"Classic Cars",91.92,5545,509696.40,143.62,88,287.24
b,S18_4027,"Classic Cars",91.92,5545,509696.40,142.18,42,142.18
b,S18_4027,"Classic Cars",91.92,5545,509696.40,137.88,61,275.76
b,S18_4027,"Classic Cars",91.92,5545,509696.40,132.13,31,132.13
b,S18_4027,"Classic Cars",91.92,5545,509696.40,114.90,44,114.90
b,S18_4027,"Classic Cars",91.92,5545,509696.40,129.26,29,129.26
b,S18_4027,"Classic Cars",91.92,5545,509696.40,120.64,49,120.64
b,S18_4027,"Classic Cars",91.92,5545,509696.40,124.95,37,124.95
b,S18_4027,"Classic Cars",91.92,5545,509696.40,133.57,49,133.57
c,S18_4409,"Vintage Cars",43.26,6553,283482.78,75.46,58,150.92
c,S18_4409,"Vintage Cars",43.26,6553,283482.78,81.91,28,81.91
c,S18_4409,"Vintage Cars",43.26,6553,283482.78,79.15,47,79.15
c,S18_4409,"Vintage Cars",43.26,6553,283482.78,83.75,63,167.50
c,S18_4409,"Vintage Cars",43.26,6553,283482.78,86.51,39,86.51
c,S18_4409,"Vintage Cars",43.26,6553,283482.78,77.31,141,309.24
c,S18_4409,"Vintage Cars",43.26,6553,283482.78,88.35,36,88.35
c,S18_4409,"Vintage Cars",43.26,6553,283482.78,92.03,115,276.09
c,S18_4409,"Vintage Cars",43.26,6553,283482.78,84.67,73,169.34
c,S18_4409,"Vintage Cars",43.26,6553,283482.78,87.43,34,87.43
c,S18_4409,"Vintage Cars",43.26,6553,283482.78,80.99,55,161.98
c,S18_4409,"Vintage Cars",43.26,6553,283482.78,90.19,35,90.19
c,S18_4409,"Vintage Cars",43.26,6553,283482.78,82.83,38,82.83
c,S18_4409,"Vintage Cars",43.26,6553,283482.78,78.23,32,78.23
c,S18_4409,"Vintage Cars",43.26,6553,283482.78,91.11,6,91.11
c,S18_4409,"Vintage Cars",43.26,6553,283482.78,73.62,66,73.62
c,S18_4522,"Vintage Cars",52.66,8290,436551.40,75.48,41,75.48
c,S18_4522,"Vintage Cars",52.66,8290,436551.40,73.73,73,147.46
c,S18_4522,"Vintage Cars",52.66,8290,436551.40,77.24,71,154.48
c,S18_4522,"Vintage Cars",52.66,8290,436551.40,79.87,24,79.87
c,S18_4522,"Vintage Cars",52.66,8290,436551.40,82.50,57,165.00
c,S18_4522,"Vintage Cars",52.66,8290,436551.40,72.85,153,291.40
c,S18_4522,"Vintage Cars",52.66,8290,436551.40,87.77,89,175.54
c,S18_4522,"Vintage Cars",52.66,8290,436551.40,78.99,91,157.98
c,S18_4522,"Vintage Cars",52.66,8290,436551.40,84.26,39,84.26
c,S18_4522,"Vintage Cars",52.66,8290,436551.40,78.12,59,156.24
c,S18_4522,"Vintage Cars",52.66,8290,436551.40,80.75,20,80.75
c,S18_4522,"Vintage Cars",52.66,8290,436551.40,71.97,34,71.97
c,S18_4522,"Vintage Cars",52.66,8290,436551.40,85.14,39,85.14
c,S18_4522,"Vintage Cars",52.66,8290,436551.40,76.36,69,152.72
c,S18_4522,"Vintage Cars",52.66,8290,436551.40,70.22,30,70.22
c,S18_4522,"Vintage Cars",52.66,8290,436551.40,83.38,101,166.76
d,S18_4600,"Trucks and Buses",84.76,3128,265129.28,98.07,36,98.07
d,S18_4600,"Trucks and Buses",84.76,3128,265129.28,105.34,98,316.02
d,S18_4600,"Trucks and Buses",84.76,3128,265129.28,102.92,97,205.84
d,S18_4600,"Trucks and Buses",84.76,3128,265129.28,100.50,40,100.50
d,S18_4600,"Trucks and Buses",84.76,3128,265129.28,111.39,70,222.78
d,S18_4600,"Trucks and Buses",84.76,3128,265129.28,107.76,162,431.04
d,S18_4600,"Trucks and Buses",84.76,3128,265129.28,118.66,59,237.32
d,S18_4600,"Trucks and Buses",84.76,3128,265129.28,113.82,32,113.82
d,S18_4600,"Trucks and Buses",84.76,3128,265129.28,119.87,88,239.74
d,S18_4600,"Trucks and Buses",84.76,3128,265129.28,96.86,120,290.58
d,S18_4600,"Trucks and Buses",84.76,3128,265129.28,112.60,22,112.60
d,S18_4600,"Trucks and Buses",84.76,3128,265129.28,110.18,28,110.18
d,S18_4600,"Trucks and Buses",84.76,3128,265129.28,101.71,49,101.71
d,S18_4600,"Trucks and Buses",84.76,3128,265129.28,115.03,84,230.06
d,S18_4600,"Trucks and Buses",84.76,3128,265129.28,106.55,76,213.10
c,S18_4668,"Vintage Cars",23.14,6645,153765.30,40.75,41,40.75
c,S18_4668,"Vintage Cars",23.14,6645,153765.30,43.27,50,43.27
c,S18_4668,"Vintage Cars",23.14,6645,153765.30,47.29,73,94.58
c,S18_4668,"Vintage Cars",23.14,6645,153765.30,40.25,99,120.75
c,S18_4668,"Vintage Cars",23.14,6645,153765.30,46.29,94,138.87
c,S18_4668,"Vintage Cars",23.14,6645,153765.30,44.27,122,132.81
c,S18_4668,"Vintage Cars",23.14,6645,153765.30,42.26,64,84.52
c,S18_4668,"Vintage Cars",23.14,6645,153765.30,47.79,41,47.79
c,S18_4668,"Vintage Cars",23.14,6645,153765.30,45.78,21,45.78
c,S18_4668,"Vintage Cars",23.14,6645,153765.30,42.76,90,85.52
c,S18_4668,"Vintage Cars",23.14,6645,153765.30,43.77,68,87.54
c,S18_4668,"Vintage Cars",23.14,6645,153765.30,48.80,45,48.80
c,S18_4668,"Vintage Cars",23.14,6645,153765.30,49.81,59,99.62
c,S18_4668,"Vintage Cars",23.14,6645,153765.30,45.28,29,45.28
c,S18_4668,"Vintage Cars",23.14,6645,153765.30,41.76,64,83.52
c,S18_4668,"Vintage Cars",23.14,6645,153765.30,41.25,35,41.25
b,S18_4721,"Classic Cars",69.93,1249,87342.57,139.87,44,139.87
b,S18_4721,"Classic Cars",69.93,1249,87342.57,145.82,28,145.82
b,S18_4721,"Classic Cars",69.93,1249,87342.57,133.92,121,401.76
b,S18_4721,"Classic Cars",69.93,1249,87342.57,130.94,29,130.94
b,S18_4721,"Classic Cars",69.93,1249,87342.57,142.85,32,142.85
b,S18_4721,"Classic Cars",69.93,1249,87342.57,120.53,198,602.65
b,S18_4721,"Classic Cars",69.93,1249,87342.57,147.31,44,147.31
b,S18_4721,"Classic Cars",69.93,1249,87342.57,136.90,32,136.90
b,S18_4721,"Classic Cars",69.93,1249,87342.57,124.99,174,624.95
b,S18_4721,"Classic Cars",69.93,1249,87342.57,148.80,41,148.80
b,S18_4721,"Classic Cars",69.93,1249,87342.57,135.41,35,135.41
b,S18_4721,"Classic Cars",69.93,1249,87342.57,127.97,26,127.97
b,S18_4721,"Classic Cars",69.93,1249,87342.57,119.04,83,238.08
b,S18_4721,"Classic Cars",69.93,1249,87342.57,123.50,28,123.50
b,S18_4721,"Classic Cars",69.93,1249,87342.57,122.02,98,244.04
b,S18_4933,"Classic Cars",34.21,3209,109779.89,62.00,42,62.00
b,S18_4933,"Classic Cars",34.21,3209,109779.89,66.28,77,198.84
b,S18_4933,"Classic Cars",34.21,3209,109779.89,64.86,23,64.86
b,S18_4933,"Classic Cars",34.21,3209,109779.89,62.72,55,125.44
b,S18_4933,"Classic Cars",34.21,3209,109779.89,58.44,64,116.88
b,S18_4933,"Classic Cars",34.21,3209,109779.89,61.29,44,61.29
b,S18_4933,"Classic Cars",34.21,3209,109779.89,69.84,45,69.84
b,S18_4933,"Classic Cars",34.21,3209,109779.89,70.56,81,211.68
b,S18_4933,"Classic Cars",34.21,3209,109779.89,59.87,30,59.87
b,S18_4933,"Classic Cars",34.21,3209,109779.89,71.27,36,71.27
b,S18_4933,"Classic Cars",34.21,3209,109779.89,68.42,88,205.26
b,S18_4933,"Classic Cars",34.21,3209,109779.89,57.02,23,57.02
b,S18_4933,"Classic Cars",34.21,3209,109779.89,66.99,93,200.97
b,S18_4933,"Classic Cars",34.21,3209,109779.89,64.14,66,64.14
b,S24_1046,"Classic Cars",49.24,1005,49486.20,72.02,135,288.08
b,S24_1046,"Classic Cars",49.24,1005,49486.20,62.47,22,62.47
b,S24_1046,"Classic Cars",49.24,1005,49486.20,59.53,45,59.53
b,S24_1046,"Classic Cars",49.24,1005,49486.20,65.41,46,130.82
b,S24_1046,"Classic Cars",49.24,1005,49486.20,73.49,37,73.49
b,S24_1046,"Classic Cars",49.24,1005,49486.20,61.00,61,122.00
b,S24_1046,"Classic Cars",49.24,1005,49486.20,63.20,47,63.20
b,S24_1046,"Classic Cars",49.24,1005,49486.20,69.82,20,69.82
b,S24_1046,"Classic Cars",49.24,1005,49486.20,61.73,64,123.46
b,S24_1046,"Classic Cars",49.24,1005,49486.20,66.88,104,200.64
b,S24_1046,"Classic Cars",49.24,1005,49486.20,68.35,88,205.05
b,S24_1046,"Classic Cars",49.24,1005,49486.20,64.67,27,64.67
b,S24_1046,"Classic Cars",49.24,1005,49486.20,70.55,26,70.55
b,S24_1046,"Classic Cars",49.24,1005,49486.20,72.76,21,72.76
b,S24_1046,"Classic Cars",49.24,1005,49486.20,60.26,60,60.26
b,S24_1444,"Classic Cars",32.37,4074,131875.38,52.02,35,52.02
b,S24_1444,"Classic Cars",32.37,4074,131875.38,56.64,47,56.64
b,S24_1444,"Classic Cars",32.37,4074,131875.38,50.86,40,101.72
b,S24_1444,"Classic Cars",32.37,4074,131875.38,49.13,25,49.13
b,S24_1444,"Classic Cars",32.37,4074,131875.38,46.82,53,93.64
b,S24_1444,"Classic Cars",32.37,4074,131875.38,55.49,27,55.49
b,S24_1444,"Classic Cars",32.37,4074,131875.38,57.22,31,57.22
b,S24_1444,"Classic Cars",32.37,4074,131875.38,54.33,44,54.33
b,S24_1444,"Classic Cars",32.37,4074,131875.38,57.80,49,57.80
b,S24_1444,"Classic Cars",32.37,4074,131875.38,48.55,111,145.65
b,S24_1444,"Classic Cars",32.37,4074,131875.38,47.40,57,94.80
b,S24_1444,"Classic Cars",32.37,4074,131875.38,46.24,44,46.24
b,S24_1444,"Classic Cars",32.37,4074,131875.38,49.71,144,198.84
b,S24_1444,"Classic Cars",32.37,4074,131875.38,51.44,44,51.44
b,S24_1444,"Classic Cars",32.37,4074,131875.38,50.29,48,50.29
b,S24_1444,"Classic Cars",32.37,4074,131875.38,56.07,44,56.07
b,S24_1444,"Classic Cars",32.37,4074,131875.38,53.75,80,107.50
b,S24_1444,"Classic Cars",32.37,4074,131875.38,52.60,22,52.60
b,S24_1444,"Classic Cars",32.37,4074,131875.38,53.18,31,53.18
a,S24_1578,Motorcycles,60.86,7003,426202.58,96.92,94,387.68
a,S24_1578,Motorcycles,60.86,7003,426202.58,110.45,35,110.45
a,S24_1578,Motorcycles,60.86,7003,426202.58,94.67,35,94.67
a,S24_1578,Motorcycles,60.86,7003,426202.58,103.68,93,207.36
a,S24_1578,Motorcycles,60.86,7003,426202.58,100.30,44,100.30
a,S24_1578,Motorcycles,60.86,7003,426202.58,98.05,48,98.05
a,S24_1578,Motorcycles,60.86,7003,426202.58,95.80,25,95.80
a,S24_1578,Motorcycles,60.86,7003,426202.58,93.54,87,187.08
a,S24_1578,Motorcycles,60.86,7003,426202.58,109.32,168,546.60
a,S24_1578,Motorcycles,60.86,7003,426202.58,104.81,119,314.43
a,S24_1578,Motorcycles,60.86,7003,426202.58,91.29,134,273.87
a,S24_1578,Motorcycles,60.86,7003,426202.58,105.94,21,105.94
a,S24_1578,Motorcycles,60.86,7003,426202.58,107.07,47,107.07
a,S24_1578,Motorcycles,60.86,7003,426202.58,112.70,83,225.40
b,S24_1628,"Classic Cars",29.18,8197,239188.46,43.27,190,216.35
b,S24_1628,"Classic Cars",29.18,8197,239188.46,40.25,54,80.50
b,S24_1628,"Classic Cars",29.18,8197,239188.46,46.29,47,46.29
b,S24_1628,"Classic Cars",29.18,8197,239188.46,47.29,64,141.87
b,S24_1628,"Classic Cars",29.18,8197,239188.46,45.28,34,45.28
b,S24_1628,"Classic Cars",29.18,8197,239188.46,49.30,97,98.60
b,S24_1628,"Classic Cars",29.18,8197,239188.46,46.79,45,46.79
b,S24_1628,"Classic Cars",29.18,8197,239188.46,47.79,36,47.79
b,S24_1628,"Classic Cars",29.18,8197,239188.46,48.80,149,195.20
b,S24_1628,"Classic Cars",29.18,8197,239188.46,40.75,22,40.75
b,S24_1628,"Classic Cars",29.18,8197,239188.46,42.76,48,42.76
b,S24_1628,"Classic Cars",29.18,8197,239188.46,44.78,27,44.78
b,S24_1628,"Classic Cars",29.18,8197,239188.46,50.31,38,50.31
b,S24_1628,"Classic Cars",29.18,8197,239188.46,45.78,64,45.78
a,S24_1785,Planes,66.74,3627,242065.98,107.23,134,428.92
a,S24_1785,Planes,66.74,3627,242065.98,93.01,113,279.03
a,S24_1785,Planes,66.74,3627,242065.98,109.42,41,109.42
a,S24_1785,Planes,66.74,3627,242065.98,87.54,159,350.16
a,S24_1785,Planes,66.74,3627,242065.98,89.72,63,179.44
a,S24_1785,Planes,66.74,3627,242065.98,105.04,47,105.04
a,S24_1785,Planes,66.74,3627,242065.98,96.29,46,96.29
a,S24_1785,Planes,66.74,3627,242065.98,99.57,64,199.14
a,S24_1785,Planes,66.74,3627,242065.98,100.67,70,201.34
a,S24_1785,Planes,66.74,3627,242065.98,95.20,31,95.20
a,S24_1785,Planes,66.74,3627,242065.98,98.48,34,98.48
a,S24_1785,Planes,66.74,3627,242065.98,97.38,25,97.38
a,S24_1785,Planes,66.74,3627,242065.98,101.76,55,203.52
a,S24_1785,Planes,66.74,3627,242065.98,106.14,43,212.28
a,S24_1785,Planes,66.74,3627,242065.98,90.82,47,90.82
c,S24_1937,"Vintage Cars",22.57,7332,165483.24,32.53,45,32.53
c,S24_1937,"Vintage Cars",22.57,7332,165483.24,28.88,58,57.76
c,S24_1937,"Vintage Cars",22.57,7332,165483.24,30.53,45,30.53
c,S24_1937,"Vintage Cars",22.57,7332,165483.24,33.19,22,33.19
c,S24_1937,"Vintage Cars",22.57,7332,165483.24,31.20,36,31.20
c,S24_1937,"Vintage Cars",22.57,7332,165483.24,27.55,37,27.55
c,S24_1937,"Vintage Cars",22.57,7332,165483.24,29.87,128,119.48
c,S24_1937,"Vintage Cars",22.57,7332,165483.24,31.86,120,95.58
c,S24_1937,"Vintage Cars",22.57,7332,165483.24,32.19,120,128.76
c,S24_1937,"Vintage Cars",22.57,7332,165483.24,27.88,152,111.52
c,S24_1937,"Vintage Cars",22.57,7332,165483.24,27.22,42,27.22
c,S24_1937,"Vintage Cars",22.57,7332,165483.24,30.87,33,30.87
c,S24_1937,"Vintage Cars",22.57,7332,165483.24,29.21,23,29.21
c,S24_1937,"Vintage Cars",22.57,7332,165483.24,26.55,53,53.10
c,S24_1937,"Vintage Cars",22.57,7332,165483.24,29.54,23,29.54
a,S24_2000,Motorcycles,37.32,15,559.80,73.12,38,73.12
a,S24_2000,Motorcycles,37.32,15,559.80,72.36,63,144.72
a,S24_2000,Motorcycles,37.32,15,559.80,75.41,101,150.82
a,S24_2000,Motorcycles,37.32,15,559.80,63.98,47,63.98
a,S24_2000,Motorcycles,37.32,15,559.80,67.79,22,67.79
a,S24_2000,Motorcycles,37.32,15,559.80,61.70,245,370.20
a,S24_2000,Motorcycles,37.32,15,559.80,66.27,25,66.27
a,S24_2000,Motorcycles,37.32,15,559.80,63.22,62,126.44
a,S24_2000,Motorcycles,37.32,15,559.80,60.94,64,121.88
a,S24_2000,Motorcycles,37.32,15,559.80,65.51,36,65.51
a,S24_2000,Motorcycles,37.32,15,559.80,67.03,60,134.06
a,S24_2000,Motorcycles,37.32,15,559.80,70.08,53,140.16
a,S24_2000,Motorcycles,37.32,15,559.80,68.55,47,68.55
a,S24_2000,Motorcycles,37.32,15,559.80,71.60,37,71.60
a,S24_2000,Motorcycles,37.32,15,559.80,62.46,115,187.38
d,S24_2011,Ships,82.34,1898,156281.32,117.97,43,117.97
d,S24_2011,Ships,82.34,1898,156281.32,119.20,70,238.40
d,S24_2011,Ships,82.34,1898,156281.32,113.06,140,339.18
d,S24_2011,Ships,82.34,1898,156281.32,114.29,61,228.58
d,S24_2011,Ships,82.34,1898,156281.32,111.83,96,335.49
d,S24_2011,Ships,82.34,1898,156281.32,110.60,33,110.60
d,S24_2011,Ships,82.34,1898,156281.32,115.52,50,115.52
d,S24_2011,Ships,82.34,1898,156281.32,105.69,66,211.38
d,S24_2011,Ships,82.34,1898,156281.32,109.37,70,218.74
d,S24_2011,Ships,82.34,1898,156281.32,122.89,83,245.78
d,S24_2011,Ships,82.34,1898,156281.32,103.23,22,103.23
d,S24_2011,Ships,82.34,1898,156281.32,99.54,42,99.54
d,S24_2011,Ships,82.34,1898,156281.32,120.43,41,120.43
d,S24_2011,Ships,82.34,1898,156281.32,98.31,34,98.31
d,S24_2011,Ships,82.34,1898,156281.32,100.77,80,201.54
d,S24_2011,Ships,82.34,1898,156281.32,102.00,37,102.00
d,S24_2011,Ships,82.34,1898,156281.32,108.14,43,108.14
c,S24_2022,"Vintage Cars",20.61,2847,58676.67,44.35,46,44.35
c,S24_2022,"Vintage Cars",20.61,2847,58676.67,40.77,69,81.54
c,S24_2022,"Vintage Cars",20.61,2847,58676.67,36.29,131,145.16
c,S24_2022,"Vintage Cars",20.61,2847,58676.67,38.53,33,38.53
c,S24_2022,"Vintage Cars",20.61,2847,58676.67,39.87,129,119.61
c,S24_2022,"Vintage Cars",20.61,2847,58676.67,38.98,86,77.96
c,S24_2022,"Vintage Cars",20.61,2847,58676.67,39.42,51,78.84
c,S24_2022,"Vintage Cars",20.61,2847,58676.67,44.80,60,89.60
c,S24_2022,"Vintage Cars",20.61,2847,58676.67,36.74,24,36.74
c,S24_2022,"Vintage Cars",20.61,2847,58676.67,42.11,109,126.33
c,S24_2022,"Vintage Cars",20.61,2847,58676.67,37.63,64,75.26
c,S24_2022,"Vintage Cars",20.61,2847,58676.67,41.22,45,41.22
c,S24_2022,"Vintage Cars",20.61,2847,58676.67,43.46,23,43.46
c,S24_2022,"Vintage Cars",20.61,2847,58676.67,43.01,54,86.02
c,S24_2022,"Vintage Cars",20.61,2847,58676.67,42.56,31,42.56
d,S24_2300,"Trucks and Buses",61.34,2327,142738.18,107.34,128,429.36
d,S24_2300,"Trucks and Buses",61.34,2327,142738.18,102.23,63,204.46
d,S24_2300,"Trucks and Buses",61.34,2327,142738.18,122.68,70,245.36
d,S24_2300,"Trucks and Buses",61.34,2327,142738.18,118.84,76,237.68
d,S24_2300,"Trucks and Buses",61.34,2327,142738.18,109.90,160,329.70
d,S24_2300,"Trucks and Buses",61.34,2327,142738.18,117.57,98,352.71
d,S24_2300,"Trucks and Buses",61.34,2327,142738.18,121.40,75,242.80
d,S24_2300,"Trucks and Buses",61.34,2327,142738.18,112.46,107,337.38
d,S24_2300,"Trucks and Buses",61.34,2327,142738.18,127.79,136,383.37
d,S24_2300,"Trucks and Buses",61.34,2327,142738.18,103.51,28,103.51
d,S24_2300,"Trucks and Buses",61.34,2327,142738.18,115.01,48,115.01
d,S24_2300,"Trucks and Buses",61.34,2327,142738.18,126.51,20,126.51
d,S24_2300,"Trucks and Buses",61.34,2327,142738.18,120.12,20,120.12
a,S24_2360,Motorcycles,47.10,6840,322164.00,64.41,125,193.23
a,S24_2360,Motorcycles,47.10,6840,322164.00,58.18,32,58.18
a,S24_2360,Motorcycles,47.10,6840,322164.00,67.18,56,134.36
a,S24_2360,Motorcycles,47.10,6840,322164.00,56.10,203,280.50
a,S24_2360,Motorcycles,47.10,6840,322164.00,66.49,38,66.49
a,S24_2360,Motorcycles,47.10,6840,322164.00,60.95,35,60.95
a,S24_2360,Motorcycles,47.10,6840,322164.00,58.87,75,117.74
a,S24_2360,Motorcycles,47.10,6840,322164.00,62.33,47,124.66
a,S24_2360,Motorcycles,47.10,6840,322164.00,60.26,57,120.52
a,S24_2360,Motorcycles,47.10,6840,322164.00,63.03,79,126.06
a,S24_2360,Motorcycles,47.10,6840,322164.00,61.64,83,123.28
a,S24_2360,Motorcycles,47.10,6840,322164.00,59.56,24,59.56
a,S24_2360,Motorcycles,47.10,6840,322164.00,65.80,31,65.80
a,S24_2360,Motorcycles,47.10,6840,322164.00,67.87,35,67.87
a,S24_2360,Motorcycles,47.10,6840,322164.00,57.49,27,57.49
b,S24_2766,"Classic Cars",47.25,2350,111037.50,82.69,63,165.38
b,S24_2766,"Classic Cars",47.25,2350,111037.50,74.51,62,149.02
b,S24_2766,"Classic Cars",47.25,2350,111037.50,73.60,68,147.20
b,S24_2766,"Classic Cars",47.25,2350,111037.50,77.24,57,154.48
b,S24_2766,"Classic Cars",47.25,2350,111037.50,79.97,22,79.97
b,S24_2766,"Classic Cars",47.25,2350,111037.50,87.24,61,174.48
b,S24_2766,"Classic Cars",47.25,2350,111037.50,86.33,46,86.33
b,S24_2766,"Classic Cars",47.25,2350,111037.50,79.06,47,79.06
b,S24_2766,"Classic Cars",47.25,2350,111037.50,81.78,156,245.34
b,S24_2766,"Classic Cars",47.25,2350,111037.50,84.51,86,169.02
b,S24_2766,"Classic Cars",47.25,2350,111037.50,89.05,75,178.10
b,S24_2766,"Classic Cars",47.25,2350,111037.50,85.42,31,85.42
b,S24_2766,"Classic Cars",47.25,2350,111037.50,76.33,126,228.99
b,S24_2766,"Classic Cars",47.25,2350,111037.50,75.42,49,75.42
b,S24_2840,"Classic Cars",15.91,2542,40443.22,30.41,44,30.41
b,S24_2840,"Classic Cars",15.91,2542,40443.22,28.64,62,57.28
b,S24_2840,"Classic Cars",15.91,2542,40443.22,34.30,78,68.60
b,S24_2840,"Classic Cars",15.91,2542,40443.22,32.18,58,64.36
b,S24_2840,"Classic Cars",15.91,2542,40443.22,29.35,60,58.70
b,S24_2840,"Classic Cars",15.91,2542,40443.22,31.12,48,62.24
b,S24_2840,"Classic Cars",15.91,2542,40443.22,30.06,42,30.06
b,S24_2840,"Classic Cars",15.91,2542,40443.22,31.82,102,95.46
b,S24_2840,"Classic Cars",15.91,2542,40443.22,30.76,90,61.52
b,S24_2840,"Classic Cars",15.91,2542,40443.22,34.65,82,69.30
b,S24_2840,"Classic Cars",15.91,2542,40443.22,31.47,67,62.94
b,S24_2840,"Classic Cars",15.91,2542,40443.22,33.95,20,33.95
b,S24_2840,"Classic Cars",15.91,2542,40443.22,32.88,63,65.76
b,S24_2840,"Classic Cars",15.91,2542,40443.22,33.59,36,33.59
b,S24_2840,"Classic Cars",15.91,2542,40443.22,35.01,45,35.01
b,S24_2840,"Classic Cars",15.91,2542,40443.22,33.24,40,33.24
b,S24_2840,"Classic Cars",15.91,2542,40443.22,35.36,46,35.36
a,S24_2841,Planes,34.25,5942,203513.50,65.77,49,65.77
a,S24_2841,Planes,34.25,5942,203513.50,64.40,66,128.80
a,S24_2841,Planes,34.25,5942,203513.50,60.97,125,243.88
a,S24_2841,Planes,34.25,5942,203513.50,63.71,51,127.42
a,S24_2841,Planes,34.25,5942,203513.50,62.34,23,62.34
a,S24_2841,Planes,34.25,5942,203513.50,54.81,41,109.62
a,S24_2841,Planes,34.25,5942,203513.50,67.82,137,203.46
a,S24_2841,Planes,34.25,5942,203513.50,60.29,50,120.58
a,S24_2841,Planes,34.25,5942,203513.50,66.45,43,66.45
a,S24_2841,Planes,34.25,5942,203513.50,56.86,111,170.58
a,S24_2841,Planes,34.25,5942,203513.50,67.14,78,134.28
a,S24_2841,Planes,34.25,5942,203513.50,65.08,30,65.08
a,S24_2841,Planes,34.25,5942,203513.50,58.23,25,58.23
a,S24_2841,Planes,34.25,5942,203513.50,55.49,73,110.98
a,S24_2841,Planes,34.25,5942,203513.50,58.92,38,58.92
b,S24_2887,"Classic Cars",72.82,1452,105734.64,112.74,111,338.22
b,S24_2887,"Classic Cars",72.82,1452,105734.64,93.95,68,187.90
b,S24_2887,"Classic Cars",72.82,1452,105734.64,96.30,30,96.30
b,S24_2887,"Classic Cars",72.82,1452,105734.64,115.09,120,345.27
b,S24_2887,"Classic Cars",72.82,1452,105734.64,108.04,69,216.08
b,S24_2887,"Classic Cars",72.82,1452,105734.64,98.65,82,197.30
b,S24_2887,"Classic Cars",72.82,1452,105734.64,116.27,63,232.54
b,S24_2887,"Classic Cars",72.82,1452,105734.64,97.48,27,97.48
b,S24_2887,"Classic Cars",72.82,1452,105734.64,102.17,33,102.17
b,S24_2887,"Classic Cars",72.82,1452,105734.64,117.44,52,234.88
b,S24_2887,"Classic Cars",72.82,1452,105734.64,111.57,77,223.14
b,S24_2887,"Classic Cars",72.82,1452,105734.64,106.87,48,106.87
b,S24_2887,"Classic Cars",72.82,1452,105734.64,109.22,48,109.22
b,S24_2887,"Classic Cars",72.82,1452,105734.64,104.52,45,104.52
b,S24_2972,"Classic Cars",16.24,7723,125421.52,32.10,92,96.30
b,S24_2972,"Classic Cars",16.24,7723,125421.52,34.74,157,138.96
b,S24_2972,"Classic Cars",16.24,7723,125421.52,34.36,20,34.36
b,S24_2972,"Classic Cars",16.24,7723,125421.52,33.23,109,132.92
b,S24_2972,"Classic Cars",16.24,7723,125421.52,30.59,122,91.77
b,S24_2972,"Classic Cars",16.24,7723,125421.52,32.85,37,32.85
b,S24_2972,"Classic Cars",16.24,7723,125421.52,37.38,148,149.52
b,S24_2972,"Classic Cars",16.24,7723,125421.52,32.47,20,32.47
b,S24_2972,"Classic Cars",16.24,7723,125421.52,35.12,34,35.12
b,S24_2972,"Classic Cars",16.24,7723,125421.52,31.34,36,31.34
b,S24_2972,"Classic Cars",16.24,7723,125421.52,31.72,37,31.72
b,S24_2972,"Classic Cars",16.24,7723,125421.52,37.00,27,37.00
b,S24_2972,"Classic Cars",16.24,7723,125421.52,36.25,36,36.25
b,S24_2972,"Classic Cars",16.24,7723,125421.52,35.87,37,35.87
c,S24_3151,"Vintage Cars",46.91,9173,430305.43,73.46,99,146.92
c,S24_3151,"Vintage Cars",46.91,9173,430305.43,72.58,95,145.16
c,S24_3151,"Vintage Cars",46.91,9173,430305.43,81.43,41,81.43
c,S24_3151,"Vintage Cars",46.91,9173,430305.43,74.35,96,148.70
c,S24_3151,"Vintage Cars",46.91,9173,430305.43,75.23,31,75.23
c,S24_3151,"Vintage Cars",46.91,9173,430305.43,77.00,47,154.00
c,S24_3151,"Vintage Cars",46.91,9173,430305.43,79.66,67,159.32
c,S24_3151,"Vintage Cars",46.91,9173,430305.43,83.20,80,166.40
c,S24_3151,"Vintage Cars",46.91,9173,430305.43,80.54,54,161.08
c,S24_3151,"Vintage Cars",46.91,9173,430305.43,70.81,76,141.62
c,S24_3151,"Vintage Cars",46.91,9173,430305.43,85.85,30,85.85
c,S24_3151,"Vintage Cars",46.91,9173,430305.43,84.08,73,168.16
c,S24_3151,"Vintage Cars",46.91,9173,430305.43,76.12,31,76.12
c,S24_3151,"Vintage Cars",46.91,9173,430305.43,78.77,24,78.77
c,S24_3151,"Vintage Cars",46.91,9173,430305.43,86.74,71,173.48
c,S24_3151,"Vintage Cars",46.91,9173,430305.43,82.31,33,82.31
c,S24_3151,"Vintage Cars",46.91,9173,430305.43,71.69,43,71.69
b,S24_3191,"Classic Cars",50.51,4695,237144.45,80.47,51,160.94
b,S24_3191,"Classic Cars",50.51,4695,237144.45,76.19,83,152.38
b,S24_3191,"Classic Cars",50.51,4695,237144.45,77.05,141,308.20
b,S24_3191,"Classic Cars",50.51,4695,237144.45,71.91,31,71.91
b,S24_3191,"Classic Cars",50.51,4695,237144.45,72.77,20,72.77
b,S24_3191,"Classic Cars",50.51,4695,237144.45,77.91,96,233.73
b,S24_3191,"Classic Cars",50.51,4695,237144.45,73.62,33,73.62
b,S24_3191,"Classic Cars",50.51,4695,237144.45,69.34,100,208.02
b,S24_3191,"Classic Cars",50.51,4695,237144.45,84.75,40,84.75
b,S24_3191,"Classic Cars",50.51,4695,237144.45,78.76,73,157.52
b,S24_3191,"Classic Cars",50.51,4695,237144.45,83.90,44,83.90
b,S24_3191,"Classic Cars",50.51,4695,237144.45,74.48,48,74.48
b,S24_3191,"Classic Cars",50.51,4695,237144.45,85.61,25,85.61
b,S24_3191,"Classic Cars",50.51,4695,237144.45,81.33,39,81.33
b,S24_3191,"Classic Cars",50.51,4695,237144.45,83.04,46,83.04
b,S24_3371,"Classic Cars",38.58,7995,308447.10,60.01,78,120.02
b,S24_3371,"Classic Cars",38.58,7995,308447.10,50.82,58,101.64
b,S24_3371,"Classic Cars",38.58,7995,308447.10,52.05,79,156.15
b,S24_3371,"Classic Cars",38.58,7995,308447.10,48.98,30,48.98
b,S24_3371,"Classic Cars",38.58,7995,308447.10,49.60,50,49.60
b,S24_3371,"Classic Cars",38.58,7995,308447.10,53.27,131,159.81
b,S24_3371,"Classic Cars",38.58,7995,308447.10,54.49,23,54.49
b,S24_3371,"Classic Cars",38.58,7995,308447.10,56.94,34,56.94
b,S24_3371,"Classic Cars",38.58,7995,308447.10,52.66,149,157.98
b,S24_3371,"Classic Cars",38.58,7995,308447.10,51.43,70,102.86
b,S24_3371,"Classic Cars",38.58,7995,308447.10,53.88,47,53.88
b,S24_3371,"Classic Cars",38.58,7995,308447.10,56.33,47,56.33
b,S24_3371,"Classic Cars",38.58,7995,308447.10,58.17,40,116.34
b,S24_3371,"Classic Cars",38.58,7995,308447.10,50.21,38,50.21
b,S24_3371,"Classic Cars",38.58,7995,308447.10,60.62,70,121.24
b,S24_3371,"Classic Cars",38.58,7995,308447.10,55.11,25,55.11
c,S24_3420,"Vintage Cars",26.30,2902,76322.60,55.89,31,55.89
c,S24_3420,"Vintage Cars",26.30,2902,76322.60,63.12,20,63.12
c,S24_3420,"Vintage Cars",26.30,2902,76322.60,52.60,29,52.60
c,S24_3420,"Vintage Cars",26.30,2902,76322.60,59.83,111,239.32
c,S24_3420,"Vintage Cars",26.30,2902,76322.60,56.55,90,169.65
c,S24_3420,"Vintage Cars",26.30,2902,76322.60,64.44,54,128.88
c,S24_3420,"Vintage Cars",26.30,2902,76322.60,65.75,98,197.25
c,S24_3420,"Vintage Cars",26.30,2902,76322.60,61.81,27,61.81
c,S24_3420,"Vintage Cars",26.30,2902,76322.60,61.15,77,122.30
c,S24_3420,"Vintage Cars",26.30,2902,76322.60,65.09,49,130.18
c,S24_3420,"Vintage Cars",26.30,2902,76322.60,63.78,31,63.78
c,S24_3420,"Vintage Cars",26.30,2902,76322.60,55.23,47,55.23
c,S24_3420,"Vintage Cars",26.30,2902,76322.60,57.86,29,57.86
c,S24_3420,"Vintage Cars",26.30,2902,76322.60,53.92,84,107.84
c,S24_3420,"Vintage Cars",26.30,2902,76322.60,62.46,34,62.46
c,S24_3420,"Vintage Cars",26.30,2902,76322.60,54.57,35,54.57
c,S24_3420,"Vintage Cars",26.30,2902,76322.60,59.18,38,59.18
b,S24_3432,"Classic Cars",62.11,9446,586691.06,96.37,64,192.74
b,S24_3432,"Classic Cars",62.11,9446,586691.06,101.73,176,406.92
b,S24_3432,"Classic Cars",62.11,9446,586691.06,99.58,21,99.58
b,S24_3432,"Classic Cars",62.11,9446,586691.06,94.23,61,188.46
b,S24_3432,"Classic Cars",62.11,9446,586691.06,87.81,22,87.81
b,S24_3432,"Classic Cars",62.11,9446,586691.06,95.30,145,285.90
b,S24_3432,"Classic Cars",62.11,9446,586691.06,93.16,66,186.32
b,S24_3432,"Classic Cars",62.11,9446,586691.06,104.94,74,209.88
b,S24_3432,"Classic Cars",62.11,9446,586691.06,100.66,46,100.66
b,S24_3432,"Classic Cars",62.11,9446,586691.06,107.08,27,107.08
b,S24_3432,"Classic Cars",62.11,9446,586691.06,98.51,43,98.51
b,S24_3432,"Classic Cars",62.11,9446,586691.06,86.73,22,86.73
b,S24_3432,"Classic Cars",62.11,9446,586691.06,91.02,80,182.04
b,S24_3432,"Classic Cars",62.11,9446,586691.06,103.87,47,207.74
c,S24_3816,"Vintage Cars",48.64,6621,322045.44,75.47,72,150.94
c,S24_3816,"Vintage Cars",48.64,6621,322045.44,82.18,84,164.36
c,S24_3816,"Vintage Cars",48.64,6621,322045.44,76.31,87,152.62
c,S24_3816,"Vintage Cars",48.64,6621,322045.44,74.64,65,149.28
c,S24_3816,"Vintage Cars",48.64,6621,322045.44,73.80,29,73.80
c,S24_3816,"Vintage Cars",48.64,6621,322045.44,68.77,57,137.54
c,S24_3816,"Vintage Cars",48.64,6621,322045.44,67.93,22,67.93
c,S24_3816,"Vintage Cars",48.64,6621,322045.44,79.67,22,79.67
c,S24_3816,"Vintage Cars",48.64,6621,322045.44,77.99,83,155.98
c,S24_3816,"Vintage Cars",48.64,6621,322045.44,78.83,90,236.49
c,S24_3816,"Vintage Cars",48.64,6621,322045.44,83.02,45,166.04
c,S24_3816,"Vintage Cars",48.64,6621,322045.44,83.86,71,167.72
c,S24_3816,"Vintage Cars",48.64,6621,322045.44,77.15,83,231.45
c,S24_3816,"Vintage Cars",48.64,6621,322045.44,81.34,20,81.34
c,S24_3816,"Vintage Cars",48.64,6621,322045.44,72.96,93,145.92
b,S24_3856,"Classic Cars",98.30,6600,648780.00,132.00,40,132.00
b,S24_3856,"Classic Cars",98.30,6600,648780.00,136.22,68,272.44
b,S24_3856,"Classic Cars",98.30,6600,648780.00,139.03,113,417.09
b,S24_3856,"Classic Cars",98.30,6600,648780.00,123.58,23,123.58
b,S24_3856,"Classic Cars",98.30,6600,648780.00,130.60,109,391.80
b,S24_3856,"Classic Cars",98.30,6600,648780.00,122.17,75,244.34
b,S24_3856,"Classic Cars",98.30,6600,648780.00,112.34,157,337.02
b,S24_3856,"Classic Cars",98.30,6600,648780.00,140.43,47,140.43
b,S24_3856,"Classic Cars",98.30,6600,648780.00,117.96,49,117.96
b,S24_3856,"Classic Cars",98.30,6600,648780.00,133.41,29,133.41
b,S24_3856,"Classic Cars",98.30,6600,648780.00,115.15,39,115.15
b,S24_3856,"Classic Cars",98.30,6600,648780.00,119.37,24,119.37
b,S24_3856,"Classic Cars",98.30,6600,648780.00,137.62,94,412.86
b,S24_3856,"Classic Cars",98.30,6600,648780.00,113.75,31,113.75
b,S24_3856,"Classic Cars",98.30,6600,648780.00,129.20,33,129.20
b,S24_3856,"Classic Cars",98.30,6600,648780.00,134.81,45,134.81
b,S24_3856,"Classic Cars",98.30,6600,648780.00,127.79,76,127.79
a,S24_3949,Planes,29.34,6812,199864.08,55.96,197,279.80
a,S24_3949,Planes,29.34,6812,199864.08,62.10,67,124.20
a,S24_3949,Planes,29.34,6812,199864.08,54.59,50,54.59
a,S24_3949,Planes,29.34,6812,199864.08,58.69,92,117.38
a,S24_3949,Planes,29.34,6812,199864.08,57.32,72,114.64
a,S24_3949,Planes,29.34,6812,199864.08,64.15,30,64.15
a,S24_3949,Planes,29.34,6812,199864.08,65.51,64,131.02
a,S24_3949,Planes,29.34,6812,199864.08,56.64,70,113.28
a,S24_3949,Planes,29.34,6812,199864.08,55.27,81,110.54
a,S24_3949,Planes,29.34,6812,199864.08,61.42,66,122.84
a,S24_3949,Planes,29.34,6812,199864.08,58.00,84,116.00
a,S24_3949,Planes,29.34,6812,199864.08,63.46,32,63.46
a,S24_3949,Planes,29.34,6812,199864.08,67.56,30,67.56
a,S24_3949,Planes,29.34,6812,199864.08,68.24,34,68.24
a,S24_3949,Planes,29.34,6812,199864.08,59.37,64,59.37
a,S24_3949,Planes,29.34,6812,199864.08,64.83,18,64.83
c,S24_3969,"Vintage Cars",21.75,2081,45261.75,35.29,145,141.16
c,S24_3969,"Vintage Cars",21.75,2081,45261.75,36.11,46,36.11
c,S24_3969,"Vintage Cars",21.75,2081,45261.75,32.82,109,98.46
c,S24_3969,"Vintage Cars",21.75,2081,45261.75,38.57,92,115.71
c,S24_3969,"Vintage Cars",21.75,2081,45261.75,35.70,59,71.40
c,S24_3969,"Vintage Cars",21.75,2081,45261.75,34.88,89,104.64
c,S24_3969,"Vintage Cars",21.75,2081,45261.75,38.16,22,38.16
c,S24_3969,"Vintage Cars",21.75,2081,45261.75,36.52,92,73.04
c,S24_3969,"Vintage Cars",21.75,2081,45261.75,39.80,20,39.80
c,S24_3969,"Vintage Cars",21.75,2081,45261.75,37.75,63,75.50
c,S24_3969,"Vintage Cars",21.75,2081,45261.75,40.21,31,40.21
c,S24_3969,"Vintage Cars",21.75,2081,45261.75,34.47,41,34.47
c,S24_3969,"Vintage Cars",21.75,2081,45261.75,41.03,15,41.03
b,S24_4048,"Classic Cars",69.78,6582,459291.96,106.45,94,319.35
b,S24_4048,"Classic Cars",69.78,6582,459291.96,107.63,20,107.63
b,S24_4048,"Classic Cars",69.78,6582,459291.96,104.09,77,208.18
b,S24_4048,"Classic Cars",69.78,6582,459291.96,112.37,23,112.37
b,S24_4048,"Classic Cars",69.78,6582,459291.96,101.72,66,203.44
b,S24_4048,"Classic Cars",69.78,6582,459291.96,114.73,93,229.46
b,S24_4048,"Classic Cars",69.78,6582,459291.96,95.81,62,191.62
b,S24_4048,"Classic Cars",69.78,6582,459291.96,108.82,81,326.46
b,S24_4048,"Classic Cars",69.78,6582,459291.96,99.36,45,99.36
b,S24_4048,"Classic Cars",69.78,6582,459291.96,100.54,46,100.54
b,S24_4048,"Classic Cars",69.78,6582,459291.96,117.10,44,234.20
b,S24_4048,"Classic Cars",69.78,6582,459291.96,110.00,22,110.00
b,S24_4048,"Classic Cars",69.78,6582,459291.96,96.99,39,96.99
b,S24_4048,"Classic Cars",69.78,6582,459291.96,113.55,58,227.10
b,S24_4048,"Classic Cars",69.78,6582,459291.96,118.28,36,118.28
b,S24_4048,"Classic Cars",69.78,6582,459291.96,111.18,61,222.36
c,S24_4258,"Vintage Cars",57.46,4710,270636.60,88.62,99,265.86
c,S24_4258,"Vintage Cars",57.46,4710,270636.60,85.70,26,85.70
c,S24_4258,"Vintage Cars",57.46,4710,270636.60,83.76,79,167.52
c,S24_4258,"Vintage Cars",57.46,4710,270636.60,93.49,91,280.47
c,S24_4258,"Vintage Cars",57.46,4710,270636.60,90.57,20,90.57
c,S24_4258,"Vintage Cars",57.46,4710,270636.60,96.42,86,192.84
c,S24_4258,"Vintage Cars",57.46,4710,270636.60,81.81,93,163.62
c,S24_4258,"Vintage Cars",57.46,4710,270636.60,92.52,20,92.52
c,S24_4258,"Vintage Cars",57.46,4710,270636.60,95.44,203,477.20
c,S24_4258,"Vintage Cars",57.46,4710,270636.60,94.47,39,94.47
c,S24_4258,"Vintage Cars",57.46,4710,270636.60,84.73,33,84.73
c,S24_4258,"Vintage Cars",57.46,4710,270636.60,97.39,73,194.78
c,S24_4258,"Vintage Cars",57.46,4710,270636.60,79.86,21,79.86
c,S24_4258,"Vintage Cars",57.46,4710,270636.60,80.83,33,80.83
c,S24_4258,"Vintage Cars",57.46,4710,270636.60,82.78,39,82.78
c,S24_4258,"Vintage Cars",57.46,4710,270636.60,78.89,28,78.89
a,S24_4278,Planes,36.23,2756,99849.88,71.00,26,71.00
a,S24_4278,Planes,36.23,2756,99849.88,71.73,179,358.65
a,S24_4278,Planes,36.23,2756,99849.88,61.58,46,61.58
a,S24_4278,Planes,36.23,2756,99849.88,66.65,81,199.95
a,S24_4278,Planes,36.23,2756,99849.88,68.10,111,204.30
a,S24_4278,Planes,36.23,2756,99849.88,64.48,33,64.48
a,S24_4278,Planes,36.23,2756,99849.88,70.28,87,140.56
a,S24_4278,Planes,36.23,2756,99849.88,63.03,40,63.03
a,S24_4278,Planes,36.23,2756,99849.88,72.45,37,72.45
a,S24_4278,Planes,36.23,2756,99849.88,59.41,24,59.41
a,S24_4278,Planes,36.23,2756,99849.88,67.38,27,67.38
a,S24_4278,Planes,36.23,2756,99849.88,69.55,113,208.65
a,S24_4278,Planes,36.23,2756,99849.88,63.76,40,63.76
a,S24_4278,Planes,36.23,2756,99849.88,68.83,25,68.83
a,S24_4278,Planes,36.23,2756,99849.88,60.13,43,60.13
a,S24_4278,Planes,36.23,2756,99849.88,65.93,97,131.86
b,S24_4620,"Classic Cars",32.33,7869,254404.77,67.10,108,201.30
b,S24_4620,"Classic Cars",32.33,7869,254404.77,76.80,53,153.60
b,S24_4620,"Classic Cars",32.33,7869,254404.77,72.76,31,72.76
b,S24_4620,"Classic Cars",32.33,7869,254404.77,80.84,86,242.52
b,S24_4620,"Classic Cars",32.33,7869,254404.77,77.61,114,232.83
b,S24_4620,"Classic Cars",32.33,7869,254404.77,68.71,28,68.71
b,S24_4620,"Classic Cars",32.33,7869,254404.77,75.18,174,300.72
b,S24_4620,"Classic Cars",32.33,7869,254404.77,67.91,22,67.91
b,S24_4620,"Classic Cars",32.33,7869,254404.77,69.52,38,69.52
b,S24_4620,"Classic Cars",32.33,7869,254404.77,79.22,40,79.22
b,S24_4620,"Classic Cars",32.33,7869,254404.77,66.29,72,198.87
b,S24_4620,"Classic Cars",32.33,7869,254404.77,78.41,43,78.41
b,S24_4620,"Classic Cars",32.33,7869,254404.77,70.33,41,70.33
b,S24_4620,"Classic Cars",32.33,7869,254404.77,75.99,43,75.99
b,S24_4620,"Classic Cars",32.33,7869,254404.77,65.48,48,65.48
d,S32_1268,"Trucks and Buses",53.93,5099,274989.07,92.46,31,92.46
d,S32_1268,"Trucks and Buses",53.93,5099,274989.07,88.61,32,88.61
d,S32_1268,"Trucks and Buses",53.93,5099,274989.07,82.83,136,331.32
d,S32_1268,"Trucks and Buses",53.93,5099,274989.07,87.64,26,87.64
d,S32_1268,"Trucks and Buses",53.93,5099,274989.07,84.75,160,339.00
d,S32_1268,"Trucks and Buses",53.93,5099,274989.07,91.49,44,182.98
d,S32_1268,"Trucks and Buses",53.93,5099,274989.07,89.57,22,89.57
d,S32_1268,"Trucks and Buses",53.93,5099,274989.07,77.05,81,154.10
d,S32_1268,"Trucks and Buses",53.93,5099,274989.07,78.97,46,157.94
d,S32_1268,"Trucks and Buses",53.93,5099,274989.07,81.86,37,81.86
d,S32_1268,"Trucks and Buses",53.93,5099,274989.07,95.35,45,95.35
d,S32_1268,"Trucks and Buses",53.93,5099,274989.07,93.42,32,93.42
d,S32_1268,"Trucks and Buses",53.93,5099,274989.07,80.90,29,80.90
d,S32_1268,"Trucks and Buses",53.93,5099,274989.07,94.38,28,94.38
d,S32_1268,"Trucks and Buses",53.93,5099,274989.07,96.31,27,96.31
d,S32_1268,"Trucks and Buses",53.93,5099,274989.07,90.53,42,90.53
d,S32_1268,"Trucks and Buses",53.93,5099,274989.07,85.72,26,85.72
d,S32_1268,"Trucks and Buses",53.93,5099,274989.07,78.01,26,78.01
d,S32_1268,"Trucks and Buses",53.93,5099,274989.07,83.79,41,83.79
a,S32_1374,Motorcycles,66.92,178,11911.76,88.90,46,177.80
a,S32_1374,Motorcycles,66.92,178,11911.76,94.90,22,94.90
a,S32_1374,Motorcycles,66.92,178,11911.76,80.91,103,242.73
a,S32_1374,Motorcycles,66.92,178,11911.76,99.89,88,299.67
a,S32_1374,Motorcycles,66.92,178,11911.76,83.91,34,83.91
a,S32_1374,Motorcycles,66.92,178,11911.76,89.90,51,179.80
a,S32_1374,Motorcycles,66.92,178,11911.76,86.90,136,260.70
a,S32_1374,Motorcycles,66.92,178,11911.76,81.91,140,245.73
a,S32_1374,Motorcycles,66.92,178,11911.76,84.91,46,84.91
a,S32_1374,Motorcycles,66.92,178,11911.76,90.90,62,181.80
a,S32_1374,Motorcycles,66.92,178,11911.76,93.90,31,93.90
a,S32_1374,Motorcycles,66.92,178,11911.76,82.91,37,82.91
a,S32_1374,Motorcycles,66.92,178,11911.76,95.89,55,95.89
a,S32_1374,Motorcycles,66.92,178,11911.76,92.90,50,92.90
a,S32_1374,Motorcycles,66.92,178,11911.76,87.90,37,87.90
a,S32_1374,Motorcycles,66.92,178,11911.76,79.91,44,79.91
a,S32_1374,Motorcycles,66.92,178,11911.76,97.89,32,97.89
a,S32_2206,Motorcycles,24.14,9241,223077.74,36.21,87,108.63
a,S32_2206,Motorcycles,24.14,9241,223077.74,33.79,31,33.79
a,S32_2206,Motorcycles,24.14,9241,223077.74,38.62,115,115.86
a,S32_2206,Motorcycles,24.14,9241,223077.74,39.43,66,78.86
a,S32_2206,Motorcycles,24.14,9241,223077.74,37.01,69,74.02
a,S32_2206,Motorcycles,24.14,9241,223077.74,33.39,89,100.17
a,S32_2206,Motorcycles,24.14,9241,223077.74,39.83,41,39.83
a,S32_2206,Motorcycles,24.14,9241,223077.74,35.00,55,70.00
a,S32_2206,Motorcycles,24.14,9241,223077.74,39.02,61,78.04
a,S32_2206,Motorcycles,24.14,9241,223077.74,35.40,27,35.40
a,S32_2206,Motorcycles,24.14,9241,223077.74,36.61,80,73.22
a,S32_2206,Motorcycles,24.14,9241,223077.74,37.41,29,37.41
a,S32_2206,Motorcycles,24.14,9241,223077.74,32.99,38,32.99
a,S32_2206,Motorcycles,24.14,9241,223077.74,38.22,48,38.22
a,S32_2206,Motorcycles,24.14,9241,223077.74,35.80,70,71.60
d,S32_2509,"Trucks and Buses",25.98,2874,74666.52,51.95,129,207.80
d,S32_2509,"Trucks and Buses",25.98,2874,74666.52,43.83,28,43.83
d,S32_2509,"Trucks and Buses",25.98,2874,74666.52,46.53,45,46.53
d,S32_2509,"Trucks and Buses",25.98,2874,74666.52,53.03,24,53.03
d,S32_2509,"Trucks and Buses",25.98,2874,74666.52,43.29,41,43.29
d,S32_2509,"Trucks and Buses",25.98,2874,74666.52,50.86,117,152.58
d,S32_2509,"Trucks and Buses",25.98,2874,74666.52,52.49,33,52.49
d,S32_2509,"Trucks and Buses",25.98,2874,74666.52,47.62,35,47.62
d,S32_2509,"Trucks and Buses",25.98,2874,74666.52,49.78,63,99.56
d,S32_2509,"Trucks and Buses",25.98,2874,74666.52,45.45,71,90.90
d,S32_2509,"Trucks and Buses",25.98,2874,74666.52,45.99,40,45.99
d,S32_2509,"Trucks and Buses",25.98,2874,74666.52,44.91,31,44.91
d,S32_2509,"Trucks and Buses",25.98,2874,74666.52,54.11,50,54.11
d,S32_2509,"Trucks and Buses",25.98,2874,74666.52,48.70,78,97.40
d,S32_2509,"Trucks and Buses",25.98,2874,74666.52,44.37,91,133.11
d,S32_2509,"Trucks and Buses",25.98,2874,74666.52,53.57,32,53.57
d,S32_2509,"Trucks and Buses",25.98,2874,74666.52,47.08,36,47.08
d,S32_2509,"Trucks and Buses",25.98,2874,74666.52,50.32,11,50.32
d,S32_3207,Trains,26.72,8601,229818.72,56.55,118,169.65
d,S32_3207,Trains,26.72,8601,229818.72,60.28,73,120.56
d,S32_3207,Trains,26.72,8601,229818.72,60.90,71,121.80
d,S32_3207,Trains,26.72,8601,229818.72,57.17,33,57.17
d,S32_3207,Trains,26.72,8601,229818.72,55.30,144,221.20
d,S32_3207,Trains,26.72,8601,229818.72,62.14,44,124.28
d,S32_3207,Trains,26.72,8601,229818.72,59.03,158,236.12
d,S32_3207,Trains,26.72,8601,229818.72,49.71,20,49.71
d,S32_3207,Trains,26.72,8601,229818.72,58.41,75,116.82
d,S32_3207,Trains,26.72,8601,229818.72,51.58,36,51.58
d,S32_3207,Trains,26.72,8601,229818.72,59.65,31,59.65
d,S32_3207,Trains,26.72,8601,229818.72,61.52,27,61.52
d,S32_3207,Trains,26.72,8601,229818.72,53.44,30,53.44
d,S32_3207,Trains,26.72,8601,229818.72,55.93,74,111.86
d,S32_3522,"Trucks and Buses",33.61,814,27358.54,63.35,76,126.70
d,S32_3522,"Trucks and Buses",33.61,814,27358.54,58.82,23,58.82
d,S32_3522,"Trucks and Buses",33.61,814,27358.54,62.05,136,248.20
d,S32_3522,"Trucks and Buses",33.61,814,27358.54,57.53,97,115.06
d,S32_3522,"Trucks and Buses",33.61,814,27358.54,56.24,68,112.48
d,S32_3522,"Trucks and Buses",33.61,814,27358.54,52.36,136,209.44
d,S32_3522,"Trucks and Buses",33.61,814,27358.54,61.41,39,61.41
d,S32_3522,"Trucks and Buses",33.61,814,27358.54,54.94,124,164.82
d,S32_3522,"Trucks and Buses",33.61,814,27358.54,62.70,51,125.40
d,S32_3522,"Trucks and Buses",33.61,814,27358.54,59.47,36,59.47
d,S32_3522,"Trucks and Buses",33.61,814,27358.54,53.00,32,53.00
d,S32_3522,"Trucks and Buses",33.61,814,27358.54,55.59,34,55.59
d,S32_3522,"Trucks and Buses",33.61,814,27358.54,60.76,75,121.52
d,S32_3522,"Trucks and Buses",33.61,814,27358.54,51.71,36,51.71
d,S32_3522,"Trucks and Buses",33.61,814,27358.54,63.99,25,63.99
c,S32_4289,"Vintage Cars",33.02,136,4490.72,65.35,60,130.70
c,S32_4289,"Vintage Cars",33.02,136,4490.72,68.79,29,68.79
c,S32_4289,"Vintage Cars",33.02,136,4490.72,67.41,88,134.82
c,S32_4289,"Vintage Cars",33.02,136,4490.72,56.41,97,169.23
c,S32_4289,"Vintage Cars",33.02,136,4490.72,57.78,31,57.78
c,S32_4289,"Vintage Cars",33.02,136,4490.72,63.97,64,127.94
c,S32_4289,"Vintage Cars",33.02,136,4490.72,61.22,77,122.44
c,S32_4289,"Vintage Cars",33.02,136,4490.72,57.10,63,114.20
c,S32_4289,"Vintage Cars",33.02,136,4490.72,66.73,54,133.46
c,S32_4289,"Vintage Cars",33.02,136,4490.72,62.60,112,125.20
c,S32_4289,"Vintage Cars",33.02,136,4490.72,58.47,63,116.94
c,S32_4289,"Vintage Cars",33.02,136,4490.72,60.54,72,121.08
c,S32_4289,"Vintage Cars",33.02,136,4490.72,63.29,28,63.29
c,S32_4289,"Vintage Cars",33.02,136,4490.72,59.16,24,59.16
c,S32_4289,"Vintage Cars",33.02,136,4490.72,68.10,66,136.20
c,S32_4289,"Vintage Cars",33.02,136,4490.72,59.85,44,59.85
a,S32_4485,Motorcycles,56.13,3341,187530.33,87.76,31,87.76
a,S32_4485,Motorcycles,56.13,3341,187530.33,95.93,83,287.79
a,S32_4485,Motorcycles,56.13,3341,187530.33,91.85,30,91.85
a,S32_4485,Motorcycles,56.13,3341,187530.33,86.74,23,86.74
a,S32_4485,Motorcycles,56.13,3341,187530.33,83.68,34,83.68
a,S32_4485,Motorcycles,56.13,3341,187530.33,102.05,22,102.05
a,S32_4485,Motorcycles,56.13,3341,187530.33,89.80,42,89.80
a,S32_4485,Motorcycles,56.13,3341,187530.33,81.64,31,81.64
a,S32_4485,Motorcycles,56.13,3341,187530.33,94.91,132,379.64
a,S32_4485,Motorcycles,56.13,3341,187530.33,93.89,115,281.67
a,S32_4485,Motorcycles,56.13,3341,187530.33,100.01,142,400.04
a,S32_4485,Motorcycles,56.13,3341,187530.33,84.70,38,84.70
a,S32_4485,Motorcycles,56.13,3341,187530.33,96.95,63,193.90
a,S32_4485,Motorcycles,56.13,3341,187530.33,82.66,22,82.66
a,S32_4485,Motorcycles,56.13,3341,187530.33,101.03,45,101.03
a,S32_4485,Motorcycles,56.13,3341,187530.33,88.78,45,88.78
c,S50_1341,"Vintage Cars",27.06,7062,191097.72,35.78,194,178.90
c,S50_1341,"Vintage Cars",27.06,7062,191097.72,41.46,105,82.92
c,S50_1341,"Vintage Cars",27.06,7062,191097.72,37.09,155,148.36
c,S50_1341,"Vintage Cars",27.06,7062,191097.72,34.91,34,34.91
c,S50_1341,"Vintage Cars",27.06,7062,191097.72,43.64,20,43.64
c,S50_1341,"Vintage Cars",27.06,7062,191097.72,39.71,126,119.13
c,S50_1341,"Vintage Cars",27.06,7062,191097.72,43.20,77,86.40
c,S50_1341,"Vintage Cars",27.06,7062,191097.72,37.97,29,37.97
c,S50_1341,"Vintage Cars",27.06,7062,191097.72,41.02,94,123.06
c,S50_1341,"Vintage Cars",27.06,7062,191097.72,36.66,70,73.32
c,S50_1341,"Vintage Cars",27.06,7062,191097.72,40.15,38,40.15
c,S50_1341,"Vintage Cars",27.06,7062,191097.72,42.33,34,42.33
c,S50_1341,"Vintage Cars",27.06,7062,191097.72,36.22,49,36.22
c,S50_1341,"Vintage Cars",27.06,7062,191097.72,38.84,49,38.84
d,S50_1392,"Trucks and Buses",68.29,1016,69382.64,114.59,71,229.18
d,S50_1392,"Trucks and Buses",68.29,1016,69382.64,100.70,61,201.40
d,S50_1392,"Trucks and Buses",68.29,1016,69382.64,111.12,46,111.12
d,S50_1392,"Trucks and Buses",68.29,1016,69382.64,94.92,91,284.76
d,S50_1392,"Trucks and Buses",68.29,1016,69382.64,108.81,26,108.81
d,S50_1392,"Trucks and Buses",68.29,1016,69382.64,106.49,76,212.98
d,S50_1392,"Trucks and Buses",68.29,1016,69382.64,109.96,88,329.88
d,S50_1392,"Trucks and Buses",68.29,1016,69382.64,92.60,82,185.20
d,S50_1392,"Trucks and Buses",68.29,1016,69382.64,97.23,97,194.46
d,S50_1392,"Trucks and Buses",68.29,1016,69382.64,113.44,63,226.88
d,S50_1392,"Trucks and Buses",68.29,1016,69382.64,105.33,55,210.66
d,S50_1392,"Trucks and Buses",68.29,1016,69382.64,93.76,34,93.76
d,S50_1392,"Trucks and Buses",68.29,1016,69382.64,115.75,28,115.75
d,S50_1392,"Trucks and Buses",68.29,1016,69382.64,99.55,84,199.10
d,S50_1392,"Trucks and Buses",68.29,1016,69382.64,104.18,31,104.18
d,S50_1392,"Trucks and Buses",68.29,1016,69382.64,98.39,46,98.39
d,S50_1514,Trains,37.49,1645,61671.05,53.31,114,159.93
d,S50_1514,Trains,37.49,1645,61671.05,55.65,67,111.30
d,S50_1514,Trains,37.49,1645,61671.05,56.24,144,224.96
d,S50_1514,Trains,37.49,1645,61671.05,49.21,38,49.21
d,S50_1514,Trains,37.49,1645,61671.05,52.14,38,52.14
d,S50_1514,Trains,37.49,1645,61671.05,46.86,20,46.86
d,S50_1514,Trains,37.49,1645,61671.05,56.82,144,227.28
d,S50_1514,Trains,37.49,1645,61671.05,57.99,75,115.98
d,S50_1514,Trains,37.49,1645,61671.05,57.41,43,57.41
d,S50_1514,Trains,37.49,1645,61671.05,51.55,83,103.10
d,S50_1514,Trains,37.49,1645,61671.05,53.89,43,53.89
d,S50_1514,Trains,37.49,1645,61671.05,49.79,35,49.79
d,S50_1514,Trains,37.49,1645,61671.05,50.38,38,50.38
d,S50_1514,Trains,37.49,1645,61671.05,54.48,21,54.48
d,S50_1514,Trains,37.49,1645,61671.05,47.45,25,47.45
d,S50_1514,Trains,37.49,1645,61671.05,48.62,38,48.62
a,S50_4713,Motorcycles,34.17,600,20502.00,74.85,55,149.70
a,S50_4713,Motorcycles,34.17,600,20502.00,72.41,132,217.23
a,S50_4713,Motorcycles,34.17,600,20502.00,78.92,64,157.84
a,S50_4713,Motorcycles,34.17,600,20502.00,73.22,38,73.22
a,S50_4713,Motorcycles,34.17,600,20502.00,78.11,95,234.33
a,S50_4713,Motorcycles,34.17,600,20502.00,75.66,48,75.66
a,S50_4713,Motorcycles,34.17,600,20502.00,67.53,108,202.59
a,S50_4713,Motorcycles,34.17,600,20502.00,79.73,85,159.46
a,S50_4713,Motorcycles,34.17,600,20502.00,70.78,40,70.78
a,S50_4713,Motorcycles,34.17,600,20502.00,81.36,72,162.72
a,S50_4713,Motorcycles,34.17,600,20502.00,76.48,39,76.48
a,S50_4713,Motorcycles,34.17,600,20502.00,77.29,44,77.29
a,S50_4713,Motorcycles,34.17,600,20502.00,74.04,48,148.08
a,S50_4713,Motorcycles,34.17,600,20502.00,68.34,44,68.34
a,S50_4713,Motorcycles,34.17,600,20502.00,69.16,49,69.16
a,S50_4713,Motorcycles,34.17,600,20502.00,65.09,31,65.09
d,S700_1138,Ships,34.00,1897,64498.00,54.00,41,54.00
d,S700_1138,Ships,34.00,1897,64498.00,57.34,25,57.34
d,S700_1138,Ships,34.00,1897,64498.00,58.67,86,176.01
d,S700_1138,Ships,34.00,1897,64498.00,55.34,41,55.34
d,S700_1138,Ships,34.00,1897,64498.00,58.00,87,116.00
d,S700_1138,Ships,34.00,1897,64498.00,66.00,136,264.00
d,S700_1138,Ships,34.00,1897,64498.00,64.67,53,129.34
d,S700_1138,Ships,34.00,1897,64498.00,60.00,23,60.00
d,S700_1138,Ships,34.00,1897,64498.00,56.67,38,56.67
d,S700_1138,Ships,34.00,1897,64498.00,64.00,34,64.00
d,S700_1138,Ships,34.00,1897,64498.00,62.00,172,310.00
d,S700_1138,Ships,34.00,1897,64498.00,61.34,50,61.34
d,S700_1138,Ships,34.00,1897,64498.00,60.67,80,121.34
d,S700_1138,Ships,34.00,1897,64498.00,53.34,22,53.34
d,S700_1138,Ships,34.00,1897,64498.00,56.00,46,56.00
a,S700_1691,Planes,51.15,5841,298767.15,91.34,137,365.36
a,S700_1691,Planes,51.15,5841,298767.15,76.73,24,76.73
a,S700_1691,Planes,51.15,5841,298767.15,86.77,73,173.54
a,S700_1691,Planes,51.15,5841,298767.15,77.64,59,155.28
a,S700_1691,Planes,51.15,5841,298767.15,75.81,65,151.62
a,S700_1691,Planes,51.15,5841,298767.15,84.95,34,84.95
a,S700_1691,Planes,51.15,5841,298767.15,81.29,48,81.29
a,S700_1691,Planes,51.15,5841,298767.15,87.69,85,263.07
a,S700_1691,Planes,51.15,5841,298767.15,84.03,52,168.06
a,S700_1691,Planes,51.15,5841,298767.15,88.60,68,265.80
a,S700_1691,Planes,51.15,5841,298767.15,85.86,32,85.86
a,S700_1691,Planes,51.15,5841,298767.15,73.07,60,146.14
a,S700_1691,Planes,51.15,5841,298767.15,74.90,80,149.80
a,S700_1691,Planes,51.15,5841,298767.15,73.99,30,73.99
a,S700_1691,Planes,51.15,5841,298767.15,78.55,47,78.55
d,S700_1938,Ships,43.30,737,31912.10,86.61,55,173.22
d,S700_1938,Ships,43.30,737,31912.10,75.35,38,75.35
d,S700_1938,Ships,43.30,737,31912.10,72.75,32,72.75
d,S700_1938,Ships,43.30,737,31912.10,77.08,43,77.08
d,S700_1938,Ships,43.30,737,31912.10,80.55,64,161.10
d,S700_1938,Ships,43.30,737,31912.10,76.22,57,152.44
d,S700_1938,Ships,43.30,737,31912.10,77.95,124,311.80
d,S700_1938,Ships,43.30,737,31912.10,79.68,50,159.36
d,S700_1938,Ships,43.30,737,31912.10,84.88,76,169.76
d,S700_1938,Ships,43.30,737,31912.10,73.62,114,220.86
d,S700_1938,Ships,43.30,737,31912.10,69.29,55,138.58
d,S700_1938,Ships,43.30,737,31912.10,81.41,40,81.41
d,S700_1938,Ships,43.30,737,31912.10,83.15,23,83.15
d,S700_1938,Ships,43.30,737,31912.10,74.48,78,148.96
d,S700_1938,Ships,43.30,737,31912.10,71.02,49,71.02
d,S700_2047,Ships,39.83,3501,139444.83,85.09,59,170.18
d,S700_2047,Ships,39.83,3501,139444.83,74.23,49,148.46
d,S700_2047,Ships,39.83,3501,139444.83,76.94,54,153.88
d,S700_2047,Ships,39.83,3501,139444.83,87.80,55,175.60
d,S700_2047,Ships,39.83,3501,139444.83,89.61,66,179.22
d,S700_2047,Ships,39.83,3501,139444.83,86.90,89,173.80
d,S700_2047,Ships,39.83,3501,139444.83,80.56,50,161.12
d,S700_2047,Ships,39.83,3501,139444.83,78.75,24,78.75
d,S700_2047,Ships,39.83,3501,139444.83,90.52,33,90.52
d,S700_2047,Ships,39.83,3501,139444.83,83.28,73,166.56
d,S700_2047,Ships,39.83,3501,139444.83,85.99,64,171.98
d,S700_2047,Ships,39.83,3501,139444.83,75.13,124,300.52
d,S700_2047,Ships,39.83,3501,139444.83,81.47,34,81.47
d,S700_2047,Ships,39.83,3501,139444.83,73.32,77,146.64
d,S700_2047,Ships,39.83,3501,139444.83,82.37,46,82.37
a,S700_2466,Planes,68.80,9653,664126.40,99.72,34,99.72
a,S700_2466,Planes,68.80,9653,664126.40,81.77,112,245.31
a,S700_2466,Planes,68.80,9653,664126.40,86.76,40,86.76
a,S700_2466,Planes,68.80,9653,664126.40,79.78,26,79.78
a,S700_2466,Planes,68.80,9653,664126.40,87.75,100,263.25
a,S700_2466,Planes,68.80,9653,664126.40,91.74,48,183.48
a,S700_2466,Planes,68.80,9653,664126.40,95.73,126,287.19
a,S700_2466,Planes,68.80,9653,664126.40,94.73,75,189.46
a,S700_2466,Planes,68.80,9653,664126.40,93.74,26,93.74
a,S700_2466,Planes,68.80,9653,664126.40,90.75,109,272.25
a,S700_2466,Planes,68.80,9653,664126.40,92.74,38,92.74
a,S700_2466,Planes,68.80,9653,664126.40,82.77,39,82.77
a,S700_2466,Planes,68.80,9653,664126.40,96.73,24,96.73
a,S700_2466,Planes,68.80,9653,664126.40,88.75,35,88.75
a,S700_2466,Planes,68.80,9653,664126.40,85.76,23,85.76
a,S700_2466,Planes,68.80,9653,664126.40,98.72,107,197.44
a,S700_2466,Planes,68.80,9653,664126.40,84.76,22,84.76
d,S700_2610,Ships,33.97,7083,240609.51,60.72,31,60.72
d,S700_2610,Ships,33.97,7083,240609.51,67.22,123,201.66
d,S700_2610,Ships,33.97,7083,240609.51,72.28,45,72.28
d,S700_2610,Ships,33.97,7083,240609.51,69.39,140,277.56
d,S700_2610,Ships,33.97,7083,240609.51,59.27,36,59.27
d,S700_2610,Ships,33.97,7083,240609.51,62.16,139,186.48
d,S700_2610,Ships,33.97,7083,240609.51,64.33,32,64.33
d,S700_2610,Ships,33.97,7083,240609.51,61.44,70,122.88
d,S700_2610,Ships,33.97,7083,240609.51,66.50,50,66.50
d,S700_2610,Ships,33.97,7083,240609.51,63.61,46,63.61
d,S700_2610,Ships,33.97,7083,240609.51,67.94,29,67.94
d,S700_2610,Ships,33.97,7083,240609.51,58.55,44,58.55
d,S700_2610,Ships,33.97,7083,240609.51,57.82,42,57.82
d,S700_2610,Ships,33.97,7083,240609.51,68.67,76,137.34
d,S700_2610,Ships,33.97,7083,240609.51,71.56,44,71.56
d,S700_2610,Ships,33.97,7083,240609.51,65.05,21,65.05
d,S700_2610,Ships,33.97,7083,240609.51,70.11,30,70.11
d,S700_2610,Ships,33.97,7083,240609.51,62.88,22,62.88
b,S700_2824,"Classic Cars",46.53,6934,322639.02,94.07,88,188.14
b,S700_2824,"Classic Cars",46.53,6934,322639.02,82.94,42,82.94
b,S700_2824,"Classic Cars",46.53,6934,322639.02,97.10,45,97.10
b,S700_2824,"Classic Cars",46.53,6934,322639.02,101.15,116,303.45
b,S700_2824,"Classic Cars",46.53,6934,322639.02,95.08,20,95.08
b,S700_2824,"Classic Cars",46.53,6934,322639.02,86.99,112,260.97
b,S700_2824,"Classic Cars",46.53,6934,322639.02,80.92,142,323.68
b,S700_2824,"Classic Cars",46.53,6934,322639.02,85.98,96,257.94
b,S700_2824,"Classic Cars",46.53,6934,322639.02,89.01,94,267.03
b,S700_2824,"Classic Cars",46.53,6934,322639.02,90.02,31,90.02
b,S700_2824,"Classic Cars",46.53,6934,322639.02,91.04,50,91.04
b,S700_2824,"Classic Cars",46.53,6934,322639.02,81.93,44,81.93
b,S700_2824,"Classic Cars",46.53,6934,322639.02,96.09,30,96.09
b,S700_2824,"Classic Cars",46.53,6934,322639.02,100.14,32,100.14
b,S700_2824,"Classic Cars",46.53,6934,322639.02,83.95,55,167.90
a,S700_2834,Planes,59.33,7106,421598.98,113.90,81,341.70
a,S700_2834,Planes,59.33,7106,421598.98,106.79,24,106.79
a,S700_2834,Planes,59.33,7106,421598.98,115.09,66,230.18
a,S700_2834,Planes,59.33,7106,421598.98,109.16,48,109.16
a,S700_2834,Planes,59.33,7106,421598.98,94.92,36,94.92
a,S700_2834,Planes,59.33,7106,421598.98,98.48,237,689.36
a,S700_2834,Planes,59.33,7106,421598.98,96.11,50,192.22
a,S700_2834,Planes,59.33,7106,421598.98,116.28,25,116.28
a,S700_2834,Planes,59.33,7106,421598.98,117.46,80,234.92
a,S700_2834,Planes,59.33,7106,421598.98,102.04,166,408.16
a,S700_2834,Planes,59.33,7106,421598.98,111.53,85,223.06
a,S700_2834,Planes,59.33,7106,421598.98,100.85,31,100.85
a,S700_2834,Planes,59.33,7106,421598.98,107.97,44,107.97
a,S700_3167,Planes,54.40,551,29974.40,76.00,88,152.00
a,S700_3167,Planes,54.40,551,29974.40,72.00,168,288.00
a,S700_3167,Planes,54.40,551,29974.40,80.00,75,160.00
a,S700_3167,Planes,54.40,551,29974.40,70.40,100,211.20
a,S700_3167,Planes,54.40,551,29974.40,76.80,116,230.40
a,S700_3167,Planes,54.40,551,29974.40,64.00,31,64.00
a,S700_3167,Planes,54.40,551,29974.40,79.20,47,158.40
a,S700_3167,Planes,54.40,551,29974.40,73.60,109,147.20
a,S700_3167,Planes,54.40,551,29974.40,64.80,27,64.80
a,S700_3167,Planes,54.40,551,29974.40,68.00,57,136.00
a,S700_3167,Planes,54.40,551,29974.40,74.40,65,148.80
a,S700_3167,Planes,54.40,551,29974.40,77.60,48,77.60
a,S700_3167,Planes,54.40,551,29974.40,71.20,33,71.20
a,S700_3167,Planes,54.40,551,29974.40,69.60,44,69.60
a,S700_3167,Planes,54.40,551,29974.40,65.60,39,65.60
d,S700_3505,Ships,51.09,1956,99932.04,92.16,60,184.32
d,S700_3505,Ships,51.09,1956,99932.04,86.15,132,258.45
d,S700_3505,Ships,51.09,1956,99932.04,90.15,42,90.15
d,S700_3505,Ships,51.09,1956,99932.04,87.15,81,174.30
d,S700_3505,Ships,51.09,1956,99932.04,85.14,67,170.28
d,S700_3505,Ships,51.09,1956,99932.04,88.15,66,176.30
d,S700_3505,Ships,51.09,1956,99932.04,99.17,100,297.51
d,S700_3505,Ships,51.09,1956,99932.04,100.17,27,100.17
d,S700_3505,Ships,51.09,1956,99932.04,95.16,37,95.16
d,S700_3505,Ships,51.09,1956,99932.04,84.14,127,336.56
d,S700_3505,Ships,51.09,1956,99932.04,89.15,25,89.15
d,S700_3505,Ships,51.09,1956,99932.04,91.15,40,91.15
d,S700_3505,Ships,51.09,1956,99932.04,93.16,34,93.16
d,S700_3505,Ships,51.09,1956,99932.04,83.14,80,166.28
d,S700_3505,Ships,51.09,1956,99932.04,94.16,34,94.16
d,S700_3962,Ships,53.63,5088,272869.44,99.31,22,99.31
d,S700_3962,Ships,53.63,5088,272869.44,89.38,71,178.76
d,S700_3962,Ships,53.63,5088,272869.44,94.34,30,94.34
d,S700_3962,Ships,53.63,5088,272869.44,91.37,38,91.37
d,S700_3962,Ships,53.63,5088,272869.44,85.41,58,170.82
d,S700_3962,Ships,53.63,5088,272869.44,83.42,162,417.10
d,S700_3962,Ships,53.63,5088,272869.44,93.35,22,93.35
d,S700_3962,Ships,53.63,5088,272869.44,88.39,122,265.17
d,S700_3962,Ships,53.63,5088,272869.44,95.34,33,95.34
d,S700_3962,Ships,53.63,5088,272869.44,81.43,66,162.86
d,S700_3962,Ships,53.63,5088,272869.44,92.36,66,184.72
d,S700_3962,Ships,53.63,5088,272869.44,98.32,45,98.32
d,S700_3962,Ships,53.63,5088,272869.44,87.39,30,87.39
d,S700_3962,Ships,53.63,5088,272869.44,97.32,25,97.32
d,S700_3962,Ships,53.63,5088,272869.44,80.44,66,160.88
d,S700_3962,Ships,53.63,5088,272869.44,84.41,40,84.41
a,S700_4002,Planes,36.27,8820,319901.40,70.33,170,281.32
a,S700_4002,Planes,36.27,8820,319901.40,63.67,95,191.01
a,S700_4002,Planes,36.27,8820,319901.40,65.15,34,65.15
a,S700_4002,Planes,36.27,8820,319901.40,67.37,39,67.37
a,S700_4002,Planes,36.27,8820,319901.40,68.11,134,204.33
a,S700_4002,Planes,36.27,8820,319901.40,74.03,40,74.03
a,S700_4002,Planes,36.27,8820,319901.40,60.70,42,60.70
a,S700_4002,Planes,36.27,8820,319901.40,66.63,133,199.89
a,S700_4002,Planes,36.27,8820,319901.40,65.89,38,65.89
a,S700_4002,Planes,36.27,8820,319901.40,64.41,35,64.41
a,S700_4002,Planes,36.27,8820,319901.40,59.96,31,59.96
a,S700_4002,Planes,36.27,8820,319901.40,73.29,32,73.29
a,S700_4002,Planes,36.27,8820,319901.40,61.44,47,61.44
a,S700_4002,Planes,36.27,8820,319901.40,62.93,39,62.93
a,S700_4002,Planes,36.27,8820,319901.40,69.59,39,69.59
a,S700_4002,Planes,36.27,8820,319901.40,62.19,93,186.57
a,S700_4002,Planes,36.27,8820,319901.40,59.22,44,59.22
a,S72_1253,Planes,32.77,4857,159163.89,43.70,82,87.40
a,S72_1253,Planes,32.77,4857,159163.89,40.22,49,80.44
a,S72_1253,Planes,32.77,4857,159163.89,49.66,96,148.98
a,S72_1253,Planes,32.77,4857,159163.89,49.16,66,98.32
a,S72_1253,Planes,32.77,4857,159163.89,42.71,68,85.42
a,S72_1253,Planes,32.77,4857,159163.89,41.71,86,125.13
a,S72_1253,Planes,32.77,4857,159163.89,39.73,29,39.73
a,S72_1253,Planes,32.77,4857,159163.89,44.20,107,132.60
a,S72_1253,Planes,32.77,4857,159163.89,45.19,31,45.19
a,S72_1253,Planes,32.77,4857,159163.89,45.69,40,45.69
a,S72_1253,Planes,32.77,4857,159163.89,41.22,121,123.66
a,S72_1253,Planes,32.77,4857,159163.89,46.68,21,46.68
a,S72_1253,Planes,32.77,4857,159163.89,46.18,49,46.18
a,S72_1253,Planes,32.77,4857,159163.89,47.67,73,95.34
a,S72_1253,Planes,32.77,4857,159163.89,43.20,42,43.20
d,S72_3212,Ships,33.30,414,13786.20,44.77,25,44.77
d,S72_3212,Ships,33.30,414,13786.20,52.42,93,104.84
d,S72_3212,Ships,33.30,414,13786.20,44.23,32,44.23
d,S72_3212,Ships,33.30,414,13786.20,46.96,39,46.96
d,S72_3212,Ships,33.30,414,13786.20,51.87,50,51.87
d,S72_3212,Ships,33.30,414,13786.20,43.68,67,87.36
d,S72_3212,Ships,33.30,414,13786.20,52.96,74,105.92
d,S72_3212,Ships,33.30,414,13786.20,47.50,28,47.50
d,S72_3212,Ships,33.30,414,13786.20,48.59,102,145.77
d,S72_3212,Ships,33.30,414,13786.20,48.05,163,240.25
d,S72_3212,Ships,33.30,414,13786.20,53.51,23,53.51
d,S72_3212,Ships,33.30,414,13786.20,51.32,109,153.96
d,S72_3212,Ships,33.30,414,13786.20,49.14,75,98.28
d,S72_3212,Ships,33.30,414,13786.20,54.05,31,54.05
d,S72_3212,Ships,33.30,414,13786.20,54.60,47,54.60
